suburb_name,state,lat,lon,postcode
ABBEYARD,VIC,-37.024958,146.793662,3737.0
ABBEYARD,VIC,-37.024958,146.793662,3737.0
ABBOTSFORD,VIC,-37.803638,145.000039,3067.0
ABERFELDIE,VIC,-37.759842,144.896948,3040.0
ABERFELDY,VIC,-37.702165,146.379031,3825.0
ACHERON,VIC,-37.270457,145.708368,3714.0
ADA,VIC,-37.84071,145.855289,3833.0
ADAMS ESTATE,VIC,-38.424761,145.531464,3984.0
ADAMS ESTATE,VIC,-38.424761,145.531464,3984.0
ADDINGTON,VIC,-37.393119,143.668571,3352.0
ADELAIDE LEAD,VIC,-37.085538,143.669329,3465.0
ADELAIDE LEAD,VIC,-37.085538,143.669329,3465.0
AGNES,VIC,-38.684697,146.396234,3962.0
AINTREE,VIC,-37.71899,144.668422,3336.0
AIRE VALLEY,VIC,-38.692913,143.562705,3237.0
AIREYS INLET,VIC,-38.437968,144.09766,3231.0
AIRLY,VIC,-38.028437,147.10002,3851.0
AIRPORT WEST,VIC,-37.722848,144.880426,3042.0
ALBACUTYA,VIC,-35.738345,141.968211,3424.0
ALBANVALE,VIC,-37.7459,144.769106,3021.0
ALBERT PARK,VIC,-37.845361,144.951604,3206.0
ALBERT PARK,VIC,-37.845361,144.951604,3206.0
ALBERTON,VIC,-38.615952,146.662914,3971.0
ALBERTON,VIC,-38.615952,146.662914,3971.0
ALBERTON WEST,VIC,-38.600792,146.575608,3971.0
ALBERTON WEST,VIC,-38.600792,146.575608,3971.0
ALBERTON WEST,VIC,-38.600792,146.575608,3971.0
ALBION,VIC,-37.775736,144.815508,3020.0
ALEXANDRA,VIC,-37.196602,145.736062,3714.0
ALFREDTON,VIC,-37.554286,143.800346,3350.0
ALLAMBEE,VIC,-38.297813,146.017898,3823.0
ALLAMBEE RESERVE,VIC,-38.304502,146.052064,3871.0
ALLAMBEE RESERVE,VIC,-38.304502,146.052064,3871.0
ALLAMBEE SOUTH,VIC,-38.353631,146.101731,3871.0
ALLAMBEE SOUTH,VIC,-38.353631,146.101731,3871.0
ALLANS FLAT,VIC,-36.295648,146.943489,3691.0
ALLANS FLAT,VIC,-36.295648,146.943489,3691.0
ALLANSFORD,VIC,-38.403984,142.596333,3277.0
ALLANSFORD,VIC,-38.403984,142.596333,3277.0
ALLENDALE,VIC,-37.364063,143.912287,3364.0
ALLESTREE,VIC,-38.273778,141.648666,3305.0
ALMA,VIC,-37.022806,143.676144,3465.0
ALMONDS,VIC,-36.234102,146.056036,3727.0
ALMURTA,VIC,-38.455196,145.580309,3979.0
ALPHINGTON,VIC,-37.778102,145.030103,3078.0
ALTONA,VIC,-37.863243,144.815323,3018.0
ALTONA MEADOWS,VIC,-37.879529,144.78203,3028.0
ALTONA MEADOWS,VIC,-37.879529,144.78203,3028.0
ALTONA MEADOWS,VIC,-37.879529,144.78203,3028.0
ALTONA MEADOWS,VIC,-37.879529,144.78203,3028.0
ALTONA MEADOWS,VIC,-37.879529,144.78203,3028.0
ALTONA NORTH,VIC,-37.838329,144.831809,3025.0
ALTONA NORTH,VIC,-37.838329,144.831809,3025.0
ALVIE,VIC,-38.236612,143.494361,3249.0
AMHERST,VIC,-37.139833,143.656545,3371.0
AMOR,VIC,-37.939783,146.404639,3825.0
AMPHITHEATRE,VIC,-37.200489,143.405568,3468.0
ANAKIE,VIC,-37.941322,144.29193,3213.0
ANCONA,VIC,-36.966854,145.813795,3715.0
ANDERSON,VIC,-38.52319,145.448363,3995.0
ANGLERS REST,VIC,-37.018814,147.472209,3898.0
ANGLESEA,VIC,-38.37847,144.153663,3230.0
ANNUELLO,VIC,-34.855276,142.800879,3549.0
ANTWERP,VIC,-36.269491,141.975447,3414.0
APOLLO BAY,VIC,-38.736125,143.640526,3233.0
APPIN,VIC,-35.875059,143.873916,3579.0
APPIN SOUTH,VIC,-35.926624,143.8649,3579.0
APPIN SOUTH,VIC,-35.926624,143.8649,3579.0
APSLEY,VIC,-36.981527,141.087987,3319.0
ARAPILES,VIC,-36.741192,141.849287,3409.0
ARARAT,VIC,-37.266069,142.983321,3377.0
ARAWATA,VIC,-38.39537,145.882409,3951.0
ARBUCKLE,VIC,-37.369513,146.819243,3858.0
ARCADIA,VIC,-36.555542,145.385575,3631.0
ARCADIA SOUTH,VIC,-36.595523,145.380527,3631.0
ARCADIA SOUTH,VIC,-36.595523,145.380527,3631.0
ARCHDALE,VIC,-36.834928,143.511691,3475.0
ARCHDALE JUNCTION,VIC,-36.887429,143.52381,3475.0
ARCHDALE JUNCTION,VIC,-36.887429,143.52381,3475.0
ARCHERTON,VIC,-36.869872,146.194005,3723.0
ARCHERTON,VIC,-36.869872,146.194005,3723.0
ARCHIES CREEK,VIC,-38.548851,145.564978,3995.0
ARDEER,VIC,-37.775671,144.800936,3022.0
ARDMONA,VIC,-36.3824,145.295409,3629.0
AREEGRA,VIC,-36.235716,142.679919,3480.0
ARGYLE,VIC,-36.967014,144.715041,3523.0
ARMADALE,VIC,-37.857712,145.019491,3143.0
ARMSTRONG,VIC,-37.214048,142.882229,3377.0
ARMSTRONG CREEK,VIC,-38.235815,144.363022,3217.0
ARMSTRONG CREEK,VIC,-38.235815,144.363022,3217.0
ARNOLD,VIC,-36.672146,143.858318,3551.0
ARNOLD WEST,VIC,-36.66924,143.777124,3551.0
ARNOLD WEST,VIC,-36.66924,143.777124,3551.0
ARTHURS CREEK,VIC,-37.567846,145.204857,3099.0
ARTHURS SEAT,VIC,-38.360618,144.959731,3936.0
ASCOT,VIC,-36.707041,144.336459,3364.0
ASCOT,VIC,-36.707041,144.336459,3551.0
ASCOT,VIC,-37.397226,143.81161,3364.0
ASCOT,VIC,-37.397226,143.81161,3551.0
ASCOT VALE,VIC,-37.779811,144.922715,3032.0
ASCOT VALE,VIC,-37.779811,144.922715,3032.0
ASHBOURNE,VIC,-37.411634,144.460362,3442.0
ASHBURTON,VIC,-37.867026,145.078151,3147.0
ASHWOOD,VIC,-37.865485,145.102546,3147.0
ASPENDALE,VIC,-38.022411,145.103601,3195.0
ASPENDALE GARDENS,VIC,-38.023463,145.123486,3195.0
ASPENDALE GARDENS,VIC,-38.023463,145.123486,3195.0
ATHLONE,VIC,-38.24341,145.78687,3818.0
ATTWOOD,VIC,-37.667178,144.88252,3049.0
AUBREY,VIC,-36.230445,142.21919,3393.0
AUCHMORE,VIC,-36.476914,144.092191,3570.0
AVALON,VIC,-38.048859,144.447075,3212.0
AVENEL,VIC,-36.93217,145.312966,3664.0
AVOCA,VIC,-37.069055,143.479821,3467.0
AVON PLAINS,VIC,-36.535918,142.940547,3477.0
AVON PLAINS,VIC,-36.535918,142.940547,3477.0
AVONDALE HEIGHTS,VIC,-37.762861,144.863025,3034.0
AVONDALE HEIGHTS,VIC,-37.762861,144.863025,3034.0
AVONDALE HEIGHTS,VIC,-37.762861,144.863025,3034.0
AVONMORE,VIC,-36.534845,144.541474,3559.0
AVONMORE,VIC,-36.534845,144.541474,3559.0
AVONSLEIGH,VIC,-37.913736,145.482198,3782.0
AVONSLEIGH,VIC,-37.913736,145.482198,3782.0
AXE CREEK,VIC,-36.861464,144.385119,3551.0
AXEDALE,VIC,-36.772841,144.531174,3551.0
AYRFORD,VIC,-38.435725,142.853491,3268.0
AYRFORD,VIC,-38.435725,142.853491,3268.0
BACCHUS MARSH,VIC,-37.678364,144.441015,3340.0
BADDAGINNIE,VIC,-36.602444,145.859811,3670.0
BADGER CREEK,VIC,-37.688289,145.543365,3777.0
BAEL BAEL,VIC,-35.684358,143.737059,3579.0
BAGSHOT,VIC,-36.654324,144.402907,3551.0
BAGSHOT NORTH,VIC,-36.588636,144.410851,3551.0
BAGSHOT NORTH,VIC,-36.588636,144.410851,3551.0
BAHGALLAH,VIC,-37.702661,141.28301,3312.0
BAILIESTON,VIC,-36.753346,145.084332,3608.0
BAIRNSDALE,VIC,-37.853256,147.603903,3875.0
BAKERY HILL,VIC,-37.563106,143.865998,3350.0
BAKERY HILL,VIC,-37.563106,143.865998,3354.0
BALACLAVA,VIC,-37.870524,144.994834,3183.0
BALD HILLS,VIC,-37.446347,143.838309,3364.0
BALINTORE,VIC,-38.281937,143.569738,3249.0
BALLAN,VIC,-37.603859,144.214495,3342.0
BALLANGEICH,VIC,-38.186156,142.61344,3279.0
BALLANGEICH,VIC,-38.186156,142.61344,3279.0
BALLAPUR,VIC,-35.975184,142.747885,3483.0
BALLARAT CENTRAL,VIC,-37.559382,143.850481,3350.0
BALLARAT CENTRAL,VIC,-37.559382,143.850481,3350.0
BALLARAT EAST,VIC,-37.564329,143.897037,3350.0
BALLARAT EAST,VIC,-37.564329,143.897037,3350.0
BALLARAT NORTH,VIC,-37.537399,143.864867,3350.0
BALLARAT NORTH,VIC,-37.537399,143.864867,3350.0
BALLENDELLA,VIC,-36.293249,144.674641,3561.0
BALLIANG,VIC,-37.820042,144.358442,3340.0
BALLIANG EAST,VIC,-37.8186,144.44374,3340.0
BALLIANG EAST,VIC,-37.8186,144.44374,3340.0
BALLYROGAN,VIC,-37.431561,143.114593,3375.0
BALMATTUM,VIC,-36.710904,145.656206,3666.0
BALMORAL,VIC,-37.216476,141.835,3407.0
BALNARRING,VIC,-38.355467,145.127099,3926.0
BALNARRING BEACH,VIC,-38.391343,145.121047,3926.0
BALNARRING BEACH,VIC,-38.391343,145.121047,3926.0
BALOOK,VIC,-38.425087,146.551335,3971.0
BALWYN,VIC,-37.809681,145.087372,3103.0
BALWYN NORTH,VIC,-37.790822,145.084601,3104.0
BALWYN NORTH,VIC,-37.790822,145.084601,3104.0
BAMAWM,VIC,-36.263787,144.635318,3561.0
BAMAWM EXTENSION,VIC,-36.176089,144.600332,3564.0
BAMAWM EXTENSION,VIC,-36.176089,144.600332,3564.0
BAMBRA,VIC,-38.361746,143.949143,3241.0
BAMGANIE,VIC,-37.939586,144.009363,3333.0
BANDIANA,VIC,-36.131086,146.937215,3691.0
BANGERANG,VIC,-36.191191,142.581469,3393.0
BANGHOLME,VIC,-38.046634,145.175897,3175.0
BANKSIA PENINSULA,VIC,-37.949778,147.681587,3875.0
BANKSIA PENINSULA,VIC,-37.949778,147.681587,3875.0
BANKSIA PENINSULA,VIC,-37.949778,147.681587,3875.0
BANNERTON,VIC,-34.737629,142.79858,3549.0
BANNOCKBURN,VIC,-38.049779,144.159426,3331.0
BANYAN,VIC,-35.614256,142.788281,3485.0
BANYAN,VIC,-35.614256,142.788281,3485.0
BANYENA,VIC,-36.58854,142.842313,3388.0
BARANDUDA,VIC,-36.184719,146.951,3691.0
BARANDUDA,VIC,-36.184719,146.951,3691.0
BARFOLD,VIC,-37.10355,144.500553,3444.0
BARINGHUP,VIC,-36.975841,143.968624,3463.0
BARINGHUP WEST,VIC,-36.957672,143.902984,3463.0
BARINGHUP WEST,VIC,-36.957672,143.902984,3463.0
BARJARG,VIC,-36.921182,146.007452,3723.0
BARKERS CREEK,VIC,-37.023043,144.224986,3451.0
BARKLY,VIC,-36.943078,143.218954,3384.0
BARKSTEAD,VIC,-37.477656,144.099242,3364.0
BARMAH,VIC,-35.950028,144.988942,3639.0
BARNADOWN,VIC,-36.65004,144.52644,3557.0
BARNADOWN,VIC,-36.65004,144.52644,3557.0
BARNAWARTHA,VIC,-36.081006,146.683338,3688.0
BARNAWARTHA,VIC,-36.081006,146.683338,3688.0
BARNAWARTHA NORTH,VIC,-36.076857,146.750937,3691.0
BARNAWARTHA NORTH,VIC,-36.076857,146.750937,3691.0
BARNAWARTHA NORTH,VIC,-36.076857,146.750937,3691.0
BAROMI,VIC,-38.403615,146.175422,3871.0
BARONGAROOK,VIC,-38.43132,143.614617,3249.0
BARONGAROOK WEST,VIC,-38.43132,143.539988,3249.0
BARONGAROOK WEST,VIC,-38.43132,143.539988,3249.0
BARRABOOL,VIC,-38.165983,144.225918,3221.0
BARRAKEE,VIC,-36.266567,143.448723,3525.0
BARRAMUNGA,VIC,-38.58229,143.716537,3249.0
BARRAPORT,VIC,-35.992703,143.655648,3537.0
BARRAPORT WEST,VIC,-36.018349,143.55302,3537.0
BARRAPORT WEST,VIC,-36.018349,143.55302,3537.0
BARRYS REEF,VIC,-37.454589,144.312456,3458.0
BARRYS REEF,VIC,-37.454589,144.312456,3458.0
BARUNAH PARK,VIC,-38.013062,143.822815,3329.0
BARUNAH PLAINS,VIC,-38.048204,143.768928,3329.0
BARWIDGEE,VIC,-36.511867,146.780491,3737.0
BARWITE,VIC,-37.010165,146.224163,3722.0
BARWON DOWNS,VIC,-38.507711,143.783699,3243.0
BARWON DOWNS,VIC,-38.507711,143.783699,3243.0
BARWON HEADS,VIC,-38.273629,144.488629,3227.0
BARWON HEADS,VIC,-38.273629,144.488629,3227.0
BASALT,VIC,-37.308636,144.105362,3460.0
BASS,VIC,-38.47806,145.4707,3991.0
BATESFORD,VIC,-38.091241,144.277933,3213.0
BATHUMI,VIC,-36.025024,146.085132,3730.0
BAW BAW,VIC,-37.837635,146.322705,3833.0
BAW BAW VILLAGE,VIC,-37.843924,146.256778,3833.0
BAW BAW VILLAGE,VIC,-37.843924,146.256778,3833.0
BAXTER,VIC,-38.197834,145.155668,3911.0
BAYINDEEN,VIC,-37.303344,143.183044,3375.0
BAYLES,VIC,-38.177274,145.575968,3981.0
BAYNTON,VIC,-37.13767,144.649638,3444.0
BAYNTON EAST,VIC,-37.123426,144.712929,3444.0
BAYNTON EAST,VIC,-37.123426,144.712929,3444.0
BAYSWATER,VIC,-37.846288,145.266207,3153.0
BAYSWATER NORTH,VIC,-37.825587,145.284074,3153.0
BAYSWATER NORTH,VIC,-37.825587,145.284074,3153.0
BEACONSFIELD,VIC,-38.039649,145.38067,3807.0
BEACONSFIELD,VIC,-38.039649,145.38067,3807.0
BEACONSFIELD UPPER,VIC,-37.998515,145.425413,3808.0
BEACONSFIELD UPPER,VIC,-37.998515,145.425413,3808.0
BEACONSFIELD UPPER,VIC,-37.998515,145.425413,3808.0
BEALIBA,VIC,-36.768749,143.556519,3475.0
BEARII,VIC,-35.884416,145.342491,3641.0
BEARS LAGOON,VIC,-36.338335,143.951255,3517.0
BEAUCHAMP,VIC,-35.639419,143.617262,3579.0
BEAUFORT,VIC,-37.440317,143.337474,3373.0
BEAUMARIS,VIC,-37.983593,145.038215,3193.0
BEAZLEYS BRIDGE,VIC,-36.708698,143.147234,3477.0
BEEAC,VIC,-38.178487,143.63311,3251.0
BEECH FOREST,VIC,-38.635699,143.602265,3237.0
BEECH FOREST,VIC,-38.635699,143.602265,3237.0
BEECHWORTH,VIC,-36.3339,146.672807,3747.0
BEENAK,VIC,-37.900395,145.636513,3139.0
BELGRAVE,VIC,-37.91207,145.353896,3160.0
BELGRAVE HEIGHTS,VIC,-37.92582,145.343365,3160.0
BELGRAVE HEIGHTS,VIC,-37.92582,145.343365,3160.0
BELGRAVE SOUTH,VIC,-37.942173,145.355816,3160.0
BELGRAVE SOUTH,VIC,-37.942173,145.355816,3160.0
BELL PARK,VIC,-38.10622,144.33836,3215.0
BELL PARK,VIC,-38.10622,144.33836,3215.0
BELL POST HILL,VIC,-38.096313,144.319746,3215.0
BELL POST HILL,VIC,-38.096313,144.319746,3215.0
BELLARINE,VIC,-38.132016,144.622072,3223.0
BELLARINE,VIC,-38.132016,144.622072,3223.0
BELLBIRD CREEK,VIC,-37.63576,148.816494,3889.0
BELLBIRD CREEK,VIC,-37.63576,148.816494,3889.0
BELLBIRD CREEK,VIC,-37.63576,148.816494,3889.0
BELLBRAE,VIC,-38.343492,144.242344,3228.0
BELLBRAE,VIC,-38.343492,144.242344,3228.0
BELLBRIDGE,VIC,-36.098171,147.058598,3691.0
BELLBRIDGE,VIC,-36.098171,147.058598,3691.0
BELLELLEN,VIC,-37.135436,142.693903,3381.0
BELLELLEN,VIC,-37.135436,142.693903,3381.0
BELLFIELD,VIC,-37.752947,145.038729,3081.0
BELLFIELD,VIC,-37.752947,145.038729,3381.0
BELLFIELD,VIC,-37.752947,145.038729,3081.0
BELLFIELD,VIC,-37.752947,145.038729,3381.0
BELLFIELD,VIC,-37.227637,142.484082,3081.0
BELLFIELD,VIC,-37.227637,142.484082,3381.0
BELLFIELD,VIC,-37.227637,142.484082,3081.0
BELLFIELD,VIC,-37.227637,142.484082,3381.0
BELLS BEACH,VIC,-38.376987,144.251847,3228.0
BELLS BEACH,VIC,-38.376987,144.251847,3228.0
BELMONT,VIC,-38.18005,144.343888,3216.0
BEMM RIVER,VIC,-37.716558,148.928705,3889.0
BENA,VIC,-38.432368,145.740002,3946.0
BENALLA,VIC,-36.570733,145.991051,3671.0
BENALLA,VIC,-36.570733,145.991051,3672.0
BENALLA,VIC,-36.570733,145.991051,3671.0
BENALLA,VIC,-36.570733,145.991051,3672.0
BENAMBRA,VIC,-36.889163,147.801706,3900.0
BENAMBRA,VIC,-36.889163,147.801706,3900.0
BENAYEO,VIC,-36.842536,141.04283,3319.0
BENAYEO,VIC,-36.842536,141.04283,3319.0
BEND OF ISLANDS,VIC,-37.700496,145.277841,3097.0
BEND OF ISLANDS,VIC,-37.700496,145.277841,3097.0
BENDIGO,VIC,-36.755474,144.280868,3550.0
BENDIGO,VIC,-36.755474,144.280868,3552.0
BENDOC,VIC,-37.18859,148.89081,3888.0
BENGWORDEN,VIC,-37.97442,147.439196,3875.0
BENJEROOP,VIC,-35.49035,143.840869,3579.0
BENLOCH,VIC,-37.201265,144.675511,3435.0
BENNISON,VIC,-38.66616,146.269166,3960.0
BENTLEIGH,VIC,-37.922781,145.037811,3204.0
BENTLEIGH EAST,VIC,-37.922227,145.066912,3165.0
BENTLEIGH EAST,VIC,-37.922227,145.066912,3165.0
BENWERRIN,VIC,-38.491342,143.895686,3235.0
BEREMBOKE,VIC,-37.787938,144.217977,3342.0
BERRIMAL,VIC,-36.49819,143.475647,3518.0
BERRIMAL,VIC,-36.49819,143.475647,3518.0
BERRIMAL,VIC,-36.49819,143.475647,3518.0
BERRINGA,VIC,-37.771399,143.668992,3351.0
BERRINGA,VIC,-37.771399,143.668992,3351.0
BERRINGAMA,VIC,-36.198212,147.651824,3691.0
BERRINGAMA,VIC,-36.198212,147.651824,3691.0
BERRINGAMA,VIC,-36.198212,147.651824,3691.0
BERRIWILLOCK,VIC,-35.644363,142.961112,3531.0
BERRIWILLOCK,VIC,-35.644363,142.961112,3531.0
BERRYBANK,VIC,-37.969202,143.501777,3323.0
BERRYBANK,VIC,-37.969202,143.501777,3323.0
BERRYS CREEK,VIC,-38.41276,146.067908,3953.0
BERRYS CREEK,VIC,-38.41276,146.067908,3953.0
BERWICK,VIC,-38.042064,145.344298,3806.0
BESSIEBELLE,VIC,-38.149336,141.931294,3304.0
BET BET,VIC,-36.923698,143.749725,3472.0
BETE BOLONG,VIC,-37.688337,148.297236,3888.0
BETE BOLONG NORTH,VIC,-37.595611,148.293903,3888.0
BETE BOLONG NORTH,VIC,-37.595611,148.293903,3888.0
BETHANGA,VIC,-36.151958,147.116253,3691.0
BETLEY,VIC,-36.917726,143.794426,3472.0
BEULAH,VIC,-35.921568,142.420058,3395.0
BEVERFORD,VIC,-35.221575,143.479464,3590.0
BEVERIDGE,VIC,-37.475602,144.974244,3753.0
BIG DESERT,VIC,-35.641709,141.480128,3490.0
BIG HILL,VIC,-36.836486,144.232217,3231.0
BIG HILL,VIC,-36.836486,144.232217,3555.0
BIG HILL,VIC,-38.479458,144.00921,3231.0
BIG HILL,VIC,-38.479458,144.00921,3555.0
BIG PATS CREEK,VIC,-37.767596,145.760023,3799.0
BIGGARA,VIC,-36.342073,148.012304,3707.0
BIGGARA,VIC,-36.342073,148.012304,3707.0
BILLABONG,VIC,-37.251516,146.816983,3858.0
BIMBOURIE,VIC,-35.335426,142.762513,3533.0
BINDI,VIC,-37.109622,147.845054,3896.0
BINDI,VIC,-37.109622,147.845054,3896.0
BINGINWARRI,VIC,-38.59424,146.448101,3966.0
BINGO MUNJIE,VIC,-37.007756,147.562958,3898.0
BIRCHIP,VIC,-35.998626,142.924516,3483.0
BIRCHIP WEST,VIC,-36.015928,142.81565,3483.0
BIRCHIP WEST,VIC,-36.015928,142.81565,3483.0
BIRDWOODTON,VIC,-34.199689,142.068618,3505.0
BIRDWOODTON,VIC,-34.199689,142.068618,3505.0
BIRREGURRA,VIC,-38.34292,143.823507,3242.0
BITTERN,VIC,-38.338317,145.174837,3918.0
BLACK HILL,VIC,-37.549855,143.873257,3350.0
BLACK RANGE,VIC,-37.132773,142.765853,
BLACK ROCK,VIC,-37.973476,145.024347,
BLACKBURN,VIC,-37.821482,145.151009,
BLACKBURN NORTH,VIC,-37.804702,145.155322,
BLACKBURN SOUTH,VIC,-37.839684,145.147005,
BLACKHEATH,VIC,-36.481354,142.286202,
BLACKWARRY,VIC,-38.413089,146.617009,
BLACKWOOD,VIC,-37.488816,144.286908,
BLAIRGOWRIE,VIC,-38.370648,144.773556,
BLAKEVILLE,VIC,-37.477582,144.208097,
BLAMPIED,VIC,-37.352088,144.02191,
BLIND BIGHT,VIC,-38.214496,145.334643,
BLOWHARD,VIC,-37.429004,143.787751,
BO PEEP,VIC,-37.545554,143.666137,
BOBINAWARRAH,VIC,-36.536086,146.489471,
BOCHARA,VIC,-37.69033,141.900819,
BOGONG,VIC,-36.796948,147.221549,
BOHO,VIC,-36.66863,145.795879,
BOHO SOUTH,VIC,-36.772774,145.827126,
BOIGBEAT,VIC,-35.561491,142.957227,
BOINKA,VIC,-35.157515,141.588695,
BOISDALE,VIC,-37.856375,146.96545,
BOLANGUM,VIC,-36.71538,142.998082,
BOLINDA,VIC,-37.438338,144.779558,
BOLTON,VIC,-34.959754,142.937539,
BOLWARRA,VIC,-38.280574,141.603715,
BOLWARRAH,VIC,-37.509503,144.107991,
BONA VISTA,VIC,-38.206719,145.969225,3820.0
BONANG,VIC,-37.148893,148.64785,
BONBEACH,VIC,-38.062998,145.127938,
BONEGILLA,VIC,-36.144418,146.985556,
BONEO,VIC,-38.408331,144.901819,
BONN,VIC,-36.413066,144.718296,
BONNIE BROOK,VIC,-37.700239,144.677095,
BONNIE DOON,VIC,-37.013997,145.864775,3720.0
BONSHAW,VIC,-37.603773,143.81349,
BOOKAAR,VIC,-38.110734,143.080816,
BOOLA,VIC,-38.051943,146.466802,
BOOLARONG,VIC,-38.565654,146.258962,
BOOLARRA,VIC,-38.382282,146.277389,
BOOLARRA SOUTH,VIC,-38.462552,146.306786,
BOOLE POOLE,VIC,-37.923353,147.820676,
BOOLITE,VIC,-36.340983,142.681683,
BOOMAHNOOMOONAH,VIC,-36.123892,146.099174,
BOONAH,VIC,-38.427583,143.983782,
BOORCAN,VIC,-38.22207,143.028662,
BOORHAMAN,VIC,-36.229331,146.321414,
BOORHAMAN EAST,VIC,-36.164437,146.334754,
BOORHAMAN NORTH,VIC,-36.102938,146.250374,
BOOROLITE,VIC,-37.15964,146.20494,
BOOROOL,VIC,-38.451538,146.055705,
BOORT,VIC,-36.123555,143.741931,
BOOSEY,VIC,-36.048053,145.795782,
BORALMA,VIC,-36.236339,146.406774,
BORNES HILL,VIC,-37.529484,142.489865,
BORONIA,VIC,-37.853818,145.289567,
BORUNG,VIC,-36.287499,143.776463,
BOSTOCKS CREEK,VIC,-38.301871,143.117548,
BOTANIC RIDGE,VIC,-38.135935,145.254264,
BOUNDARY BEND,VIC,-34.72981,143.098047,
BOWENVALE,VIC,-37.004665,143.701727,
BOWEYA,VIC,-36.276854,146.115238,
BOWEYA NORTH,VIC,-36.234418,146.106009,
BOWMANS FOREST,VIC,-36.469921,146.623425,3735.0
BOWSER,VIC,-36.309321,146.362051,
BOX HILL,VIC,-37.821321,145.126127,
BOX HILL NORTH,VIC,-37.805906,145.129092,
BOX HILL SOUTH,VIC,-37.836063,145.123475,
BOXWOOD,VIC,-36.320949,145.806204,
BRADFORD,VIC,-36.921688,144.059758,
BRADVALE,VIC,-37.794795,143.365663,
BRAESIDE,VIC,-38.001989,145.12373,
BRANDY CREEK,VIC,-38.103691,145.915179,
BRANXHOLME,VIC,-37.843087,141.809552,
BRAVINGTON,VIC,-38.082492,145.923126,
BRAYBROOK,VIC,-37.784634,144.855553,
BREAKAWAY CREEK,VIC,-38.032768,141.83025,
BREAKWATER,VIC,-38.177189,144.37412,
BREAMLEA,VIC,-38.294182,144.387504,
BRENANAH,VIC,-36.566824,143.715289,
BREWSTER,VIC,-37.496176,143.529398,
BRIAGOLONG,VIC,-37.809555,147.085089,
BRIAR HILL,VIC,-37.70607,145.123544,
BRIDGE CREEK,VIC,-36.904028,146.102942,
BRIDGEWATER,VIC,-36.638127,143.942774,
BRIDGEWATER NORTH,VIC,-36.549376,144.006231,
BRIDGEWATER ON LODDON,VIC,-36.602091,143.939056,
BRIGHT,VIC,-36.702772,147.044084,
BRIGHTON,VIC,-37.908028,144.994701,
BRIGHTON EAST,VIC,-37.916461,145.015175,
BRIM,VIC,-36.072228,142.443808,
BRIMBOAL,VIC,-37.394377,141.406604,
BRIMIN,VIC,-36.051905,146.260022,
BRIMPAEN,VIC,-37.063362,142.19676,
BRINGALBERT,VIC,-36.840992,141.157194,
BRIT BRIT,VIC,-37.408786,141.73451,
BROADFORD,VIC,-37.215565,145.053345,
BROADLANDS,VIC,-37.859476,147.690206,
BROADMEADOWS,VIC,-37.678898,144.928256,
BROADWATER,VIC,-38.121545,142.061859,
BRODRIBB RIVER,VIC,-37.697617,148.589933,
BROKEN CREEK,VIC,-36.434688,145.882534,
BROMLEY,VIC,-36.886915,143.787527,
BROOKFIELD,VIC,-37.701062,144.541364,
BROOKLYN,VIC,-37.814132,144.84183,
BROOKVILLE,VIC,-37.351962,147.648933,
BROOMFIELD,VIC,-37.384986,143.90634,
BROUGHTON,VIC,-36.154565,141.316148,
BROWN HILL,VIC,-37.546524,143.915566,
BROWNS PLAINS,VIC,-36.035223,146.627126,
BRUARONG,VIC,-36.419993,146.870749,
BRUCKNELL,VIC,-38.459369,142.903874,
BRUMBY,VIC,-37.019373,148.03964,
BRUNSWICK,VIC,-37.766736,144.960983,
BRUNSWICK EAST,VIC,-37.768475,144.978097,
BRUNSWICK WEST,VIC,-37.76393,144.944159,
BRUTHEN,VIC,-37.707665,147.853675,
BUANGOR,VIC,-37.384802,143.166772,
BUCHAN,VIC,-37.423526,148.103257,
BUCHAN SOUTH,VIC,-37.547098,148.07859,
BUCKLAND,VIC,-36.85635,146.903266,
BUCKLEY,VIC,-38.219268,144.092795,
BUCKLEY SWAMP,VIC,-37.856369,142.079114,
BUCKRABANYULE,VIC,-36.271311,143.509793,
BUDGEE BUDGEE,VIC,-37.548723,147.090465,
BUDGEREE,VIC,-38.419424,146.360158,
BUDGERUM EAST,VIC,-35.773571,143.652359,
BUFFALO,VIC,-38.676169,146.003674,
BUFFALO RIVER,VIC,-36.655013,146.659808,
BULART,VIC,-37.585912,141.917406,
BULDAH,VIC,-37.265429,149.124207,
BULGA,VIC,-35.304494,143.351021,
BULGANA,VIC,-37.135956,142.994958,
BULLA,VIC,-37.629824,144.803094,
BULLAHARRE,VIC,-38.349215,143.139174,
BULLAROOK,VIC,-37.508089,144.013321,
BULLARTO,VIC,-37.388057,144.225617,
BULLARTO SOUTH,VIC,-37.422845,144.217643,
BULLEEN,VIC,-37.766986,145.088496,
BULLENGAROOK,VIC,-37.481464,144.501265,
BULLIOH,VIC,-36.175409,147.358494,
BULLUMWAAL,VIC,-37.641908,147.582311,
BULN BULN,VIC,-38.092874,145.949008,
BULN BULN EAST,VIC,-38.07202,146.012816,
BUMBERRAH,VIC,-37.792291,147.834299,
BUNBARTHA,VIC,-36.250174,145.345703,
BUNDALAGUAH,VIC,-38.024292,147.009089,
BUNDALONG,VIC,-36.052417,146.12847,
BUNDALONG SOUTH,VIC,-36.102486,146.170856,
BUNDARA,VIC,-36.992327,147.333657,
BUNDING,VIC,-37.53807,144.171367,
BUNDOORA,VIC,-37.70281,145.056082,
BUNG BONG,VIC,-37.093077,143.585024,
BUNGADOR,VIC,-38.428652,143.328788,
BUNGAL,VIC,-37.703532,144.147653,
BUNGALALLY,VIC,-36.797313,142.258009,
BUNGAREE,VIC,-37.561436,144.004153,
BUNGEET,VIC,-36.277037,146.049488,
BUNGEET WEST,VIC,-36.351266,145.990266,
BUNGIL,VIC,-36.083539,147.408029,
BUNGULUKE,VIC,-36.055922,143.369416,
BUNINYONG,VIC,-37.647931,143.893266,
BUNKERS HILL,VIC,-37.574793,143.75231,
BUNYIP,VIC,-38.102012,145.720596,
BUNYIP NORTH,VIC,-38.062404,145.724281,
BURAGWONDUC,VIC,-37.485718,146.781994,
BURKES BRIDGE,VIC,-35.8364,144.342582,
BURKES FLAT,VIC,-36.639542,143.565521,
BURNBANK,VIC,-37.229417,143.588416,
BURNEWANG,VIC,-36.471457,144.674782,
BURNLEY,VIC,-37.829864,145.016557,
BURNSIDE,VIC,-37.750202,144.749664,
BURNSIDE HEIGHTS,VIC,-37.732963,144.756093,
BURRAMBOOT,VIC,-36.529823,144.820329,
BURRAMINE,VIC,-36.007899,145.87253,
BURRAMINE SOUTH,VIC,-36.069971,145.863684,
BURROWYE,VIC,-36.024585,147.540858,
BURRUMBEET,VIC,-37.496272,143.627779,
BURWOOD,VIC,-37.848919,145.114401,
BURWOOD EAST,VIC,-37.853913,145.147529,
BUSHFIELD,VIC,-38.325845,142.516102,
BUSHY PARK,VIC,-37.858661,147.010709,
BUTCHERS RIDGE,VIC,-37.261008,148.253595,
BUXTON,VIC,-37.435383,145.717006,
BYADUK,VIC,-37.945108,141.982853,
BYADUK NORTH,VIC,-37.861491,141.980843,
BYAWATHA,VIC,-36.288926,146.470829,
BYLANDS,VIC,-37.350313,144.93079,
BYRNESIDE,VIC,-36.410268,145.159244,
CABARITA,VIC,-34.205796,142.083171,3505.0
CABBAGE TREE,VIC,-37.460378,143.908217,3364.0
CABBAGE TREE CREEK,VIC,-37.656759,148.71539,3889.0
CABBAGE TREE CREEK,VIC,-37.656759,148.71539,3889.0
CADELLO,VIC,-37.304786,144.529133,3442.0
CADELLO,VIC,-37.304786,144.529133,3442.0
CAIRNLEA,VIC,-37.758878,144.786544,3023.0
CALDER PARK,VIC,-37.675147,144.76139,3037.0
CALDER PARK,VIC,-37.675147,144.76139,3037.0
CALDERMEADE,VIC,-38.247977,145.522152,3984.0
CALDERMEADE,VIC,-38.247977,145.522152,3984.0
CALIFORNIA GULLY,VIC,-36.728364,144.258685,3556.0
CALIVIL,VIC,-36.247175,144.078349,3573.0
CALLAWADDA,VIC,-36.822238,142.805436,3387.0
CALLIGNEE,VIC,-38.318992,146.579758,3844.0
CALLIGNEE NORTH,VIC,-38.321418,146.62133,3844.0
CALLIGNEE NORTH,VIC,-38.321418,146.62133,3844.0
CALLIGNEE SOUTH,VIC,-38.379828,146.607412,3844.0
CALLIGNEE SOUTH,VIC,-38.379828,146.607412,3844.0
CALROSSIE,VIC,-38.50014,146.671095,3971.0
CALULU,VIC,-37.788537,147.508357,3875.0
CAMBARVILLE,VIC,-37.618953,146.029296,3779.0
CAMBERWELL,VIC,-37.835626,145.074014,3124.0
CAMBRIAN HILL,VIC,-37.636951,143.817209,3352.0
CAMPBELLFIELD,VIC,-37.66624,144.9614,3061.0
CAMPBELLFIELD,VIC,-37.66624,144.9614,3061.0
CAMPBELLS BRIDGE,VIC,-36.927883,142.791311,3387.0
CAMPBELLS BRIDGE,VIC,-36.927883,142.791311,3387.0
CAMPBELLS CREEK,VIC,-37.106404,144.213399,3451.0
CAMPBELLS CREEK,VIC,-37.106404,144.213399,3451.0
CAMPBELLS FOREST,VIC,-36.618297,144.101471,3556.0
CAMPBELLS FOREST,VIC,-36.618297,144.101471,3556.0
CAMPBELLS FOREST,VIC,-36.618297,144.101471,3556.0
CAMPBELLTOWN,VIC,-37.206024,143.96004,3364.0
CAMPBELLTOWN,VIC,-37.206024,143.96004,3364.0
CAMPERDOWN,VIC,-38.228859,143.136526,3260.0
CANADIAN,VIC,-37.584112,143.882521,3350.0
CANARY ISLAND,VIC,-36.003932,143.875365,3537.0
CANARY ISLAND,VIC,-36.003932,143.875365,3537.0
CANIAMBO,VIC,-36.471819,145.599703,3630.0
CANIAMBO,VIC,-36.471819,145.599703,3630.0
CANN RIVER,VIC,-37.586854,149.16238,3890.0
CANNIE,VIC,-35.75427,143.525501,3540.0
CANNONS CREEK,VIC,-38.207673,145.307393,3977.0
CANNUM,VIC,-36.248405,142.305405,3393.0
CANTERBURY,VIC,-37.824226,145.077431,3126.0
CAPE BRIDGEWATER,VIC,-38.329765,141.434168,3305.0
CAPE CLEAR,VIC,-37.778188,143.609522,3351.0
CAPE CONRAN,VIC,-37.789595,148.717185,3888.0
CAPE OTWAY,VIC,-38.779251,143.575462,3233.0
CAPE PATERSON,VIC,-38.656963,145.618038,3995.0
CAPE PATERSON,VIC,-38.656963,145.618038,3995.0
CAPE SCHANCK,VIC,-38.467191,144.904795,3939.0
CAPE WOOLAMAI,VIC,-38.543401,145.343224,3925.0
CAPEL SOUND,VIC,-38.370397,144.87528,3940.0
CAPEL SOUND,VIC,-38.370397,144.87528,3940.0
CAPELS CROSSING,VIC,-35.613786,143.922572,3579.0
CAPELS CROSSING,VIC,-35.613786,143.922572,3579.0
CARAG CARAG,VIC,-36.465759,144.89094,3623.0
CARALULUP,VIC,-37.198336,143.64404,3371.0
CARAMUT,VIC,-37.952807,142.534682,3274.0
CARAPOOEE,VIC,-36.718837,143.337361,3477.0
CARAPOOEE WEST,VIC,-36.709258,143.238715,3477.0
CARAPOOEE WEST,VIC,-36.709258,143.238715,3477.0
CARAPOOK,VIC,-37.515286,141.56941,3312.0
CARBOOR,VIC,-36.646762,146.547765,3678.0
CARDIGAN,VIC,-37.535627,143.745175,3352.0
CARDIGAN VILLAGE,VIC,-37.516919,143.709924,3352.0
CARDIGAN VILLAGE,VIC,-37.516919,143.709924,3352.0
CARDINIA,VIC,-38.14539,145.42368,3978.0
CARDROSS,VIC,-34.305477,142.125473,3496.0
CARGERIE,VIC,-37.803945,143.949867,3334.0
CARINA,VIC,-35.221311,141.102366,3512.0
CARINGAL,VIC,-37.946391,146.341367,3825.0
CARISBROOK,VIC,-37.030702,143.837356,3464.0
CARLISLE RIVER,VIC,-38.567951,143.435143,3239.0
CARLISLE RIVER,VIC,-38.567951,143.435143,3239.0
CARLSRUHE,VIC,-37.290592,144.492159,3442.0
CARLTON,VIC,-37.799978,144.9693,3053.0
CARLTON NORTH,VIC,-37.787273,144.96795,3054.0
CARLTON NORTH,VIC,-37.787273,144.96795,3054.0
CARLYLE,VIC,-35.997685,146.485661,3685.0
CARNEGIE,VIC,-37.893715,145.055589,3163.0
CARNGHAM,VIC,-37.560964,143.59183,3351.0
CAROLINE SPRINGS,VIC,-37.73129,144.738385,3023.0
CAROLINE SPRINGS,VIC,-37.73129,144.738385,3023.0
CAROLINE SPRINGS,VIC,-37.73129,144.738385,3023.0
CARPENDEIT,VIC,-38.391301,143.241007,3260.0
CARRAJUNG,VIC,-38.379828,146.680352,3844.0
CARRAJUNG LOWER,VIC,-38.389876,146.762293,3844.0
CARRAJUNG LOWER,VIC,-38.389876,146.762293,3844.0
CARRAJUNG SOUTH,VIC,-38.384012,146.800915,3844.0
CARRAJUNG SOUTH,VIC,-38.384012,146.800915,3844.0
CARRANBALLAC,VIC,-37.696968,143.170883,3361.0
CARRON,VIC,-36.280339,142.759209,3480.0
CARRUM,VIC,-38.077111,145.127733,3197.0
CARRUM DOWNS,VIC,-38.097251,145.176129,3201.0
CARRUM DOWNS,VIC,-38.097251,145.176129,3201.0
CARWARP,VIC,-34.52673,142.176264,3494.0
CASHMORE,VIC,-38.307685,141.50238,3305.0
CASSILIS,VIC,-37.204139,147.605141,3898.0
CASTELLA,VIC,-37.516202,145.422981,3777.0
CASTERTON,VIC,-37.600283,141.292075,3311.0
CASTLE CREEK,VIC,-36.183001,146.823857,3691.0
CASTLE DONNINGTON,VIC,-35.421389,143.571696,3585.0
CASTLE DONNINGTON,VIC,-35.421389,143.571696,3585.0
CASTLEMAINE,VIC,-37.059246,144.216459,3450.0
CATANI,VIC,-38.192517,145.648793,3981.0
CATHCART,VIC,-37.313113,142.882044,3377.0
CATHKIN,VIC,-37.162948,145.612539,3714.0
CATUMNAL,VIC,-36.079837,143.618155,3537.0
CAULFIELD,VIC,-37.884802,145.026158,3162.0
CAULFIELD EAST,VIC,-37.881095,145.042128,3145.0
CAULFIELD EAST,VIC,-37.881095,145.042128,3145.0
CAULFIELD NORTH,VIC,-37.870735,145.0218,3161.0
CAULFIELD NORTH,VIC,-37.870735,145.0218,3161.0
CAULFIELD SOUTH,VIC,-37.895121,145.024875,3162.0
CAULFIELD SOUTH,VIC,-37.895121,145.024875,3162.0
CAVEAT,VIC,-37.058285,145.49642,3660.0
CAVENDISH,VIC,-37.485211,142.07149,3314.0
CERES,VIC,-38.163049,144.272931,3221.0
CHADSTONE,VIC,-37.882698,145.0996,3148.0
CHANDLERS CREEK,VIC,-37.308117,149.321657,3890.0
CHANDLERS CREEK,VIC,-37.308117,149.321657,3890.0
CHAPEL FLAT,VIC,-37.478969,143.896469,3352.0
CHAPPLE VALE,VIC,-38.626365,143.293544,3239.0
CHARAM,VIC,-36.951444,141.512592,3318.0
CHARLEMONT,VIC,-38.204705,144.376052,3217.0
CHARLEROI,VIC,-36.309891,147.156245,3695.0
CHARLTON,VIC,-36.281309,143.34351,3525.0
CHATSWORTH,VIC,-37.840264,142.659667,3379.0
CHELSEA,VIC,-38.049611,145.121641,3196.0
CHELSEA HEIGHTS,VIC,-38.040037,145.133317,3196.0
CHELSEA HEIGHTS,VIC,-38.040037,145.133317,3196.0
CHELTENHAM,VIC,-37.961898,145.057111,3192.0
CHEPSTOWE,VIC,-37.596712,143.485388,3351.0
CHEROKEE,VIC,-37.397452,144.644969,3434.0
CHERRYPOOL,VIC,-37.130605,142.17701,3401.0
CHESHUNT,VIC,-36.829582,146.442908,3678.0
CHESHUNT SOUTH,VIC,-36.93468,146.477136,3678.0
CHESHUNT SOUTH,VIC,-36.93468,146.477136,3678.0
CHESNEY VALE,VIC,-36.414104,146.06166,3725.0
CHETWYND,VIC,-37.302197,141.352643,3312.0
CHEWTON,VIC,-37.091342,144.269677,3451.0
CHEWTON BUSHLANDS,VIC,-37.078472,144.293265,3451.0
CHEWTON BUSHLANDS,VIC,-37.078472,144.293265,3451.0
CHILDERS,VIC,-38.298931,146.095801,3824.0
CHILLINGOLLAH,VIC,-35.277702,143.045088,3585.0
CHILTERN,VIC,-36.185991,146.621504,3683.0
CHILTERN VALLEY,VIC,-36.143207,146.55048,3683.0
CHILTERN VALLEY,VIC,-36.143207,146.55048,3683.0
CHINANGIN,VIC,-35.532741,143.181368,3544.0
CHINKAPOOK,VIC,-35.18081,142.944519,3546.0
CHINTIN,VIC,-37.396311,144.829723,3756.0
CHIRNSIDE PARK,VIC,-37.741625,145.313644,3116.0
CHIRNSIDE PARK,VIC,-37.741625,145.313644,3116.0
CHIRRIP,VIC,-36.160085,143.125997,3525.0
CHOCOLYN,VIC,-38.197492,143.202891,3260.0
CHRISTMAS HILLS,VIC,-37.65815,145.307166,3775.0
CHUM CREEK,VIC,-37.606655,145.491833,3777.0
CHURCHILL,VIC,-38.315411,146.41989,3842.0
CHURCHILL ISLAND,VIC,-38.501012,145.338651,3925.0
CHURCHILL ISLAND,VIC,-38.501012,145.338651,3925.0
CHURCHILL ISLAND,VIC,-38.501012,145.338651,3925.0
CHUTE,VIC,-37.309412,143.414801,3373.0
CLARENDON,VIC,-37.700032,143.971876,3352.0
CLARENDON,VIC,-37.700032,143.971876,3352.0
CLARETOWN,VIC,-37.516341,144.032708,3352.0
CLARETOWN,VIC,-37.516341,144.032708,3352.0
CLARINDA,VIC,-37.942654,145.105821,3169.0
CLARKEFIELD,VIC,-37.481687,144.80869,3430.0
CLARKES HILL,VIC,-37.498955,143.978808,3352.0
CLAYTON,VIC,-37.915039,145.131755,3168.0
CLAYTON SOUTH,VIC,-37.944946,145.127785,3169.0
CLAYTON SOUTH,VIC,-37.944946,145.127785,3169.0
CLEAR LAKE,VIC,-36.945211,141.896972,3409.0
CLEMATIS,VIC,-37.930811,145.421162,3782.0
CLIFTON CREEK,VIC,-37.710416,147.664109,3875.0
CLIFTON CREEK,VIC,-37.710416,147.664109,3875.0
CLIFTON HILL,VIC,-37.78929,144.998775,3068.0
CLIFTON HILL,VIC,-37.78929,144.998775,3068.0
CLIFTON SPRINGS,VIC,-38.151962,144.574511,3222.0
CLIFTON SPRINGS,VIC,-38.151962,144.574511,3222.0
CLIFTON SPRINGS,VIC,-38.151962,144.574511,3222.0
CLONBINANE,VIC,-37.36773,145.15905,3658.0
CLOVER FLAT,VIC,-37.608445,141.560156,3315.0
CLOVERLEA,VIC,-38.23644,145.997602,3822.0
CLUB TERRACE,VIC,-37.526282,148.938978,3889.0
CLUNES,VIC,-37.287599,143.780262,3370.0
CLYDE,VIC,-38.155445,145.356904,3978.0
CLYDE NORTH,VIC,-38.100121,145.360463,3978.0
CLYDE NORTH,VIC,-38.100121,145.360463,3978.0
CLYDEBANK,VIC,-38.047264,147.186688,3851.0
CLYDEBANK,VIC,-38.047264,147.186688,3851.0
CLYDESDALE,VIC,-37.174499,144.097869,3461.0
CLYDESDALE,VIC,-37.174499,144.097869,3461.0
COALVILLE,VIC,-38.242775,146.264006,3825.0
COBAINS,VIC,-38.076797,147.152111,3851.0
COBAW,VIC,-37.263578,144.63678,3442.0
COBBANNAH,VIC,-37.662186,147.260786,3862.0
COBBERAS,VIC,-36.85796,148.111804,3900.0
COBBLEBANK,VIC,-37.708381,144.600382,3338.0
COBDEN,VIC,-38.332485,143.083046,3266.0
COBRAM,VIC,-35.923323,145.63144,3643.0
COBRAM,VIC,-35.923323,145.63144,3644.0
COBRAM EAST,VIC,-35.965643,145.7299,3644.0
COBRAM EAST,VIC,-35.965643,145.7299,3644.0
COBRICO,VIC,-38.293092,143.016079,3266.0
COBUNGRA,VIC,-37.079517,147.371783,3898.0
COBURG,VIC,-37.744924,144.963951,3058.0
COBURG NORTH,VIC,-37.727076,144.967891,3058.0
COBURG NORTH,VIC,-37.727076,144.967891,3058.0
COCAMBA,VIC,-35.106562,142.900153,
COCHRANES CREEK,VIC,-36.695375,143.575784,
COCKATOO,VIC,-37.926401,145.503562,
COCOROC,VIC,-37.963542,144.617198,
CODRINGTON,VIC,-38.257314,141.969237,
COGHILLS CREEK,VIC,-37.384277,143.752408,
COHUNA,VIC,-35.775369,144.264301,
COIMADAI,VIC,-37.590388,144.491002,
COKUM,VIC,-35.749005,143.254897,
COLAC,VIC,-38.309878,143.587417,
COLAC COLAC,VIC,-36.221901,147.85621,
COLAC EAST,VIC,-38.333477,143.61641,
COLAC WEST,VIC,-38.332584,143.544944,
COLBINABBIN,VIC,-36.604411,144.80414,
COLBROOK,VIC,-37.533197,144.222388,
COLDSTREAM,VIC,-37.704319,145.342326,
COLERAINE,VIC,-37.591202,141.673587,
COLIGNAN,VIC,-34.540758,142.321348,
COLLINGWOOD,VIC,-37.801164,144.988333,
COMBIENBAR,VIC,-37.38627,149.021195,
CONCONGELLA,VIC,-37.048631,142.868464,
CONDAH,VIC,-37.9409,141.699743,
CONDAH SWAMP,VIC,-37.975198,141.836619,
CONGUPNA,VIC,-36.285627,145.475133,
CONNEWARRE,VIC,-38.250769,144.435288,
CONNEWIRRICOO,VIC,-37.17779,141.475073,
COOJAR,VIC,-37.358812,141.660218,
COOLAROO,VIC,-37.653724,144.935544,
COOMA,VIC,-36.409392,145.072868,
COOMBOONA,VIC,-36.268818,145.299082,
COOMOORA,VIC,-37.328871,144.195262,
COONGULLA,VIC,-37.873196,146.777971,
COONOOER BRIDGE,VIC,-36.467396,143.308761,
COONOOER WEST,VIC,-36.425849,143.213861,
COOPERS CREEK,VIC,-37.987451,146.423668,
COORIEMUNGLE,VIC,-38.566624,143.149217,
COPE COPE,VIC,-36.46734,143.056827,
CORA LYNN,VIC,-38.142693,145.620315,
CORACK,VIC,-36.181254,143.021092,
CORACK EAST,VIC,-36.146825,143.048135,
CORAGULAC,VIC,-38.263647,143.540097,
CORAL BANK,VIC,-36.61906,147.108804,
CORINDHAP,VIC,-37.864873,143.756896,
CORINELLA,VIC,-38.425175,145.476757,
CORIO,VIC,-38.067529,144.372951,
CORNDALE,VIC,-37.528262,141.275894,
CORNELLA,VIC,-36.686829,144.77751,
CORNISHTOWN,VIC,-36.105034,146.571364,
CORONET BAY,VIC,-38.434802,145.445039,
COROP,VIC,-36.459309,144.77409,
COROROOKE,VIC,-38.296799,143.528692,
CORRINGLE,VIC,-37.784751,148.443402,
CORRYONG,VIC,-36.185816,147.896633,
CORUNNUN,VIC,-38.281971,143.487515,
COSGROVE,VIC,-36.346057,145.62046,
COSGROVE SOUTH,VIC,-36.412792,145.631825,
COSTERFIELD,VIC,-36.870157,144.795605,
COTSWOLD,VIC,-37.139634,143.902753,
COTTLES BRIDGE,VIC,-37.606973,145.219854,
COWA,VIC,-37.385489,147.193342,
COWANGIE,VIC,-35.192689,141.364546,
COWES,VIC,-38.46831,145.238912,
COWLEYS CREEK,VIC,-38.502726,143.03768,
COWWARR,VIC,-38.028601,146.697015,
CRAIGIE,VIC,-37.109526,143.76666,
CRAIGIEBURN,VIC,-37.581379,144.92586,
CRANBOURNE,VIC,-38.114206,145.27061,
CRANBOURNE EAST,VIC,-38.112668,145.304471,
CRANBOURNE NORTH,VIC,-38.077538,145.298738,
CRANBOURNE SOUTH,VIC,-38.149383,145.242088,
CRANBOURNE WEST,VIC,-38.103419,145.250421,
CREEK JUNCTION,VIC,-36.847492,145.888304,
CREEK VIEW,VIC,-36.606127,144.650331,
CREIGHTONS CREEK,VIC,-36.863022,145.513484,
CREMORNE,VIC,-37.82944,144.992609,
CRESSY,VIC,-38.03713,143.659277,
CRESWICK,VIC,-37.420667,143.891438,
CRESWICK NORTH,VIC,-37.366726,143.874835,
CRIB POINT,VIC,-38.356417,145.202748,
CROOKAYAN,VIC,-37.489864,146.627172,
CROOKED RIVER,VIC,-37.387985,146.999566,
CROSS ROADS,VIC,-37.501105,143.212651,
CROSSLEY,VIC,-38.317003,142.313452,
CROSSOVER,VIC,-38.057558,145.973622,
CROWLANDS,VIC,-37.128692,143.09746,
CROXTON EAST,VIC,-37.774824,142.226963,
CROYDON,VIC,-37.79132,145.282048,
CROYDON HILLS,VIC,-37.774359,145.268764,
CROYDON NORTH,VIC,-37.773253,145.284505,
CROYDON SOUTH,VIC,-37.815572,145.280337,
CRYMELON,VIC,-36.153143,142.239557,
CUDGEE,VIC,-38.34098,142.647008,
CUDGEWA,VIC,-36.155041,147.810255,
CULGOA,VIC,-35.707034,143.114647,
CULLA,VIC,-37.240386,141.621714,
CULLEN,VIC,-35.78368,144.154895,
CULLULLERAINE,VIC,-34.188077,141.651368,
CUNDARE,VIC,-38.14456,143.59307,
CUNDARE NORTH,VIC,-38.107308,143.560758,
CURDIES RIVER,VIC,-38.444669,142.946272,
CURDIEVALE,VIC,-38.520548,142.852757,
CURLEWIS,VIC,-38.178482,144.522361,
CURYO,VIC,-35.843708,142.710509,
DADSWELLS BRIDGE,VIC,-36.904179,142.495477,3385.0
DAISY HILL,VIC,-37.112423,143.719791,3465.0
DALES CREEK,VIC,-37.523527,144.301714,3341.0
DALES CREEK,VIC,-37.523527,144.301714,3341.0
DALLAS,VIC,-37.669881,144.936294,3047.0
DALMORE,VIC,-38.187888,145.417997,3981.0
DALTONS BRIDGE,VIC,-35.826675,144.285065,3568.0
DALTONS BRIDGE,VIC,-35.826675,144.285065,3568.0
DALYENONG,VIC,-36.806219,143.41464,3477.0
DALYENONG,VIC,-36.806219,143.41464,3477.0
DALYSTON,VIC,-38.568075,145.546773,3992.0
DALYSTON,VIC,-38.568075,145.546773,3992.0
DANDENONG,VIC,-37.985579,145.21261,3175.0
DANDENONG NORTH,VIC,-37.955013,145.215005,3175.0
DANDENONG NORTH,VIC,-37.955013,145.215005,3175.0
DANDENONG SOUTH,VIC,-38.029504,145.215806,3164.0
DANDENONG SOUTH,VIC,-38.029504,145.215806,3175.0
DANDENONG SOUTH,VIC,-38.029504,145.215806,3164.0
DANDENONG SOUTH,VIC,-38.029504,145.215806,3175.0
DANDONGADALE,VIC,-36.833069,146.724812,3737.0
DARGO,VIC,-37.321683,147.332566,3862.0
DARLEY,VIC,-37.636392,144.432136,3340.0
DARLIMURLA,VIC,-38.397167,146.226362,3871.0
DARLINGTON,VIC,-37.979534,143.05133,3271.0
DARLINGTON,VIC,-37.979534,143.05133,3271.0
DARNUM,VIC,-38.181239,146.01394,3822.0
DARRAWEIT GUIM,VIC,-37.416667,144.877094,3756.0
DARRAWEIT GUIM,VIC,-37.416667,144.877094,3756.0
DARRIMAN,VIC,-38.409553,146.898843,3851.0
DARTMOOR,VIC,-37.895114,141.268029,3304.0
DARTMOUTH,VIC,-36.61188,147.613776,3701.0
DAWSON,VIC,-37.974232,146.690009,3858.0
DAYLESFORD,VIC,-37.348365,144.159184,3460.0
DEAN,VIC,-37.456335,143.978144,3363.0
DEANS MARSH,VIC,-38.406883,143.898683,3235.0
DEANS MARSH,VIC,-38.406883,143.898683,3235.0
DEANSIDE,VIC,-37.732654,144.704238,3336.0
DEANSIDE,VIC,-37.732654,144.704238,3336.0
DEDDICK VALLEY,VIC,-37.048849,148.460294,3888.0
DEDERANG,VIC,-36.475521,147.002142,3691.0
DEEP LEAD,VIC,-37.002756,142.725917,3385.0
DEEP LEAD,VIC,-37.002756,142.725917,3385.0
DEEPDENE,VIC,-37.811016,145.066195,3103.0
DEEPDENE,VIC,-37.811016,145.066195,3103.0
DEER PARK,VIC,-37.767023,144.766594,3023.0
DEER PARK,VIC,-37.767023,144.766594,3023.0
DELACOMBE,VIC,-37.582643,143.817469,3356.0
DELAHEY,VIC,-37.718841,144.776932,3037.0
DELATITE,VIC,-37.125624,146.158363,3723.0
DELBURN,VIC,-38.334737,146.229038,3871.0
DELEGATE RIVER,VIC,-37.106345,148.79386,3888.0
DELEGATE RIVER,VIC,-37.106345,148.79386,3888.0
DENICULL CREEK,VIC,-37.342159,142.92855,3377.0
DENISON,VIC,-38.038098,146.874876,3858.0
DENNINGTON,VIC,-38.355138,142.433687,3280.0
DENVER,VIC,-37.287901,144.294297,3461.0
DEPTFORD,VIC,-37.571975,147.690623,3875.0
DERBY,VIC,-36.654707,144.014339,3516.0
DEREEL,VIC,-37.82601,143.76122,3352.0
DERGHOLM,VIC,-37.342395,141.187508,3312.0
DERRIMUT,VIC,-37.798351,144.770945,3026.0
DERRINAL,VIC,-36.895145,144.568236,3523.0
DERRINALLUM,VIC,-37.958913,143.175326,3325.0
DERRINALLUM,VIC,-37.958913,143.175326,3325.0
DEVENISH,VIC,-36.336735,145.897285,3726.0
DEVILS RIVER,VIC,-37.17214,145.816929,3714.0
DEVON MEADOWS,VIC,-38.170843,145.308572,3977.0
DEVON MEADOWS,VIC,-38.170843,145.308572,3977.0
DEVON MEADOWS,VIC,-38.170843,145.308572,3977.0
DEVON MEADOWS,VIC,-38.170843,145.308572,3977.0
DEVON NORTH,VIC,-38.535683,146.621451,3971.0
DEWHURST,VIC,-37.976385,145.473817,3808.0
DHURRINGILE,VIC,-36.535505,145.216394,3610.0
DIAMOND CREEK,VIC,-37.66081,145.15469,3089.0
DIGBY,VIC,-37.812671,141.539957,3309.0
DIGGERS REST,VIC,-37.613869,144.682087,3427.0
DIGGORA,VIC,-36.363471,144.530895,3561.0
DIMBOOLA,VIC,-36.393557,142.049014,3414.0
DINGEE,VIC,-36.372125,144.212503,3571.0
DINGLEY VILLAGE,VIC,-37.97502,145.12539,3172.0
DINGWALL,VIC,-35.808657,143.848174,3579.0
DINNER PLAIN,VIC,-37.033981,147.280268,3898.0
DIXIE,VIC,-38.305947,142.92693,3265.0
DIXONS CREEK,VIC,-37.584352,145.430778,3775.0
DOBIE,VIC,-37.331324,143.033276,3377.0
DOCKER,VIC,-36.506163,146.367195,3678.0
DOCKERS PLAINS,VIC,-36.287574,146.335204,3678.0
DOCKERS PLAINS,VIC,-36.287574,146.335204,3678.0
DOCKLANDS,VIC,-37.818629,144.943106,3008.0
DOCKLANDS,VIC,-37.818629,144.943106,8012.0
DOCTORS FLAT,VIC,-37.302491,147.743202,3895.0
DOLLAR,VIC,-38.558292,146.180246,3871.0
DON VALLEY,VIC,-37.733639,145.590648,3139.0
DON VALLEY,VIC,-37.733639,145.590648,3139.0
DONALD,VIC,-36.304843,142.953946,3480.0
DONALD,VIC,-36.304843,142.953946,3480.0
DONCASTER,VIC,-37.782995,145.122359,3108.0
DONCASTER,VIC,-37.782995,145.122359,3108.0
DONCASTER EAST,VIC,-37.775713,145.161615,3109.0
DONCASTER EAST,VIC,-37.775713,145.161615,3109.0
DONCASTER EAST,VIC,-37.775713,145.161615,3109.0
DONNYBROOK,VIC,-37.54003,144.988444,3064.0
DONNYBROOK,VIC,-37.54003,144.988444,3064.0
DONVALE,VIC,-37.786698,145.185021,3111.0
DONVALE,VIC,-37.786698,145.185021,3111.0
DOOBOOBETIC,VIC,-36.377373,143.197435,3478.0
DOOEN,VIC,-36.642036,142.23636,3401.0
DOOKIE,VIC,-36.333708,145.710392,3646.0
DOOKIE COLLEGE,VIC,-36.394333,145.703497,3647.0
DOOKIE COLLEGE,VIC,-36.394333,145.703497,3647.0
DOREEN,VIC,-37.598238,145.140398,3754.0
DORODONG,VIC,-37.319828,141.048056,3312.0
DOUBLE BRIDGES,VIC,-37.596031,147.89565,3893.0
DOUGLAS,VIC,-37.04106,141.711477,3409.0
DOVETON,VIC,-37.98383,145.239632,3177.0
DREEITE,VIC,-38.145014,143.510636,3249.0
DREEITE SOUTH,VIC,-38.196746,143.480199,3249.0
DREEITE SOUTH,VIC,-38.196746,143.480199,3249.0
DRIFFIELD,VIC,-38.270824,146.303637,3840.0
DRIK DRIK,VIC,-38.008558,141.285197,3304.0
DROMANA,VIC,-38.332014,145.012072,3936.0
DROPMORE,VIC,-37.040363,145.428975,3660.0
DROUIN,VIC,-38.143213,145.840868,3818.0
DROUIN EAST,VIC,-38.124265,145.890041,3818.0
DROUIN EAST,VIC,-38.124265,145.890041,3818.0
DROUIN SOUTH,VIC,-38.188928,145.828526,3818.0
DROUIN SOUTH,VIC,-38.188928,145.828526,3818.0
DROUIN WEST,VIC,-38.079475,145.86717,3818.0
DROUIN WEST,VIC,-38.079475,145.86717,3818.0
DRUMANURE,VIC,-36.16727,145.486191,3636.0
DRUMBORG,VIC,-38.104847,141.491647,3304.0
DRUMCONDRA,VIC,-38.13015,144.354048,3215.0
DRUMMARTIN,VIC,-36.428826,144.406615,3570.0
DRUMMOND,VIC,-37.242836,144.305013,3461.0
DRUMMOND NORTH,VIC,-37.190392,144.324135,3446.0
DRUMMOND NORTH,VIC,-37.190392,144.324135,3446.0
DRUNG,VIC,-36.762915,142.321695,3401.0
DRY DIGGINGS,VIC,-37.29793,144.158187,3461.0
DRYSDALE,VIC,-38.176485,144.598199,3222.0
DUCHEMBEGARRA,VIC,-36.615471,141.907424,3409.0
DUMBALK,VIC,-38.524541,146.119939,3956.0
DUMBALK NORTH,VIC,-38.511783,146.169167,3956.0
DUMBALK NORTH,VIC,-38.511783,146.169167,3956.0
DUMOSA,VIC,-35.938845,143.18853,3527.0
DUNACH,VIC,-37.217121,143.768278,3371.0
DUNDONNELL,VIC,-37.899261,142.984262,3271.0
DUNKELD,VIC,-37.672858,142.364231,3294.0
DUNKELD,VIC,-37.672858,142.364231,3294.0
DUNLUCE,VIC,-36.880303,143.598323,3472.0
DUNNEWORTHY,VIC,-37.20439,143.040747,3377.0
DUNNSTOWN,VIC,-37.592729,143.967713,3352.0
DUNOLLY,VIC,-36.866213,143.730916,3472.0
DUNROBIN,VIC,-37.519239,141.379652,3312.0
DURDIDWARRAH,VIC,-37.82241,144.164055,3342.0
DURHAM LEAD,VIC,-37.697469,143.883962,3352.0
DURHAM LEAD,VIC,-37.697469,143.883962,3352.0
DURHAM OX,VIC,-36.120024,143.918381,3576.0
DURHAM OX,VIC,-36.120024,143.918381,3576.0
DUTSON,VIC,-38.180645,147.24027,3851.0
DUTSON DOWNS,VIC,-38.19974,147.342562,3851.0
DUTSON DOWNS,VIC,-38.19974,147.342562,3851.0
DUTTON WAY,VIC,-38.30124,141.618519,3305.0
DUTTON WAY,VIC,-38.30124,141.618519,3305.0
DUTTON WAY,VIC,-38.30124,141.618519,3305.0
DUVERNEY,VIC,-38.037906,143.558945,3323.0
EAGLE POINT,VIC,-37.895433,147.687355,3878.0
EAGLEHAWK,VIC,-36.707747,144.263226,3556.0
EAGLEHAWK NORTH,VIC,-36.690695,144.253484,3556.0
EAGLEHAWK NORTH,VIC,-36.690695,144.253484,3556.0
EAGLEMONT,VIC,-37.763115,145.066041,3084.0
EARLSTON,VIC,-36.531095,145.681491,3669.0
EAST BAIRNSDALE,VIC,-37.856366,147.650367,3875.0
EAST BAIRNSDALE,VIC,-37.856366,147.650367,3875.0
EAST BENDIGO,VIC,-36.738273,144.326993,3550.0
EAST BENDIGO,VIC,-36.738273,144.326993,3550.0
EAST GEELONG,VIC,-38.153732,144.381382,3219.0
EAST GEELONG,VIC,-38.153732,144.381382,3219.0
EAST MELBOURNE,VIC,-37.815573,144.982563,3002.0
EAST MELBOURNE,VIC,-37.815573,144.982563,8002.0
EAST MELBOURNE,VIC,-37.815573,144.982563,3002.0
EAST MELBOURNE,VIC,-37.815573,144.982563,8002.0
EAST SALE,VIC,-38.104133,147.142081,3852.0
EAST SALE,VIC,-38.104133,147.142081,3852.0
EAST WANGARATTA,VIC,-36.362941,146.378524,3678.0
EAST WANGARATTA,VIC,-36.362941,146.378524,3678.0
EAST WANGARATTA,VIC,-36.362941,146.378524,3678.0
EAST WARBURTON,VIC,-37.693433,145.763532,3799.0
EAST WARBURTON,VIC,-37.693433,145.763532,3799.0
EAST WARBURTON,VIC,-37.693433,145.763532,3799.0
EASTERN VIEW,VIC,-38.45163,144.042329,3231.0
EASTVILLE,VIC,-36.880578,143.939031,3463.0
EASTWOOD,VIC,-37.813068,147.633728,3875.0
EBDEN,VIC,-36.168646,147.040418,3691.0
ECHUCA,VIC,-36.155673,144.748927,3564.0
ECHUCA VILLAGE,VIC,-36.144532,144.81383,3564.0
ECHUCA VILLAGE,VIC,-36.144532,144.81383,3564.0
ECHUCA WEST,VIC,-36.176048,144.66963,3564.0
ECHUCA WEST,VIC,-36.176048,144.66963,3564.0
ECKLIN SOUTH,VIC,-38.385975,142.902193,3265.0
EDDINGTON,VIC,-36.913686,143.856627,3472.0
EDEN PARK,VIC,-37.487386,145.06683,3757.0
EDEN PARK,VIC,-37.487386,145.06683,3757.0
EDENHOPE,VIC,-37.064086,141.322955,3318.0
EDENHOPE,VIC,-37.064086,141.322955,3318.0
EDGECOMBE,VIC,-37.183825,144.461587,3444.0
EDI,VIC,-36.650373,146.410253,3678.0
EDI UPPER,VIC,-36.747301,146.523531,3678.0
EDI UPPER,VIC,-36.747301,146.523531,3678.0
EDITHVALE,VIC,-38.037789,145.115554,3196.0
EDITHVALE,VIC,-38.037789,145.115554,3196.0
EDITHVALE,VIC,-38.037789,145.115554,3196.0
EGANSTOWN,VIC,-37.360926,144.093784,3461.0
EILDON,VIC,-37.370987,145.990919,3713.0
ELAINE,VIC,-37.761566,144.00628,3334.0
ELDORADO,VIC,-36.311622,146.530633,3746.0
ELEVATED PLAINS,VIC,-37.294833,144.132042,3461.0
ELINGAMITE,VIC,-38.368898,143.005767,3266.0
ELINGAMITE NORTH,VIC,-38.350779,142.980006,3266.0
ELINGAMITE NORTH,VIC,-38.350779,142.980006,3266.0
ELIZABETH ISLAND,VIC,-38.415421,145.368283,3921.0
ELIZABETH ISLAND,VIC,-38.415421,145.368283,3921.0
ELIZABETH ISLAND,VIC,-38.415421,145.368283,3921.0
ELLASWOOD,VIC,-37.781896,147.571851,3875.0
ELLERSLIE,VIC,-38.128089,142.65465,3265.0
ELLIMINYT,VIC,-38.369508,143.577655,3250.0
ELLINBANK,VIC,-38.253225,145.931813,3821.0
ELMHURST,VIC,-37.168677,143.251188,3469.0
ELMORE,VIC,-36.467476,144.561541,3558.0
ELPHINSTONE,VIC,-37.075559,144.359045,3448.0
ELSTERNWICK,VIC,-37.887388,145.00737,3185.0
ELTHAM,VIC,-37.714635,145.15461,3095.0
ELTHAM NORTH,VIC,-37.697794,145.142675,3095.0
ELTHAM NORTH,VIC,-37.697794,145.142675,3095.0
ELWOOD,VIC,-37.880999,144.985584,3184.0
EMERALD,VIC,-37.932469,145.44985,3782.0
EMU,VIC,-36.731647,143.450318,3475.0
EMU CREEK,VIC,-36.851754,144.352929,3551.0
EMU CREEK,VIC,-36.851754,144.352929,3551.0
ENDEAVOUR HILLS,VIC,-37.969624,145.258509,3802.0
ENFIELD,VIC,-37.75317,143.774348,3352.0
ENGLEFIELD,VIC,-37.330356,141.8097,3407.0
ENOCHS POINT,VIC,-37.419266,146.128405,3723.0
ENSAY,VIC,-37.38654,147.812037,3895.0
ENSAY NORTH,VIC,-37.296888,147.861381,3895.0
ENSAY NORTH,VIC,-37.296888,147.861381,3895.0
EPPALOCK,VIC,-36.854215,144.46875,3551.0
EPPING,VIC,-37.63835,145.016084,3076.0
EPSOM,VIC,-36.700003,144.308983,3551.0
ERCILDOUNE,VIC,-37.418035,143.607337,3352.0
ERICA,VIC,-37.976292,146.380169,3825.0
ERRINUNDRA,VIC,-37.483643,148.716357,3889.0
ESKDALE,VIC,-36.528886,147.231528,3701.0
ESKDALE,VIC,-36.528886,147.231528,3701.0
ESMOND,VIC,-36.062229,146.181978,3730.0
ESSENDON,VIC,-37.74921,144.908917,3040.0
ESSENDON FIELDS,VIC,-37.724319,144.900416,3041.0
ESSENDON FIELDS,VIC,-37.724319,144.900416,3041.0
ESSENDON FIELDS,VIC,-37.724319,144.900416,3041.0
ESSENDON NORTH,VIC,-37.738965,144.901687,3041.0
ESSENDON NORTH,VIC,-37.738965,144.901687,3041.0
ESSENDON WEST,VIC,-37.754911,144.883102,3040.0
ESSENDON WEST,VIC,-37.754911,144.883102,3040.0
EUMEMMERRING,VIC,-37.997702,145.248507,3177.0
EURACK,VIC,-38.151588,143.730042,3251.0
EUREKA,VIC,-37.564517,143.882336,3350.0
EUROA,VIC,-36.773339,145.582914,3666.0
EUROBIN,VIC,-36.639015,146.840777,3739.0
EVANSFORD,VIC,-37.262115,143.652034,3371.0
EVERSLEY,VIC,-37.19469,143.172917,3377.0
EVERTON,VIC,-36.442908,146.561867,3678.0
EVERTON UPPER,VIC,-36.377445,146.562412,3678.0
EVERTON UPPER,VIC,-36.377445,146.562412,3678.0
EXFORD,VIC,-37.728413,144.542812,3338.0
EYNESBURY,VIC,-37.791123,144.533206,3338.0
FAIRBANK,VIC,-38.405201,145.921422,3951.0
FAIRFIELD,VIC,-37.784399,145.012295,3078.0
FAIRHAVEN,VIC,-38.456072,144.085444,3231.0
FAIRLEY,VIC,-35.685229,143.812593,3579.0
FAIRY DELL,VIC,-37.695358,147.740474,3561.0
FAIRY DELL,VIC,-37.695358,147.740474,3875.0
FAIRY DELL,VIC,-36.328409,144.741112,3561.0
FAIRY DELL,VIC,-36.328409,144.741112,3875.0
FALLS CREEK,VIC,-36.87867,147.244184,3699.0
FARADAY,VIC,-37.052175,144.307523,3451.0
FAWCETT,VIC,-37.103115,145.718211,3714.0
FAWKNER,VIC,-37.704771,144.96954,3060.0
FENTONS CREEK,VIC,-36.557468,143.528808,3518.0
FERGUSON,VIC,-38.623622,143.521837,3237.0
FERN HILL,VIC,-37.371435,144.412928,3458.0
FERNBANK,VIC,-37.863913,147.309871,3864.0
FERNDALE,VIC,-38.308554,145.929908,3821.0
FERNIHURST,VIC,-36.228686,143.866072,3518.0
FERNSHAW,VIC,-37.609243,145.618096,3778.0
FERNTREE GULLY,VIC,-37.886228,145.280325,3156.0
FERNY CREEK,VIC,-37.875657,145.332378,3786.0
FIELDSTONE,VIC,-37.752232,144.648241,3024.0
FIELDSTONE,VIC,-37.752232,144.648241,3024.0
FIERY FLAT,VIC,-36.411227,143.812157,3518.0
FINGAL,VIC,-38.418769,144.859931,3939.0
FISH CREEK,VIC,-38.725602,146.071329,3959.0
FISH POINT,VIC,-35.443088,143.724995,3585.0
FISKVILLE,VIC,-37.682291,144.238234,3342.0
FITZROY,VIC,-37.800074,144.979304,3065.0
FITZROY NORTH,VIC,-37.783428,144.985784,3068.0
FITZROY NORTH,VIC,-37.783428,144.985784,3068.0
FLAGGY CREEK,VIC,-37.752024,147.481995,3875.0
FLAGSTAFF,VIC,-37.048957,143.775018,3465.0
FLAMINGO BEACH,VIC,-38.26981,147.314548,3851.0
FLEMINGTON,VIC,-37.787258,144.923247,3031.0
FLEMINGTON,VIC,-37.787258,144.923247,3031.0
FLINDERS,VIC,-38.456485,144.985903,3929.0
FLORA HILL,VIC,-36.782505,144.29476,3550.0
FLOWERDALE,VIC,-37.329771,145.303469,3717.0
FLYNN,VIC,-38.197053,146.679221,3844.0
FLYNNS CREEK,VIC,-38.254794,146.640634,3844.0
FLYNNS CREEK,VIC,-38.254794,146.640634,3844.0
FOOTSCRAY,VIC,-37.800824,144.894798,3011.0
FORBES,VIC,-37.314189,144.887842,3764.0
FOREST HILL,VIC,-37.841767,145.171053,3131.0
FOREST HILL,VIC,-37.841767,145.171053,3131.0
FORGE CREEK,VIC,-37.930448,147.612557,3875.0
FORREST,VIC,-38.512054,143.704511,3236.0
FOSTER,VIC,-38.676251,146.207846,3960.0
FOSTER NORTH,VIC,-38.611842,146.174121,3960.0
FOSTER NORTH,VIC,-38.611842,146.174121,3960.0
FOSTERVILLE,VIC,-36.695945,144.471236,3557.0
FOSTERVILLE,VIC,-36.695945,144.471236,3557.0
FOXHOW,VIC,-38.054436,143.4791,3323.0
FOXHOW,VIC,-38.054436,143.4791,3323.0
FRAMLINGHAM,VIC,-38.268533,142.695577,3265.0
FRAMLINGHAM EAST,VIC,-38.199038,142.708533,3265.0
FRAMLINGHAM EAST,VIC,-38.199038,142.708533,3265.0
FRANKLINFORD,VIC,-37.239928,144.091295,3461.0
FRANKLINFORD,VIC,-37.239928,144.091295,3461.0
FRANKSTON,VIC,-38.150863,145.14225,3199.0
FRANKSTON NORTH,VIC,-38.126598,145.167639,3200.0
FRANKSTON NORTH,VIC,-38.126598,145.167639,3200.0
FRANKSTON SOUTH,VIC,-38.176027,145.132968,3199.0
FRANKSTON SOUTH,VIC,-38.176027,145.132968,3199.0
FRASER RISE,VIC,-37.704498,144.711898,3336.0
FRASER RISE,VIC,-37.704498,144.711898,3336.0
FREEBURGH,VIC,-36.774011,147.06145,3741.0
FRENCH ISLAND,VIC,-38.350486,145.388674,3921.0
FRENCH ISLAND,VIC,-38.350486,145.388674,3921.0
FRENCHMANS,VIC,-36.997168,143.197955,3384.0
FRESHWATER CREEK,VIC,-38.270227,144.255123,3217.0
FRESHWATER CREEK,VIC,-38.270227,144.255123,3217.0
FRYERSTOWN,VIC,-37.139716,144.261328,3451.0
FULHAM,VIC,-38.082455,146.963473,3851.0
FUMINA,VIC,-37.910597,146.101533,3825.0
FUMINA SOUTH,VIC,-37.954767,146.113897,3825.0
FUMINA SOUTH,VIC,-37.954767,146.113897,3825.0
FYANS CREEK,VIC,-37.092225,142.573851,3381.0
FYANSFORD,VIC,-38.132681,144.290726,3218.0
GAFFNEYS CREEK,VIC,-37.481464,146.274451,3723.0
GAINSBOROUGH,VIC,-38.225949,145.975747,3822.0
GANNAWARRA,VIC,-35.716895,144.146043,3568.0
GAPSTED,VIC,-36.503048,146.696262,3737.0
GARDENVALE,VIC,-37.897878,145.009271,3185.0
GARFIELD,VIC,-38.101166,145.670159,3814.0
GARFIELD NORTH,VIC,-38.04206,145.68592,3814.0
GARFIELD NORTH,VIC,-38.04206,145.68592,3814.0
GARIBALDI,VIC,-37.731313,143.853244,3352.0
GARVOC,VIC,-38.283435,142.809432,3265.0
GATEWAY ISLAND,VIC,-36.096155,146.893971,3691.0
GATEWAY ISLAND,VIC,-36.096155,146.893971,3691.0
GATUM,VIC,-37.389354,141.95792,3407.0
GAZETTE,VIC,-37.91794,142.158193,3289.0
GEELONG,VIC,-38.148764,144.363329,3220.0
GEELONG WEST,VIC,-38.139012,144.345358,3218.0
GEELONG WEST,VIC,-38.139012,144.345358,3218.0
GELANTIPY,VIC,-37.192097,148.22598,3885.0
GELLIBRAND,VIC,-38.528254,143.555347,3239.0
GELLIBRAND LOWER,VIC,-38.715926,143.223906,3237.0
GELLIBRAND LOWER,VIC,-38.715926,143.223906,3237.0
GELLIONDALE,VIC,-38.6233,146.603737,3971.0
GEMBROOK,VIC,-37.940486,145.63078,3783.0
GENOA,VIC,-37.488717,149.564171,3891.0
GENTLE ANNIE,VIC,-37.947462,145.838529,3833.0
GEORGES CREEK,VIC,-36.152815,147.265537,3700.0
GERAHMIN,VIC,-35.180731,142.795568,3546.0
GERANG GERUNG,VIC,-36.37417,141.882998,3418.0
GERANGAMETE,VIC,-38.454008,143.691765,3249.0
GERMANIA,VIC,-36.973694,142.758534,3387.0
GERMANTOWN,VIC,-36.735185,147.070392,3741.0
GERRIGERRUP,VIC,-37.985096,142.184941,3289.0
GHERANG,VIC,-38.309767,144.106744,3240.0
GHERINGHAP,VIC,-38.073347,144.225174,3331.0
GHIN GHIN,VIC,-37.150501,145.352378,3717.0
GIFFARD,VIC,-38.390786,147.112379,3851.0
GIFFARD WEST,VIC,-38.382771,147.009561,3851.0
GIFFARD WEST,VIC,-38.382771,147.009561,3851.0
GIL GIL,VIC,-36.325088,143.034742,3480.0
GILDEROY,VIC,-37.864505,145.713003,3797.0
GILLIESTON,VIC,-36.339296,145.209225,3616.0
GILLUM,VIC,-37.764976,146.730587,3858.0
GIPSY POINT,VIC,-37.488867,149.688936,3891.0
GIRGARRE,VIC,-36.392815,144.970633,3624.0
GIRGARRE EAST,VIC,-36.448574,145.072852,3616.0
GIRGARRE EAST,VIC,-36.448574,145.072852,3616.0
GISBORNE,VIC,-37.505429,144.578898,3437.0
GISBORNE SOUTH,VIC,-37.548087,144.620547,3437.0
GISBORNE SOUTH,VIC,-37.548087,144.620547,3437.0
GLADFIELD,VIC,-36.058075,143.953718,3575.0
GLADSTONE PARK,VIC,-37.692504,144.895556,3043.0
GLADSTONE PARK,VIC,-37.692504,144.895556,3043.0
GLADYSDALE,VIC,-37.840421,145.635609,3797.0
GLEN ALVIE,VIC,-38.500361,145.653143,3979.0
GLEN ALVIE,VIC,-38.500361,145.653143,3979.0
GLEN CREEK,VIC,-36.438231,146.939987,3691.0
GLEN FORBES,VIC,-38.449009,145.513924,3990.0
GLEN FORBES,VIC,-38.449009,145.513924,3990.0
GLEN HUNTLY,VIC,-37.892024,145.041348,3163.0
GLEN HUNTLY,VIC,-37.892024,145.041348,3163.0
GLEN IRIS,VIC,-37.856454,145.067774,3146.0
GLEN PARK,VIC,-37.507536,143.923081,3352.0
GLEN VALLEY,VIC,-36.90933,147.519608,3898.0
GLEN WAVERLEY,VIC,-37.882312,145.169762,3150.0
GLEN WAVERLEY,VIC,-37.882312,145.169762,3150.0
GLEN WILLS,VIC,-36.835495,147.477566,3898.0
GLENAIRE,VIC,-38.748061,143.467937,3238.0
GLENALADALE,VIC,-37.749905,147.317218,3864.0
GLENALBYN,VIC,-36.486981,143.717079,3517.0
GLENAROUA,VIC,-37.111102,144.959418,3764.0
GLENBRAE,VIC,-37.349821,143.554336,3352.0
GLENBURN,VIC,-37.418218,145.430701,3717.0
GLENDARUEL,VIC,-37.345753,143.731608,3363.0
GLENDONALD,VIC,-37.361516,143.844588,3364.0
GLENDONALD,VIC,-37.361516,143.844588,3364.0
GLENFALLOCH,VIC,-37.69293,146.6044,3858.0
GLENFYNE,VIC,-38.413291,143.005937,3266.0
GLENGARRY,VIC,-38.125116,146.642263,3854.0
GLENGARRY NORTH,VIC,-38.089294,146.559729,3854.0
GLENGARRY NORTH,VIC,-38.089294,146.559729,3854.0
GLENGARRY WEST,VIC,-38.122275,146.525753,3854.0
GLENGARRY WEST,VIC,-38.122275,146.525753,3854.0
GLENGOWER,VIC,-37.210616,143.876163,3370.0
GLENHOPE,VIC,-37.074269,144.6118,3444.0
GLENHOPE EAST,VIC,-37.074034,144.705445,3522.0
GLENHOPE EAST,VIC,-37.074034,144.705445,3522.0
GLENISLA,VIC,-37.21718,142.26191,3314.0
GLENLEE,VIC,-36.233013,141.82601,3418.0
GLENLOFTY,VIC,-37.112205,143.189876,3469.0
GLENLOGIE,VIC,-37.244491,143.299301,3469.0
GLENLOTH,VIC,-36.13148,143.33473,3527.0
GLENLOTH EAST,VIC,-36.052029,143.459009,3527.0
GLENLOTH EAST,VIC,-36.052029,143.459009,3527.0
GLENLUCE,VIC,-37.17985,144.244004,3451.0
GLENLYON,VIC,-37.268513,144.24362,3461.0
GLENMAGGIE,VIC,-37.824983,146.710616,3858.0
GLENMORE,VIC,-37.715036,144.298607,3340.0
GLENORCHY,VIC,-36.920888,142.645463,3385.0
GLENORMISTON NORTH,VIC,-38.139693,142.989094,3265.0
GLENORMISTON NORTH,VIC,-38.139693,142.989094,3265.0
GLENORMISTON SOUTH,VIC,-38.160465,142.958307,3265.0
GLENORMISTON SOUTH,VIC,-38.160465,142.958307,3265.0
GLENPATRICK,VIC,-37.153359,143.331661,3469.0
GLENROWAN,VIC,-36.455624,146.215225,3675.0
GLENROWAN WEST,VIC,-36.514989,146.166738,3675.0
GLENROWAN WEST,VIC,-36.514989,146.166738,3675.0
GLENROY,VIC,-37.704097,144.921003,3046.0
GLENTHOMPSON,VIC,-37.701448,142.530372,3293.0
GLOMAR BEACH,VIC,-38.298496,147.27745,3851.0
GNARWARRE,VIC,-38.154028,144.144883,3221.0
GNOTUK,VIC,-38.202201,143.075508,3260.0
GOBARUP,VIC,-36.681974,144.874261,3559.0
GOBUR,VIC,-37.010338,145.615098,3719.0
GOLDEN BEACH,VIC,-38.230094,147.363095,3851.0
GOLDEN GULLY,VIC,-36.792669,144.266019,3555.0
GOLDEN POINT,VIC,-37.089927,143.763633,3350.0
GOLDEN POINT,VIC,-37.089927,143.763633,3451.0
GOLDEN POINT,VIC,-37.089927,143.763633,3465.0
GOLDEN POINT,VIC,-37.064833,144.274094,3350.0
GOLDEN POINT,VIC,-37.064833,144.274094,3451.0
GOLDEN POINT,VIC,-37.064833,144.274094,3465.0
GOLDEN POINT,VIC,-37.574498,143.865184,3350.0
GOLDEN POINT,VIC,-37.574498,143.865184,3451.0
GOLDEN POINT,VIC,-37.574498,143.865184,3465.0
GOLDEN SQUARE,VIC,-36.775017,144.254372,3555.0
GOLDIE,VIC,-37.256157,144.802865,3435.0
GOLDSBOROUGH,VIC,-36.816154,143.655226,3472.0
GONG GONG,VIC,-37.546524,143.938132,3352.0
GONN CROSSING,VIC,-35.509932,143.925733,3579.0
GONN CROSSING,VIC,-35.509932,143.925733,3579.0
GOOMALIBEE,VIC,-36.485426,145.882161,3673.0
GOON NURE,VIC,-37.981389,147.542393,3875.0
GOONGERAH,VIC,-37.348692,148.69982,3888.0
GOORAM,VIC,-36.894914,145.601812,3666.0
GOORAMADDA,VIC,-35.994848,146.566226,3685.0
GOORAMADDA,VIC,-35.994848,146.566226,3685.0
GOORAMBAT,VIC,-36.414154,145.95319,3725.0
GOORAMBAT,VIC,-36.414154,145.95319,3725.0
GOORNONG,VIC,-36.622337,144.504142,3557.0
GOOROC,VIC,-36.46734,143.209038,3477.0
GORAE,VIC,-38.236994,141.55829,3305.0
GORAE WEST,VIC,-38.243343,141.464882,3305.0
GORAE WEST,VIC,-38.243343,141.464882,3305.0
GORDON,VIC,-37.570524,144.10764,3345.0
GORMANDALE,VIC,-38.3033,146.701369,3873.0
GOROKE,VIC,-36.66268,141.47097,3412.0
GOSCHEN,VIC,-35.496522,143.433401,3585.0
GOUGHS BAY,VIC,-37.152062,146.078058,3723.0
GOULBURN WEIR,VIC,-36.715201,145.173344,3608.0
GOULBURN WEIR,VIC,-36.715201,145.173344,3608.0
GOWANBRAE,VIC,-37.701912,144.898346,3043.0
GOWANBRAE,VIC,-37.701912,144.898346,3043.0
GOWANFORD,VIC,-35.410542,143.191685,3544.0
GOWANFORD,VIC,-35.410542,143.191685,3544.0
GOWANGARDIE,VIC,-36.471819,145.699567,3669.0
GOWANGARDIE,VIC,-36.471819,145.699567,3669.0
GOWANGARDIE,VIC,-36.471819,145.699567,3669.0
GOWAR EAST,VIC,-36.541824,143.399082,3477.0
GOWER,VIC,-37.031714,144.097252,3463.0
GRAHAMVALE,VIC,-36.350992,145.437955,3631.0
GRAMPIANS,VIC,-37.373236,142.278874,3314.0
GRAND RIDGE,VIC,-38.488935,146.395021,3870.0
GRANGEFIELDS,VIC,-37.702266,144.639125,3335.0
GRANGEFIELDS,VIC,-37.702266,144.639125,3335.0
GRANITE FLAT,VIC,-36.208221,143.132516,3525.0
GRANITE ROCK,VIC,-37.7571,147.665338,3875.0
GRANTVILLE,VIC,-38.412094,145.535172,3984.0
GRANYA,VIC,-36.094888,147.310419,3701.0
GRASS FLAT,VIC,-36.654623,141.82605,3409.0
GRASSDALE,VIC,-37.821921,141.657351,3302.0
GRASSMERE,VIC,-38.255144,142.553485,3281.0
GRAYS BRIDGE,VIC,-36.619805,142.899269,3477.0
GRAYS BRIDGE,VIC,-36.619805,142.899269,3477.0
GRAYTOWN,VIC,-36.829019,144.944233,3608.0
GRAYTOWN,VIC,-36.829019,144.944233,3608.0
GRE GRE,VIC,-36.676566,143.091062,3477.0
GRE GRE NORTH,VIC,-36.60889,143.070718,3477.0
GRE GRE NORTH,VIC,-36.60889,143.070718,3477.0
GRE GRE SOUTH,VIC,-36.679481,143.013848,3477.0
GRE GRE SOUTH,VIC,-36.679481,143.013848,3477.0
GREAT WESTERN,VIC,-37.162082,142.887262,3374.0
GREDGWIN,VIC,-35.960068,143.613714,3537.0
GREEN GULLY,VIC,-37.112083,144.099689,3462.0
GREENDALE,VIC,-37.534914,144.334941,3341.0
GREENHILL,VIC,-37.17418,144.436975,3444.0
GREENS CREEK,VIC,-36.927394,142.941297,3387.0
GREENSBOROUGH,VIC,-37.699762,145.110052,3088.0
GREENVALE,VIC,-37.634933,144.873075,3059.0
GREENWALD,VIC,-37.991029,141.402666,3304.0
GRENVILLE,VIC,-37.757658,143.910121,3352.0
GRETA,VIC,-36.538368,146.294827,3675.0
GRETA SOUTH,VIC,-36.652059,146.245367,3675.0
GRETA SOUTH,VIC,-36.652059,146.245367,3675.0
GRETA WEST,VIC,-36.542114,146.228777,3675.0
GRETA WEST,VIC,-36.542114,146.228777,3675.0
GREY RIVER,VIC,-38.680349,143.83361,3234.0
GREY RIVER,VIC,-38.680349,143.83361,3234.0
GRINGEGALGONA,VIC,-37.423991,141.822434,3315.0
GRITJURK,VIC,-37.564564,141.810553,3315.0
GROVEDALE,VIC,-38.202736,144.331967,3216.0
GROVEDALE,VIC,-38.202736,144.331967,3216.0
GRUYERE,VIC,-37.728915,145.463484,3770.0
GUILDFORD,VIC,-37.188853,144.164391,3451.0
GUNBOWER,VIC,-35.943604,144.340316,3566.0
GUNDOWRING,VIC,-36.365163,147.070619,3691.0
GUNYAH,VIC,-38.543632,146.28815,3960.0
GUYS FOREST,VIC,-36.083549,147.674693,3709.0
GUYS HILL,VIC,-38.014092,145.392812,
GYMBOWEN,VIC,-36.756084,141.62126,
HADDON,VIC,-37.587827,143.701222,3351.0
HADFIELD,VIC,-37.710436,144.949325,3046.0
HALLAM,VIC,-38.00434,145.269996,3803.0
HALLAM,VIC,-38.00434,145.269996,3803.0
HALLORA,VIC,-38.25391,145.838567,3818.0
HALLORA,VIC,-38.25391,145.838567,3818.0
HALLS GAP,VIC,-37.131316,142.533022,3381.0
HALLS GAP,VIC,-37.131316,142.533022,3381.0
HALLSTON,VIC,-38.35853,146.033162,3953.0
HALLSTON,VIC,-38.35853,146.033162,3953.0
HAMILTON,VIC,-37.74167,142.021769,3300.0
HAMLYN HEIGHTS,VIC,-38.118717,144.323019,3215.0
HAMPTON,VIC,-37.937804,145.011044,3188.0
HAMPTON EAST,VIC,-37.938508,145.030342,3188.0
HAMPTON EAST,VIC,-37.938508,145.030342,3188.0
HAMPTON PARK,VIC,-38.042114,145.268447,3976.0
HAMPTON PARK,VIC,-38.042114,145.268447,3976.0
HANSONVILLE,VIC,-36.619536,146.300153,3675.0
HANSONVILLE,VIC,-36.619536,146.300153,3675.0
HAPPY VALLEY,VIC,-34.695205,142.717477,3360.0
HAPPY VALLEY,VIC,-34.695205,142.717477,3549.0
HAPPY VALLEY,VIC,-37.726922,143.596656,3360.0
HAPPY VALLEY,VIC,-37.726922,143.596656,3549.0
HARCOURT,VIC,-36.995529,144.260505,3453.0
HARCOURT NORTH,VIC,-36.954256,144.276688,3453.0
HARCOURT NORTH,VIC,-36.954256,144.276688,3453.0
HARKAWAY,VIC,-37.992682,145.356186,3806.0
HARKNESS,VIC,-37.65449,144.546266,3337.0
HARMERS HAVEN,VIC,-38.655528,145.577782,3995.0
HARMERS HAVEN,VIC,-38.655528,145.577782,3995.0
HARRIETVILLE,VIC,-36.892808,147.050135,3741.0
HARRIETVILLE,VIC,-36.892808,147.050135,3741.0
HARROW,VIC,-37.142116,141.622668,3317.0
HARSTON,VIC,-36.459273,145.118236,3616.0
HASTINGS,VIC,-38.29789,145.185679,3915.0
HATTAH,VIC,-34.710977,142.27982,3501.0
HAVELOCK,VIC,-36.969042,143.785626,3465.0
HAVEN,VIC,-36.756882,142.19243,3401.0
HAVILAH,VIC,-36.619578,146.894755,3737.0
HAWKESDALE,VIC,-38.086815,142.279214,3287.0
HAWKHURST,VIC,-37.448806,147.167385,3862.0
HAWTHORN,VIC,-37.828591,145.034393,3122.0
HAWTHORN EAST,VIC,-37.831954,145.049831,3123.0
HAWTHORN EAST,VIC,-37.831954,145.049831,3123.0
HAZEL PARK,VIC,-38.634438,146.38741,3966.0
HAZELWOOD,VIC,-38.288934,146.373903,3840.0
HAZELWOOD NORTH,VIC,-38.270841,146.478824,3840.0
HAZELWOOD NORTH,VIC,-38.270841,146.478824,3840.0
HAZELWOOD SOUTH,VIC,-38.318387,146.460246,3840.0
HAZELWOOD SOUTH,VIC,-38.318387,146.460246,3840.0
HEALESVILLE,VIC,-37.666614,145.559004,3777.0
HEATH HILL,VIC,-38.239224,145.707325,3981.0
HEATHCOTE,VIC,-36.909731,144.725059,3523.0
HEATHCOTE JUNCTION,VIC,-37.380609,145.047972,3758.0
HEATHCOTE JUNCTION,VIC,-37.380609,145.047972,3758.0
HEATHCOTE SOUTH,VIC,-37.00511,144.703352,3523.0
HEATHCOTE SOUTH,VIC,-37.00511,144.703352,3523.0
HEATHERTON,VIC,-37.955872,145.089596,3202.0
HEATHMERE,VIC,-38.213623,141.638651,3305.0
HEATHMONT,VIC,-37.828933,145.246051,3135.0
HEDLEY,VIC,-38.669618,146.559427,3967.0
HEIDELBERG,VIC,-37.751351,145.069741,3084.0
HEIDELBERG HEIGHTS,VIC,-37.742687,145.053204,3081.0
HEIDELBERG HEIGHTS,VIC,-37.742687,145.053204,3081.0
HEIDELBERG WEST,VIC,-37.739221,145.040349,3081.0
HEIDELBERG WEST,VIC,-37.739221,145.040349,3081.0
HENSLEY PARK,VIC,-37.623669,142.044208,3301.0
HENTY,VIC,-37.651997,141.533619,3312.0
HEPBURN,VIC,-37.312727,144.128126,3461.0
HEPBURN SPRINGS,VIC,-37.316216,144.146774,3461.0
HEPBURN SPRINGS,VIC,-37.316216,144.146774,3461.0
HEPBURN SPRINGS,VIC,-37.316216,144.146774,3461.0
HERNE HILL,VIC,-38.134462,144.323813,3218.0
HERNES OAK,VIC,-38.220982,146.30768,3825.0
HESKET,VIC,-37.35591,144.632859,3442.0
HESSE,VIC,-38.084838,143.882305,3321.0
HEXHAM,VIC,-37.98974,142.688091,3273.0
HEYFIELD,VIC,-37.971954,146.766388,3858.0
HEYTESBURY LOWER,VIC,-38.564366,142.891911,3268.0
HEYWOOD,VIC,-38.13449,141.627771,3304.0
HIAMDALE,VIC,-38.268392,146.744221,3847.0
HIAWATHA,VIC,-38.533026,146.441307,3971.0
HIGH CAMP,VIC,-37.191302,144.863536,3764.0
HIGHETT,VIC,-37.950888,145.039843,3190.0
HIGHLANDS,VIC,-37.084556,145.418602,3660.0
HIGHTON,VIC,-38.173383,144.316517,3216.0
HILGAY,VIC,-37.620672,141.632955,3315.0
HILL END,VIC,-38.011672,146.14043,3825.0
HILLCREST,VIC,-37.618345,143.633748,3351.0
HILLDENE,VIC,-37.040649,145.058775,3660.0
HILLSIDE,VIC,-37.84641,147.51486,3037.0
HILLSIDE,VIC,-37.84641,147.51486,3875.0
HILLSIDE,VIC,-37.69112,144.741174,3037.0
HILLSIDE,VIC,-37.69112,144.741174,3875.0
HINNOMUNJIE,VIC,-37.01041,147.653643,3898.0
HMAS CERBERUS,VIC,-38.38148,145.193789,3920.0
HODDLES CREEK,VIC,-37.85203,145.587555,3139.0
HOLLANDS LANDING,VIC,-38.048892,147.467346,3862.0
HOMEBUSH,VIC,-37.040838,143.531008,3465.0
HOMERTON,VIC,-38.132481,141.80187,3304.0
HOMEWOOD,VIC,-37.196983,145.314913,3717.0
HOPETOUN,VIC,-35.702719,142.330203,3396.0
HOPETOUN PARK,VIC,-37.694294,144.50113,3340.0
HOPETOUN PARK,VIC,-37.694294,144.50113,3340.0
HOPPERS CROSSING,VIC,-37.868985,144.700108,3029.0
HORDERN VALE,VIC,-38.799945,143.494826,3238.0
HORFIELD,VIC,-35.890433,144.212861,3567.0
HORSHAM,VIC,-36.717644,142.196214,3400.0
HORSHAM,VIC,-36.717644,142.196214,3402.0
HOTHAM HEIGHTS,VIC,-36.999083,147.163608,3741.0
HOTHAM HEIGHTS,VIC,-36.999083,147.163608,3741.0
HOTSPUR,VIC,-37.947127,141.563898,3303.0
HOWES CREEK,VIC,-37.141727,146.010285,3723.0
HOWITT PLAINS,VIC,-37.194428,146.700042,3858.0
HOWITT PLAINS,VIC,-37.194428,146.700042,3858.0
HOWQUA,VIC,-37.244058,146.195274,3723.0
HOWQUA HILLS,VIC,-37.183784,146.303189,3723.0
HOWQUA HILLS,VIC,-37.183784,146.303189,3723.0
HOWQUA INLET,VIC,-37.232083,146.132698,3723.0
HOWQUA INLET,VIC,-37.232083,146.132698,3723.0
HUGHESDALE,VIC,-37.897765,145.081783,3166.0
HUGHESDALE,VIC,-37.897765,145.081783,3166.0
HUGHESDALE,VIC,-37.897765,145.081783,3166.0
HUMEVALE,VIC,-37.503694,145.173749,3757.0
HUMEVALE,VIC,-37.503694,145.173749,3757.0
HUNTER,VIC,-36.437458,144.522918,3558.0
HUNTERSTON,VIC,-38.618526,146.808901,3971.0
HUNTERSTON,VIC,-38.618526,146.808901,3971.0
HUNTINGDALE,VIC,-37.90779,145.108792,3166.0
HUNTLY,VIC,-36.659296,144.330834,3551.0
HUNTLY NORTH,VIC,-36.586949,144.340833,3551.0
HUNTLY NORTH,VIC,-36.586949,144.340833,3551.0
HUON,VIC,-36.229586,147.094889,3695.0
HUON CREEK,VIC,-36.156324,146.822462,3691.0
HUON CREEK,VIC,-36.156324,146.822462,3691.0
HURSTBRIDGE,VIC,-37.637164,145.193017,3099.0
ICY CREEK,VIC,-37.88664,146.095312,3833.0
IGUANA CREEK,VIC,-37.700839,147.350743,3875.0
ILLABAROOK,VIC,-37.82513,143.640239,3351.0
ILLAWARRA,VIC,-37.069034,142.688818,3381.0
ILLOWA,VIC,-38.336422,142.399111,3282.0
INDENTED HEAD,VIC,-38.1354,144.70005,3223.0
INDIGO VALLEY,VIC,-36.19017,146.745363,3688.0
INDIGO VALLEY,VIC,-36.19017,146.745363,3688.0
INGLEWOOD,VIC,-36.59262,143.840085,3517.0
INGLISTON,VIC,-37.660063,144.308392,3342.0
INKERMAN,VIC,-36.794358,143.677817,3472.0
INVERGORDON,VIC,-36.151011,145.578193,3636.0
INVERLEIGH,VIC,-38.108354,144.004123,3321.0
INVERLOCH,VIC,-38.619058,145.711653,3996.0
INVERMAY,VIC,-37.499388,143.876487,3352.0
INVERMAY PARK,VIC,-37.529076,143.860394,3350.0
INVERMAY PARK,VIC,-37.529076,143.860394,3350.0
IONA,VIC,-38.152865,145.690576,3815.0
IRAAK,VIC,-34.423046,142.291587,3494.0
IRISHTOWN,VIC,-37.147603,144.227411,3451.0
IRONBARK,VIC,-36.755071,144.263895,3550.0
IRREWARRA,VIC,-38.272021,143.682182,3249.0
IRREWILLIPE,VIC,-38.448307,143.40852,3249.0
IRREWILLIPE EAST,VIC,-38.433579,143.484013,3249.0
IRREWILLIPE EAST,VIC,-38.433579,143.484013,3249.0
IRYMPLE,VIC,-34.245814,142.181345,3498.0
IVANHOE,VIC,-37.768101,145.041565,3079.0
IVANHOE EAST,VIC,-37.774488,145.059572,3079.0
IVANHOE EAST,VIC,-37.774488,145.059572,3079.0
JACANA,VIC,-37.6877,144.910725,3047.0
JACK RIVER,VIC,-38.570184,146.568066,3971.0
JACKASS FLAT,VIC,-36.718124,144.283761,3556.0
JACKASS FLAT,VIC,-36.718124,144.283761,3556.0
JACOB CREEK,VIC,-37.998638,146.408813,3825.0
JAM JERRUP,VIC,-38.335921,145.546555,3984.0
JAMIESON,VIC,-37.271076,146.11429,3723.0
JAN JUC,VIC,-38.344917,144.30107,3228.0
JANCOURT,VIC,-38.36683,143.093725,3266.0
JANCOURT EAST,VIC,-38.414057,143.191731,3266.0
JANCOURT EAST,VIC,-38.414057,143.191731,3266.0
JARKLIN,VIC,-36.249086,143.95531,3517.0
JARRAHMOND,VIC,-37.672984,148.409879,3888.0
JARVIS CREEK,VIC,-36.176199,147.198754,3700.0
JEERALANG,VIC,-38.362068,146.460342,3840.0
JEERALANG JUNCTION,VIC,-38.348566,146.41838,3840.0
JEERALANG JUNCTION,VIC,-38.348566,146.41838,3840.0
JEETHO,VIC,-38.401672,145.729683,3945.0
JEFFCOTT,VIC,-36.316455,143.141027,3480.0
JEFFCOTT NORTH,VIC,-36.265904,143.070849,3480.0
JEFFCOTT NORTH,VIC,-36.265904,143.070849,3480.0
JEPARIT,VIC,-36.118402,141.994787,3423.0
JERICHO,VIC,-37.668197,146.222828,3825.0
JERUK,VIC,-36.013994,143.444546,3527.0
JIL JIL,VIC,-35.82467,142.978342,3483.0
JILPANGER,VIC,-36.910644,141.73928,3409.0
JINDIVICK,VIC,-38.025775,145.888925,3818.0
JOEL JOEL,VIC,-37.009005,142.986813,3384.0
JOEL SOUTH,VIC,-37.065734,142.992143,3384.0
JOEL SOUTH,VIC,-37.065734,142.992143,3384.0
JOHANNA,VIC,-38.732562,143.398982,3238.0
JOHNSONVILLE,VIC,-37.820887,147.811121,3902.0
JOYCES CREEK,VIC,-37.084648,143.992206,3364.0
JUMBUK,VIC,-38.398505,146.420633,3869.0
JUMBUNNA,VIC,-38.472141,145.762133,3951.0
JUNCTION VILLAGE,VIC,-38.133941,145.291152,3977.0
JUNG,VIC,-36.580578,142.349319,3401.0
JUNGABURRA,VIC,-36.055745,144.283509,3575.0
JUNGABURRA,VIC,-36.055745,144.283509,3575.0
JUNORTOUN,VIC,-36.771385,144.36049,3551.0
KAARIMBA,VIC,-36.139162,145.277686,3635.0
KADNOOK,VIC,-37.169915,141.40479,3318.0
KALIMNA,VIC,-37.869806,147.961579,3909.0
KALIMNA WEST,VIC,-37.815683,147.942178,3909.0
KALIMNA WEST,VIC,-37.815683,147.942178,3909.0
KALKALLO,VIC,-37.526469,144.960895,3064.0
KALKALLO,VIC,-37.526469,144.960895,3064.0
KALKEE,VIC,-36.550644,142.222763,3401.0
KALLISTA,VIC,-37.897787,145.382217,3791.0
KALORAMA,VIC,-37.820039,145.380553,3766.0
KALPIENUNG,VIC,-35.844906,143.2764,3529.0
KAMAROOKA,VIC,-36.496269,144.390581,3570.0
KAMAROOKA NORTH,VIC,-36.392791,144.317791,3571.0
KAMAROOKA NORTH,VIC,-36.392791,144.317791,3571.0
KANAGULK,VIC,-37.117655,141.838614,3401.0
KANCOONA,VIC,-36.590315,147.016249,3691.0
KANGAROO FLAT,VIC,-36.80622,144.240778,3555.0
KANGAROO GROUND,VIC,-37.691147,145.231114,3097.0
KANIVA,VIC,-36.403957,141.295033,3419.0
KANUMBRA,VIC,-37.051983,145.677656,3719.0
KANYA,VIC,-36.778549,142.981423,3387.0
KANYAPELLA,VIC,-36.120132,144.890904,3564.0
KANYAPELLA,VIC,-36.120132,144.890904,3564.0
KARABEAL,VIC,-37.600876,142.194091,3294.0
KARDELLA,VIC,-38.421261,145.87506,3951.0
KARDELLA SOUTH,VIC,-38.456311,145.871317,3950.0
KARDELLA SOUTH,VIC,-38.456311,145.871317,3950.0
KARIAH,VIC,-38.145869,143.222037,3260.0
KARNAK,VIC,-36.850888,141.495801,3401.0
KARRAMOMUS,VIC,-36.527612,145.493853,3631.0
KARYRIE,VIC,-35.928807,142.868543,3483.0
KATAMATITE,VIC,-36.062441,145.681719,3649.0
KATAMATITE EAST,VIC,-36.048053,145.754623,3649.0
KATAMATITE EAST,VIC,-36.048053,145.754623,3649.0
KATANDRA,VIC,-36.248666,145.607009,3634.0
KATANDRA WEST,VIC,-36.250197,145.570784,3634.0
KATANDRA WEST,VIC,-36.250197,145.570784,3634.0
KATUNGA,VIC,-35.989578,145.472655,3640.0
KAWARREN,VIC,-38.500703,143.598302,3249.0
KEALBA,VIC,-37.738171,144.828847,3021.0
KEELY,VIC,-35.853381,144.247755,3568.0
KEILOR,VIC,-37.709101,144.826649,3036.0
KEILOR DOWNS,VIC,-37.720432,144.804299,3038.0
KEILOR DOWNS,VIC,-37.720432,144.804299,3038.0
KEILOR EAST,VIC,-37.736723,144.856712,3033.0
KEILOR EAST,VIC,-37.736723,144.856712,3033.0
KEILOR LODGE,VIC,-37.697547,144.799063,3038.0
KEILOR LODGE,VIC,-37.697547,144.799063,3038.0
KEILOR NORTH,VIC,-37.681078,144.792248,3036.0
KEILOR NORTH,VIC,-37.681078,144.792248,3036.0
KEILOR PARK,VIC,-37.718795,144.851173,3042.0
KEILOR PARK,VIC,-37.718795,144.851173,3042.0
KELLALAC,VIC,-36.363598,142.406334,3393.0
KELVIN VIEW,VIC,-36.828571,145.664227,3666.0
KELVIN VIEW,VIC,-36.828571,145.664227,3666.0
KENLEY,VIC,-34.832116,143.308598,3597.0
KENMARE,VIC,-35.936057,142.203102,3395.0
KENNEDYS CREEK,VIC,-38.594844,143.257811,3239.0
KENNEDYS CREEK,VIC,-38.594844,143.257811,3239.0
KENNETT RIVER,VIC,-38.641806,143.80405,3234.0
KENNINGTON,VIC,-36.774838,144.304664,3550.0
KENSINGTON,VIC,-37.79486,144.924663,3031.0
KERANG,VIC,-35.721503,143.937337,3579.0
KERANG EAST,VIC,-35.77174,144.012995,3579.0
KERANG EAST,VIC,-35.77174,144.012995,3579.0
KERGUNYAH,VIC,-36.344956,146.984855,3691.0
KERGUNYAH SOUTH,VIC,-36.437258,147.029095,3691.0
KERGUNYAH SOUTH,VIC,-36.437258,147.029095,3691.0
KERNOT,VIC,-38.439744,145.613579,3979.0
KERRIE,VIC,-37.380442,144.671608,3434.0
KERRISDALE,VIC,-37.173387,145.257679,3660.0
KEVINGTON,VIC,-37.352644,146.168891,3723.0
KEW,VIC,-37.80138,145.041109,3101.0
KEW EAST,VIC,-37.790602,145.052891,3102.0
KEW EAST,VIC,-37.790602,145.052891,3102.0
KEWELL,VIC,-36.457017,142.420383,3390.0
KEWELL,VIC,-36.457017,142.420383,3390.0
KEYSBOROUGH,VIC,-38.006469,145.166593,3173.0
KIALLA,VIC,-36.44506,145.406457,3631.0
KIALLA EAST,VIC,-36.466355,145.49677,3631.0
KIALLA EAST,VIC,-36.466355,145.49677,3631.0
KIALLA WEST,VIC,-36.478035,145.388185,3631.0
KIALLA WEST,VIC,-36.478035,145.388185,3631.0
KIATA,VIC,-36.357552,141.784536,3418.0
KIEWA,VIC,-36.269585,147.01335,3691.0
KILCUNDA,VIC,-38.557222,145.505857,3995.0
KILLARA,VIC,-37.757892,141.404414,3312.0
KILLARA,VIC,-37.757892,141.404414,3691.0
KILLARA,VIC,-36.140726,146.948351,3312.0
KILLARA,VIC,-36.140726,146.948351,3691.0
KILLARNEY,VIC,-38.344447,142.319197,3283.0
KILLAWARRA,VIC,-36.251243,146.215862,3678.0
KILLINGWORTH,VIC,-37.181553,145.423924,3717.0
KILMANY,VIC,-38.124238,146.91211,3851.0
KILMORE,VIC,-37.298247,144.951487,3764.0
KILMORE EAST,VIC,-37.27332,145.010641,3764.0
KILMORE EAST,VIC,-37.27332,145.010641,3764.0
KILSYTH,VIC,-37.819193,145.308829,3137.0
KILSYTH SOUTH,VIC,-37.82975,145.310587,3137.0
KILSYTH SOUTH,VIC,-37.82975,145.310587,3137.0
KIMBOLTON,VIC,-36.920184,144.499754,3551.0
KING VALLEY,VIC,-36.695147,146.408117,3678.0
KINGLAKE,VIC,-37.520086,145.362999,3763.0
KINGLAKE CENTRAL,VIC,-37.469429,145.325322,3757.0
KINGLAKE CENTRAL,VIC,-37.469429,145.325322,3757.0
KINGLAKE WEST,VIC,-37.478172,145.255655,3757.0
KINGLAKE WEST,VIC,-37.478172,145.255655,3757.0
KINGOWER,VIC,-36.617212,143.753846,3517.0
KINGS PARK,VIC,-37.733681,144.771977,3021.0
KINGSBURY,VIC,-37.717016,145.03461,3083.0
KINGSTON,VIC,-37.379869,143.958615,3364.0
KINGSVILLE,VIC,-37.807506,144.880309,3012.0
KINNABULLA,VIC,-35.900286,142.720124,3483.0
KINYPANIAL,VIC,-36.355896,143.79554,3520.0
KIRKSTALL,VIC,-38.267753,142.279117,3283.0
KIRWANS BRIDGE,VIC,-36.728565,145.143448,3608.0
KIRWANS BRIDGE,VIC,-36.728565,145.143448,3608.0
KITHBROOK,VIC,-36.801785,145.731712,3666.0
KNEBSWORTH,VIC,-37.990694,141.873597,3286.0
KNOCKWOOD,VIC,-37.419367,146.267665,3723.0
KNOWSLEY,VIC,-36.827285,144.597748,3523.0
KNOXFIELD,VIC,-37.886766,145.248369,3180.0
KOALLAH,VIC,-38.293648,143.233609,3260.0
KOETONG,VIC,-36.164686,147.459433,3704.0
KOLORA,VIC,-38.120635,142.929028,3265.0
KONGWAK,VIC,-38.509185,145.712168,3951.0
KONONGWOOTONG,VIC,-37.472313,141.665453,3315.0
KOO WEE RUP,VIC,-38.189808,145.498279,3981.0
KOO WEE RUP,VIC,-38.189808,145.498279,3981.0
KOO WEE RUP NORTH,VIC,-38.14827,145.536575,3981.0
KOO WEE RUP NORTH,VIC,-38.14827,145.536575,3981.0
KOO WEE RUP NORTH,VIC,-38.14827,145.536575,3981.0
KOOLOONONG,VIC,-34.859826,143.131662,3597.0
KOONDA,VIC,-36.492616,145.751162,3669.0
KOONDROOK,VIC,-35.643588,144.094658,3580.0
KOONOOMOO,VIC,-35.850527,145.562648,3644.0
KOONWARRA,VIC,-38.558357,145.953233,3954.0
KOOREH,VIC,-36.651022,143.395142,3477.0
KOORLONG,VIC,-34.298314,142.041239,3501.0
KOORNALLA,VIC,-38.348279,146.526195,3844.0
KOOROOCHEANG,VIC,-37.303805,144.046505,3364.0
KOOROOL,VIC,-37.729883,146.945807,3860.0
KOOROOMAN,VIC,-38.467872,146.028266,3953.0
KOOYONG,VIC,-37.8411,145.035835,3144.0
KORIELLA,VIC,-37.156777,145.653479,3714.0
KOROBEIT,VIC,-37.576325,144.342947,3341.0
KOROIT,VIC,-38.276234,142.366302,3282.0
KORONG VALE,VIC,-36.365066,143.69758,3520.0
KOROOP,VIC,-35.738574,144.070827,3579.0
KORUMBURRA,VIC,-38.438914,145.822071,3950.0
KORUMBURRA SOUTH,VIC,-38.47861,145.858905,3950.0
KORUMBURRA SOUTH,VIC,-38.47861,145.858905,3950.0
KORWEINGUBOORA,VIC,-37.441229,144.130102,3461.0
KOTTA,VIC,-36.195506,144.526269,3565.0
KOTUPNA,VIC,-36.133727,145.111221,3638.0
KOYUGA,VIC,-36.232398,144.891107,3622.0
KROWERA,VIC,-38.456341,145.664686,3945.0
KULWIN,VIC,-34.988665,142.611451,3490.0
KUNAT,VIC,-35.52213,143.547066,3585.0
KURRACA,VIC,-36.51971,143.614239,3518.0
KURRACA WEST,VIC,-36.510978,143.561522,3518.0
KURRACA WEST,VIC,-36.510978,143.561522,3518.0
KURTING,VIC,-36.539806,143.81419,3517.0
KURUNJANG,VIC,-37.662087,144.592692,3337.0
KYABRAM,VIC,-36.327266,145.017803,3619.0
KYABRAM,VIC,-36.327266,145.017803,3620.0
KYABRAM SOUTH,VIC,-36.385713,145.067879,3620.0
KYABRAM SOUTH,VIC,-36.385713,145.067879,3620.0
KYNETON,VIC,-37.223365,144.456101,3444.0
KYNETON SOUTH,VIC,-37.290729,144.432753,3444.0
KYNETON SOUTH,VIC,-37.290729,144.432753,3444.0
KYVALLEY,VIC,-36.282869,145.006692,3621.0
LAANECOORIE,VIC,-36.825716,143.911823,3463.0
LAANG,VIC,-38.366723,142.812868,3265.0
LABERTOUCHE,VIC,-38.026201,145.798808,3816.0
LACEBY,VIC,-36.448583,146.303671,3678.0
LADYS PASS,VIC,-36.821798,144.689639,3523.0
LAEN,VIC,-36.444658,142.827981,3480.0
LAEN EAST,VIC,-36.399816,142.900248,3480.0
LAEN EAST,VIC,-36.399816,142.900248,3480.0
LAEN NORTH,VIC,-36.376602,142.832297,3480.0
LAEN NORTH,VIC,-36.376602,142.832297,3480.0
LAH,VIC,-36.127834,142.421032,3393.0
LAHARUM,VIC,-36.923623,142.341056,3401.0
LAHARUM,VIC,-36.923623,142.341056,3401.0
LAKE BOGA,VIC,-35.450801,143.638834,3584.0
LAKE BOLAC,VIC,-37.6985,142.846685,3351.0
LAKE BUNGA,VIC,-37.862586,148.037094,3909.0
LAKE CHARM,VIC,-35.597151,143.823696,3581.0
LAKE CONDAH,VIC,-38.085415,141.819766,3303.0
LAKE EILDON,VIC,-37.187831,145.962355,3713.0
LAKE EILDON,VIC,-37.187831,145.962355,3713.0
LAKE EPPALOCK,VIC,-36.907786,144.547781,3551.0
LAKE EPPALOCK,VIC,-36.907786,144.547781,3551.0
LAKE FYANS,VIC,-37.138715,142.625897,3381.0
LAKE GARDENS,VIC,-37.547578,143.817266,3355.0
LAKE GOLDSMITH,VIC,-37.534481,143.388482,3373.0
LAKE LONSDALE,VIC,-37.036651,142.62662,3381.0
LAKE LONSDALE,VIC,-37.036651,142.62662,3381.0
LAKE MARMAL,VIC,-36.129711,143.518587,3525.0
LAKE MERAN,VIC,-35.898944,143.790865,3579.0
LAKE MUNDI,VIC,-37.491221,141.089923,3312.0
LAKE POWELL,VIC,-34.715159,142.933908,3597.0
LAKE ROWAN,VIC,-36.261769,145.981245,3727.0
LAKE ROWAN,VIC,-36.261769,145.981245,3727.0
LAKE TYERS,VIC,-37.840883,148.126971,3887.0
LAKE TYERS BEACH,VIC,-37.858938,148.065748,3909.0
LAKE TYERS BEACH,VIC,-37.858938,148.065748,3909.0
LAKE TYRRELL,VIC,-35.339356,142.832547,3533.0
LAKE WELLINGTON,VIC,-38.093543,147.317861,3851.0
LAKE WELLINGTON,VIC,-38.093543,147.317861,3851.0
LAKE WENDOUREE,VIC,-37.54991,143.834667,3350.0
LAKE WENDOUREE,VIC,-37.54991,143.834667,3350.0
LAKE WONGAN,VIC,-37.603335,143.156412,3373.0
LAKES ENTRANCE,VIC,-37.855958,148.005173,3909.0
LAL LAL,VIC,-37.667122,144.026376,3352.0
LALBERT,VIC,-35.651817,143.446637,3542.0
LALOR,VIC,-37.665973,145.006116,3075.0
LAMPLOUGH,VIC,-37.14866,143.519631,3352.0
LANCASTER,VIC,-36.29893,145.136082,3620.0
LANCE CREEK,VIC,-38.543883,145.671135,3995.0
LANCEFIELD,VIC,-37.264043,144.715405,3435.0
LANDSBOROUGH,VIC,-37.019011,143.146133,3384.0
LANDSBOROUGH WEST,VIC,-37.00786,143.072318,3384.0
LANDSBOROUGH WEST,VIC,-37.00786,143.072318,3384.0
LANG LANG,VIC,-38.297664,145.573911,3984.0
LANG LANG EAST,VIC,-38.270183,145.656499,3984.0
LANG LANG EAST,VIC,-38.270183,145.656499,3984.0
LANGDONS HILL,VIC,-37.415295,144.063171,3363.0
LANGI KAL KAL,VIC,-37.377518,143.499706,3352.0
LANGI LOGAN,VIC,-37.395737,142.928031,3377.0
LANGI LOGAN,VIC,-37.395737,142.928031,3377.0
LANGKOOP,VIC,-37.101081,141.079084,3318.0
LANGLEY,VIC,-37.150934,144.502856,3444.0
LANGSBOROUGH,VIC,-38.649782,146.667148,3971.0
LANGWARRIN,VIC,-38.15435,145.196883,3910.0
LANGWARRIN SOUTH,VIC,-38.189468,145.193503,3911.0
LANGWARRIN SOUTH,VIC,-38.189468,145.193503,3911.0
LARA,VIC,-38.012081,144.410627,3212.0
LARDNER,VIC,-38.218132,145.873934,3821.0
LARPENT,VIC,-38.352467,143.506185,3249.0
LARRALEA,VIC,-38.047814,143.243834,3325.0
LASCELLES,VIC,-35.562391,142.607579,3487.0
LAUNCHING PLACE,VIC,-37.780946,145.577627,3139.0
LAURISTON,VIC,-37.249416,144.3633,3444.0
LAVERS HILL,VIC,-38.667384,143.387662,3238.0
LAVERTON,VIC,-37.85688,144.766457,3028.0
LAVERTON NORTH,VIC,-37.833314,144.787698,3026.0
LAVERTON NORTH,VIC,-37.833314,144.787698,3026.0
LAWLER,VIC,-36.366479,142.745313,3480.0
LAWLOIT,VIC,-36.458709,141.451225,3418.0
LAWRENCE,VIC,-37.325675,143.895724,3364.0
LEAGHUR,VIC,-35.984915,143.807324,3537.0
LEARMONTH,VIC,-37.420245,143.72386,3352.0
LEDCOURT,VIC,-36.987206,142.56629,3385.0
LEICHARDT,VIC,-36.681426,144.070463,3516.0
LEIGH CREEK,VIC,-37.560434,143.962508,3352.0
LEITCHVILLE,VIC,-35.916545,144.292002,3567.0
LEMNOS,VIC,-36.344619,145.474975,3631.0
LENEVA,VIC,-36.204728,146.859429,3691.0
LEONARDS HILL,VIC,-37.412959,144.138435,3461.0
LEONGATHA,VIC,-38.472139,145.937445,3953.0
LEONGATHA NORTH,VIC,-38.421692,145.972084,3953.0
LEONGATHA NORTH,VIC,-38.421692,145.972084,3953.0
LEONGATHA SOUTH,VIC,-38.542017,145.854833,3953.0
LEONGATHA SOUTH,VIC,-38.542017,145.854833,3953.0
LEOPOLD,VIC,-38.196855,144.469674,3224.0
LERDERDERG,VIC,-37.51726,144.420352,3458.0
LESLIE MANOR,VIC,-38.103141,143.381448,3260.0
LESLIE MANOR,VIC,-38.103141,143.381448,3260.0
LETHBRIDGE,VIC,-37.950258,144.089067,3332.0
LEXTON,VIC,-37.255179,143.516472,3352.0
LICOLA,VIC,-37.602946,146.569572,3858.0
LICOLA NORTH,VIC,-37.520502,146.520601,3858.0
LICOLA NORTH,VIC,-37.520502,146.520601,3858.0
LILLICO,VIC,-38.12471,145.964899,3820.0
LILLICUR,VIC,-37.169615,143.60171,3371.0
LILLIMUR,VIC,-36.450166,141.113806,3420.0
LILLIPUT,VIC,-36.128832,146.456535,3682.0
LILYDALE,VIC,-37.762597,145.371478,3140.0
LIMA,VIC,-36.748994,145.948991,3673.0
LIMA EAST,VIC,-36.814184,145.965048,3673.0
LIMA EAST,VIC,-36.814184,145.965048,3673.0
LIMA SOUTH,VIC,-36.834999,146.012664,3673.0
LIMA SOUTH,VIC,-36.834999,146.012664,3673.0
LIMESTONE,VIC,-37.271331,145.549162,3717.0
LINDENOW,VIC,-37.796604,147.467549,3865.0
LINDENOW,VIC,-37.796604,147.467549,3865.0
LINDENOW SOUTH,VIC,-37.869378,147.406467,3875.0
LINDENOW SOUTH,VIC,-37.869378,147.406467,3875.0
LINDENOW SOUTH,VIC,-37.869378,147.406467,3875.0
LINDSAY,VIC,-37.600057,141.119227,3312.0
LINDSAY POINT,VIC,-34.092025,141.014949,3496.0
LINDSAY POINT,VIC,-34.092025,141.014949,3496.0
LINGA,VIC,-35.173224,141.695191,3509.0
LINTON,VIC,-37.693623,143.562091,3360.0
LIPAROO,VIC,-34.811881,142.572906,3549.0
LISMORE,VIC,-37.957746,143.361557,3324.0
LITCHFIELD,VIC,-36.295308,142.837434,3480.0
LITTLE DESERT,VIC,-36.485495,141.744877,3418.0
LITTLE HAMPTON,VIC,-37.359022,144.29355,3458.0
LITTLE HAMPTON,VIC,-37.359022,144.29355,3458.0
LITTLE RIVER,VIC,-37.934055,144.469931,3211.0
LLANELLY,VIC,-36.728048,143.83336,3551.0
LLOWALONG,VIC,-37.905231,147.041388,3862.0
LOCH,VIC,-38.377512,145.678995,3945.0
LOCH SPORT,VIC,-38.043708,147.595134,3851.0
LOCH SPORT,VIC,-38.043708,147.595134,3851.0
LOCH VALLEY,VIC,-37.806887,146.009115,3833.0
LOCH VALLEY,VIC,-37.806887,146.009115,3833.0
LOCKINGTON,VIC,-36.266312,144.497401,3563.0
LOCKINGTON,VIC,-36.266312,144.497401,3563.0
LOCKSLEY,VIC,-36.841767,145.318412,3665.0
LOCKSLEY,VIC,-36.841767,145.318412,3665.0
LOCKWOOD,VIC,-36.814329,144.169405,3551.0
LOCKWOOD,VIC,-36.814329,144.169405,3551.0
LOCKWOOD SOUTH,VIC,-36.878239,144.144122,3551.0
LOCKWOOD SOUTH,VIC,-36.878239,144.144122,3551.0
LOCKWOOD SOUTH,VIC,-36.878239,144.144122,3551.0
LODDON VALE,VIC,-35.998572,143.953884,3575.0
LOGAN,VIC,-36.625955,143.496562,3475.0
LONDRIGAN,VIC,-36.343937,146.437222,3678.0
LONG FOREST,VIC,-37.658038,144.508466,3340.0
LONG FOREST,VIC,-37.658038,144.508466,3340.0
LONG GULLY,VIC,-36.743381,144.259307,3550.0
LONGERENONG,VIC,-36.681305,142.339766,3401.0
LONGFORD,VIC,-38.237956,147.1551,3851.0
LONGLEA,VIC,-36.759373,144.425516,3551.0
LONGWARRY,VIC,-38.123978,145.766059,3816.0
LONGWARRY NORTH,VIC,-38.078039,145.773115,3816.0
LONGWARRY NORTH,VIC,-38.078039,145.773115,3816.0
LONGWOOD,VIC,-36.80645,145.404851,3665.0
LONGWOOD EAST,VIC,-36.829863,145.445752,3666.0
LONGWOOD EAST,VIC,-36.829863,145.445752,3666.0
LORNE,VIC,-38.523217,143.921344,3232.0
LORNE,VIC,-38.523217,143.921344,3232.0
LORQUON,VIC,-36.141121,141.767167,3418.0
LOVELY BANKS,VIC,-38.049903,144.328375,3213.0
LOVELY BANKS,VIC,-38.049903,144.328375,3213.0
LOWER MOIRA,VIC,-36.088872,144.97552,3639.0
LOWER NORTON,VIC,-36.803343,142.073631,3401.0
LOWER PLENTY,VIC,-37.738436,145.120264,3093.0
LOWER PLENTY,VIC,-37.738436,145.120264,3093.0
LOY YANG,VIC,-38.249611,146.57931,3844.0
LUBECK,VIC,-36.747568,142.550186,3385.0
LUCAS,VIC,-37.552585,143.769457,3350.0
LUCKNOW,VIC,-37.804543,147.670266,3875.0
LUCYVALE,VIC,-36.314128,147.584212,3691.0
LURG,VIC,-36.580577,146.118924,3673.0
LYAL,VIC,-36.93,144.455627,3444.0
LYNBROOK,VIC,-38.054086,145.255534,3975.0
LYNDHURST,VIC,-38.064144,145.226991,3975.0
LYONS,VIC,-37.999987,141.476931,3304.0
LYONVILLE,VIC,-37.396679,144.265866,3461.0
LYSTERFIELD,VIC,-37.936047,145.298555,3156.0
LYSTERFIELD SOUTH,VIC,-37.953214,145.266944,3156.0
LYSTERFIELD SOUTH,VIC,-37.953214,145.266944,3156.0
MACARTHUR,VIC,-38.042052,142.043549,3286.0
MACCLESFIELD,VIC,-37.88184,145.489831,3782.0
MACEDON,VIC,-37.424278,144.564095,3440.0
MACKS CREEK,VIC,-38.467052,146.639036,3971.0
MACLEOD,VIC,-37.720736,145.068644,3085.0
MACORNA,VIC,-35.91656,143.993349,3579.0
MACORNA NORTH,VIC,-35.841772,144.07038,3568.0
MACORNA NORTH,VIC,-35.841772,144.07038,3568.0
MACS COVE,VIC,-37.205895,146.144914,3723.0
MADALYA,VIC,-38.508053,146.510075,3971.0
MADDINGLEY,VIC,-37.700766,144.427366,3340.0
MAFEKING,VIC,-37.382938,142.575873,3379.0
MAFFRA,VIC,-37.9638,147.002249,3860.0
MAFFRA WEST UPPER,VIC,-37.872499,146.820392,3859.0
MAFFRA WEST UPPER,VIC,-37.872499,146.820392,3859.0
MAGPIE,VIC,-37.632405,143.845075,3352.0
MAIDEN GULLY,VIC,-36.75584,144.20755,3551.0
MAIDSTONE,VIC,-37.782102,144.87478,3012.0
MAILORS FLAT,VIC,-38.290091,142.467237,3275.0
MAIN LEAD,VIC,-37.386903,143.376866,3373.0
MAIN RIDGE,VIC,-38.402089,144.967074,3928.0
MAINDAMPLE,VIC,-37.030078,145.952677,3723.0
MAINTONGOON,VIC,-37.126395,145.790269,3714.0
MAJOR PLAINS,VIC,-36.366678,145.779567,3725.0
MAJORCA,VIC,-37.128208,143.823463,3465.0
MALDON,VIC,-36.997141,144.062181,3463.0
MALLACOOTA,VIC,-37.524239,149.809067,3892.0
MALMSBURY,VIC,-37.184789,144.391629,3446.0
MALVERN,VIC,-37.858414,145.03477,3144.0
MALVERN EAST,VIC,-37.877882,145.069229,3145.0
MALVERN EAST,VIC,-37.877882,145.069229,3145.0
MAMBOURIN,VIC,-37.900079,144.552003,3024.0
MANANGATANG,VIC,-35.044876,142.900594,3546.0
MANDURANG,VIC,-36.826045,144.294636,3551.0
MANDURANG SOUTH,VIC,-36.868936,144.276929,3551.0
MANDURANG SOUTH,VIC,-36.868936,144.276929,3551.0
MANGALORE,VIC,-36.92461,145.170904,3663.0
MANGALORE,VIC,-36.92461,145.170904,3663.0
MANIFOLD HEIGHTS,VIC,-38.137442,144.333746,3218.0
MANNERIM,VIC,-38.220898,144.608219,3222.0
MANNIBADAR,VIC,-37.774174,143.511014,3360.0
MANNS BEACH,VIC,-38.662498,146.801097,3971.0
MANOR LAKES,VIC,-37.866161,144.580456,3024.0
MANORINA,VIC,-37.691574,148.799607,3889.0
MANSFIELD,VIC,-37.049643,146.112351,3722.0
MANSFIELD,VIC,-37.049643,146.112351,3724.0
MARAMINGO CREEK,VIC,-37.39496,149.615644,3891.0
MARCUS HILL,VIC,-38.241092,144.570941,3222.0
MARDAN,VIC,-38.470233,146.133939,3953.0
MARENGO,VIC,-38.779542,143.655385,3233.0
MARIBYRNONG,VIC,-37.772324,144.884459,3032.0
MARIONVALE,VIC,-36.266487,145.527293,3634.0
MARIONVALE,VIC,-36.266487,145.527293,3634.0
MARKWOOD,VIC,-36.47168,146.510192,3678.0
MARLBED,VIC,-35.822152,142.861148,3483.0
MARLO,VIC,-37.763668,148.731881,3888.0
MARNOO,VIC,-36.692796,142.898461,3387.0
MARNOO EAST,VIC,-36.652455,142.95937,3477.0
MARNOO EAST,VIC,-36.652455,142.95937,3477.0
MARNOO WEST,VIC,-36.701346,142.781691,3387.0
MARNOO WEST,VIC,-36.701346,142.781691,3387.0
MARONG,VIC,-36.751043,144.136902,3515.0
MAROONA,VIC,-37.422443,142.846446,3377.0
MAROONA,VIC,-37.422443,142.846446,3377.0
MARRAWEENEY,VIC,-36.767852,145.733229,3669.0
MARSHALL,VIC,-38.196033,144.356915,3216.0
MARTHAVALE,VIC,-37.447858,147.509485,3875.0
MARUNGI,VIC,-36.201861,145.517935,3634.0
MARYBOROUGH,VIC,-37.050183,143.730187,3465.0
MARYKNOLL,VIC,-38.034366,145.601992,3812.0
MARYSVILLE,VIC,-37.524102,145.818885,3779.0
MARYVALE,VIC,-38.183199,146.431318,3840.0
MASSEY,VIC,-36.222258,142.859868,3482.0
MATLOCK,VIC,-37.591211,146.248135,3723.0
MAUDE,VIC,-37.944888,144.196961,3331.0
MCCRAE,VIC,-38.354541,144.933164,3938.0
MCINTYRE,VIC,-36.689012,143.678123,3472.0
MCKENZIE CREEK,VIC,-36.802844,142.166084,3401.0
MCKENZIE HILL,VIC,-37.069285,144.183963,3451.0
MCKINNON,VIC,-37.910562,145.039063,3204.0
MCLOUGHLINS BEACH,VIC,-38.605333,146.902209,3874.0
MCMAHONS CREEK,VIC,-37.695949,145.837644,3799.0
MCMILLANS,VIC,-35.847589,144.157303,3568.0
MEAD,VIC,-35.801915,144.122723,3568.0
MEADOW CREEK,VIC,-36.601671,146.456386,3678.0
MEADOW CREEK,VIC,-36.601671,146.456386,3678.0
MEADOW CREEK,VIC,-36.601671,146.456386,3678.0
MEADOW HEIGHTS,VIC,-37.651234,144.919411,3048.0
MEADOW HEIGHTS,VIC,-37.651234,144.919411,3048.0
MEADOW HEIGHTS,VIC,-37.651234,144.919411,3048.0
MEATIAN,VIC,-35.565301,143.362711,3585.0
MEENIYAN,VIC,-38.580402,146.009949,3956.0
MEERING WEST,VIC,-35.882661,143.702517,3579.0
MEERLIEU,VIC,-38.014902,147.404813,3862.0
MELBOURNE,VIC,-37.82748,144.979883,8069.0
MELBOURNE,VIC,-37.82748,144.979883,8120.0
MELBOURNE,VIC,-37.82748,144.979883,8051.0
MELBOURNE,VIC,-37.82748,144.979883,8111.0
MELBOURNE,VIC,-37.82748,144.979883,8045.0
MELBOURNE,VIC,-37.82748,144.979883,8111.0
MELBOURNE,VIC,-37.82748,144.979883,8045.0
MELBOURNE,VIC,-37.82748,144.979883,8066.0
MELBOURNE,VIC,-37.82748,144.979883,8071.0
MELBOURNE,VIC,-37.82748,144.979883,8107.0
MELBOURNE,VIC,-37.82748,144.979883,8102.0
MELBOURNE,VIC,-37.82748,144.979883,8066.0
MELBOURNE,VIC,-37.82748,144.979883,8071.0
MELBOURNE,VIC,-37.82748,144.979883,3000.0
MELBOURNE,VIC,-37.82748,144.979883,3001.0
MELBOURNE,VIC,-37.82748,144.979883,3004.0
MELBOURNE,VIC,-37.82748,144.979883,8001.0
MELBOURNE,VIC,-37.82748,144.979883,8102.0
MELBOURNE,VIC,-37.82748,144.979883,8071.0
MELBOURNE AIRPORT,VIC,-37.675738,144.835074,3045.0
MELBOURNE AIRPORT,VIC,-37.675738,144.835074,3045.0
MELTON,VIC,-37.675452,144.62349,3337.0
MELTON SOUTH,VIC,-37.705419,144.571753,3338.0
MELTON SOUTH,VIC,-37.705419,144.571753,3338.0
MELTON WEST,VIC,-37.678503,144.540964,3337.0
MELTON WEST,VIC,-37.678503,144.540964,3337.0
MELVILLE FOREST,VIC,-37.485525,141.867351,3315.0
MELVILLE FOREST,VIC,-37.485525,141.867351,3315.0
MELVILLE FOREST,VIC,-37.485525,141.867351,3315.0
MELWOOD,VIC,-37.739855,147.505356,3875.0
MENA PARK,VIC,-37.536763,143.479929,3373.0
MENTONE,VIC,-37.984233,145.06158,3194.0
MENZIES CREEK,VIC,-37.92067,145.406036,3159.0
MENZIES CREEK,VIC,-37.92067,145.406036,3159.0
MEPUNGA,VIC,-38.456861,142.674254,3277.0
MEPUNGA EAST,VIC,-38.444168,142.713273,3277.0
MEPUNGA EAST,VIC,-38.444168,142.713273,3277.0
MEPUNGA WEST,VIC,-38.440303,142.646324,3277.0
MEPUNGA WEST,VIC,-38.440303,142.646324,3277.0
MERBEIN,VIC,-34.160889,142.048341,3505.0
MERBEIN SOUTH,VIC,-34.232931,142.014021,3505.0
MERBEIN SOUTH,VIC,-34.232931,142.014021,3505.0
MERBEIN WEST,VIC,-34.166672,142.007289,3505.0
MERBEIN WEST,VIC,-34.166672,142.007289,3505.0
MEREDITH,VIC,-37.867142,144.0335,3333.0
MERINGUR,VIC,-34.416305,141.295339,3496.0
MERINO,VIC,-37.733223,141.530612,3310.0
MERNDA,VIC,-37.592213,145.085518,3754.0
MERRIANG,VIC,-36.564339,146.68636,3737.0
MERRIANG SOUTH,VIC,-36.595044,146.667893,3737.0
MERRIANG SOUTH,VIC,-36.595044,146.667893,3737.0
MERRICKS,VIC,-38.394227,145.082135,3916.0
MERRICKS BEACH,VIC,-38.39293,145.107395,3926.0
MERRICKS BEACH,VIC,-38.39293,145.107395,3926.0
MERRICKS NORTH,VIC,-38.341335,145.071889,3926.0
MERRICKS NORTH,VIC,-38.341335,145.071889,3926.0
MERRIGUM,VIC,-36.365095,145.154175,3618.0
MERRIJIG,VIC,-37.077709,146.280115,3723.0
MERRIJIG,VIC,-37.077709,146.280115,3875.0
MERRIJIG,VIC,-37.658195,147.43163,3723.0
MERRIJIG,VIC,-37.658195,147.43163,3875.0
MERRIMU,VIC,-37.657527,144.474674,3340.0
MERRINEE,VIC,-34.390174,141.847065,3496.0
MERTON,VIC,-36.983428,145.708368,3715.0
METCALFE,VIC,-37.093999,144.437127,3448.0
METCALFE EAST,VIC,-37.14589,144.457332,3444.0
METCALFE EAST,VIC,-37.14589,144.457332,3444.0
METUNG,VIC,-37.86585,147.80889,3904.0
MIA MIA,VIC,-36.98484,144.610609,3444.0
MICKLEHAM,VIC,-37.546331,144.898962,3064.0
MIDDLE CREEK,VIC,-37.397775,143.246461,3375.0
MIDDLE PARK,VIC,-37.850606,144.960764,3206.0
MIDDLE TARWIN,VIC,-38.672962,145.922854,3956.0
MIDDLE TARWIN,VIC,-38.672962,145.922854,3956.0
MIEPOLL,VIC,-36.617753,145.472604,3666.0
MIGA LAKE,VIC,-36.852862,141.639664,3409.0
MILAWA,VIC,-36.461817,146.440179,3678.0
MILAWA,VIC,-36.461817,146.440179,3678.0
MILDURA,VIC,-34.21095,142.135432,3500.0
MILDURA,VIC,-34.21095,142.135432,3502.0
MILL PARK,VIC,-37.664161,145.062737,3082.0
MILLBROOK,VIC,-37.611727,144.044114,3352.0
MILLGROVE,VIC,-37.745119,145.650696,3799.0
MILLOO,VIC,-36.363534,144.369191,3572.0
MILLTOWN,VIC,-38.053161,141.695231,3304.0
MILNES BRIDGE,VIC,-35.787398,144.087686,3579.0
MINCHA,VIC,-35.99832,144.052764,3575.0
MINCHA WEST,VIC,-35.91244,144.133172,3568.0
MINCHA WEST,VIC,-35.91244,144.133172,3568.0
MINERS REST,VIC,-37.485998,143.797381,3352.0
MINGAY,VIC,-37.852562,143.327362,3324.0
MINHAMITE,VIC,-37.988034,142.346508,3287.0
MINIMAY,VIC,-36.710424,141.218359,3413.0
MININERA,VIC,-37.603842,142.960093,3351.0
MINJAH,VIC,-38.041584,142.477363,3276.0
MINMINDIE,VIC,-36.02206,143.755237,3537.0
MINMINDIE,VIC,-36.02206,143.755237,3537.0
MINYIP,VIC,-36.455928,142.656009,
MIOWERA,VIC,-37.477419,147.085991,
MIRALIE,VIC,-35.122338,143.321555,
MIRAM,VIC,-36.370656,141.382413,
MIRBOO,VIC,-38.482541,146.235897,
MIRBOO NORTH,VIC,-38.394683,146.155508,
MIRIMBAH,VIC,-37.115017,146.399132,
MIRRANATWA,VIC,-37.399945,142.401178,
MITCHAM,VIC,-37.816091,145.19964,
MITCHELL PARK,VIC,-37.509205,143.777256,
MITCHELLSTOWN,VIC,-36.842324,145.035161,
MITIAMO,VIC,-36.214638,144.235832,
MITRE,VIC,-36.712432,141.789002,
MITTA MITTA,VIC,-36.614205,147.32937,
MITTYACK,VIC,-35.151245,142.621132,
MOCKINYA,VIC,-36.960056,142.176778,
MODELLA,VIC,-38.176648,145.722824,
MODEWARRE,VIC,-38.268138,144.121942,
MOE,VIC,-38.175027,146.247185,
MOE SOUTH,VIC,-38.213232,146.247454,
MOGGS CREEK,VIC,-38.455505,144.066023,
MOGLONEMBY,VIC,-36.649768,145.542484,
MOKEPILLY,VIC,-37.089366,142.642278,
MOLESWORTH,VIC,-37.162554,145.520046,
MOLIAGUL,VIC,-36.748413,143.671093,
MOLKA,VIC,-36.679832,145.40362,
MOLLONGGHIP,VIC,-37.467591,144.042026,
MOLOGA,VIC,-36.16316,144.132579,
MOLYULLAH,VIC,-36.682337,146.159808,
MONBULK,VIC,-37.875024,145.426021,
MONEGEETTA,VIC,-37.393453,144.785143,
MONGANS BRIDGE,VIC,-36.589624,147.130235,
MONOMAK,VIC,-37.762945,146.833423,
MONOMEITH,VIC,-38.212589,145.532136,
MONT ALBERT,VIC,-37.818801,145.107819,3127.0
MONT ALBERT NORTH,VIC,-37.802684,145.111024,3129.0
MONTGOMERY,VIC,-38.039591,147.060817,
MONTMORENCY,VIC,-37.720287,145.1238,
MONTROSE,VIC,-37.817347,145.340863,
MOOLAP,VIC,-38.171757,144.428405,
MOOLERR,VIC,-36.647321,143.1691,
MOOLORT,VIC,-37.063047,143.915165,
MOONAMBEL,VIC,-36.98453,143.304118,
MOONDARRA,VIC,-38.047682,146.354378,
MOONEE PONDS,VIC,-37.765312,144.919871,
MOONLIGHT FLAT,VIC,-37.045577,143.651967,
MOONLIGHT FLAT,VIC,-37.060173,144.248696,
MOORA,VIC,-36.607393,144.946055,
MOORABBIN,VIC,-37.941637,145.058193,
MOORABBIN AIRPORT,VIC,-37.977971,145.101032,
MOORABOOL,VIC,-38.042195,144.284386,
MOORALLA,VIC,-37.385667,142.108447,
MOORILIM,VIC,-36.621885,145.297068,
MOORMBOOL WEST,VIC,-36.814457,144.856535,
MOORNAPA,VIC,-37.696354,147.151548,
MOORNGAG,VIC,-36.736433,146.054794,
MOOROODUC,VIC,-38.245519,145.116157,
MOOROOLBARK,VIC,-37.780574,145.324861,
MOOROOPNA,VIC,-36.398642,145.340224,
MOOROOPNA NORTH,VIC,-36.328388,145.317701,
MOOROOPNA NORTH WEST,VIC,-36.350402,145.250069,
MORANDING,VIC,-37.233016,144.946809,
MORDIALLOC,VIC,-37.99834,145.098694,
MORGIANA,VIC,-37.73024,141.831919,
MORIAC,VIC,-38.244578,144.174831,
MORNINGTON,VIC,-38.227697,145.060919,
MOROKA,VIC,-37.493338,146.951732,
MORRISONS,VIC,-37.761566,144.118081,
MORRL MORRL,VIC,-36.865955,142.890299,
MORTLAKE,VIC,-38.058369,142.792683,
MORTON PLAINS,VIC,-36.07359,142.907475,
MORWELL,VIC,-38.231761,146.409195,
MOSSIFACE,VIC,-37.745076,147.822537,
MOUNT ALFRED,VIC,-35.998022,147.631485,
MOUNT BEAUTY,VIC,-36.748807,147.228796,
MOUNT BECKWORTH,VIC,-37.304205,143.700114,
MOUNT BEST,VIC,-38.586908,146.297789,
MOUNT BOLTON,VIC,-37.359326,143.684553,
MOUNT BRUNO,VIC,-36.321294,146.151986,
MOUNT BUFFALO,VIC,-36.727863,146.768549,
MOUNT BULLER,VIC,-37.269448,146.400875,
MOUNT BURNETT,VIC,-37.975712,145.510942,
MOUNT BUTE,VIC,-37.876414,143.409611,
MOUNT CAMEL,VIC,-36.806988,144.751758,
MOUNT CAMERON,VIC,-37.204409,143.813783,
MOUNT CLEAR,VIC,-37.603589,143.872811,
MOUNT COLE,VIC,-37.248611,143.210488,
MOUNT COLE CREEK,VIC,-37.220145,143.122227,
MOUNT COTTRELL,VIC,-37.795042,144.622187,
MOUNT DANDENONG,VIC,-37.836696,145.351342,3767.0
MOUNT DORAN,VIC,-37.722267,144.042701,
MOUNT DRYDEN,VIC,-37.053151,142.53231,
MOUNT DUNEED,VIC,-38.249509,144.323078,
MOUNT ECCLES,VIC,-38.377467,145.973439,
MOUNT ECCLES SOUTH,VIC,-38.413046,145.994407,
MOUNT EGERTON,VIC,-37.654752,144.124668,
MOUNT ELIZA,VIC,-38.193808,145.095253,
MOUNT EMU,VIC,-37.600065,143.393143,3351.0
MOUNT EVELYN,VIC,-37.786978,145.385424,3796.0
MOUNT FRANKLIN,VIC,-37.260066,144.156018,3461.0
MOUNT GLASGOW,VIC,-37.202428,143.762813,
MOUNT HELEN,VIC,-37.626949,143.887245,
MOUNT HOOGHLY,VIC,-36.908598,143.662835,
MOUNT LONARCH,VIC,-37.265025,143.386697,
MOUNT MACEDON,VIC,-37.390248,144.590747,3441.0
MOUNT MAJOR,VIC,-36.368006,145.69891,
MOUNT MARTHA,VIC,-38.273727,145.032284,
MOUNT MERCER,VIC,-37.837278,143.867363,
MOUNT MORIAC,VIC,-38.210013,144.190317,
MOUNT NAPIER,VIC,-37.894923,142.05957,3301.0
MOUNT PLEASANT,VIC,-37.581732,143.855068,
MOUNT PROSPECT,VIC,-37.399465,144.049671,3364.0
MOUNT RICHMOND,VIC,-38.15464,141.320704,3305.0
MOUNT ROWAN,VIC,-37.499776,143.841362,3352.0
MOUNT SABINE,VIC,-38.633774,143.750722,3236.0
MOUNT TASSIE,VIC,-38.387602,146.561213,
MOUNT TAYLOR,VIC,-37.726415,147.583273,3875.0
MOUNT TOOLEBEWONG,VIC,-37.719217,145.561749,
MOUNT WALLACE,VIC,-37.73434,144.217618,3342.0
MOUNT WAVERLEY,VIC,-37.878392,145.128501,3149.0
MOUNTAIN BAY,VIC,-37.198052,146.103974,
MOUNTAIN VIEW,VIC,-38.302921,145.864237,
MOUTAJUP,VIC,-37.684439,142.229806,
MOYARRA,VIC,-38.484471,145.724146,
MOYHU,VIC,-36.599308,146.38538,
MOYREISK,VIC,-36.879235,143.380634,
MOYSTON,VIC,-37.276115,142.748755,
MUCKATAH,VIC,-36.003583,145.651008,
MUCKLEFORD,VIC,-37.054214,144.147926,
MUCKLEFORD SOUTH,VIC,-37.10606,144.127289,
MUDGEGONGA,VIC,-36.48967,146.856566,
MULGRAVE,VIC,-37.921453,145.165399,
MUMBANNAR,VIC,-37.935084,141.095388,
MUNDOONA,VIC,-36.149134,145.347319,
MUNRO,VIC,-37.898512,147.212687,
MUNTHAM,VIC,-37.57406,141.542329,
MURCHISON,VIC,-36.625968,145.181227,
MURCHISON EAST,VIC,-36.614511,145.246168,3610.0
MURCHISON NORTH,VIC,-36.570116,145.270566,
MURGHEBOLUC,VIC,-38.100195,144.139831,
MURMUNGEE,VIC,-36.44897,146.689578,
MURNUNGIN,VIC,-35.614187,143.238689,
MURPHYS CREEK,VIC,-36.730704,143.754765,
MURRA WARRA,VIC,-36.436399,142.246627,3401.0
MURRABIT,VIC,-35.537069,143.937916,
MURRABIT WEST,VIC,-35.509462,143.880842,
MURRAWEE,VIC,-35.301398,143.514054,
MURRAY-SUNSET,VIC,-34.564459,141.516836,
MURRAYDALE,VIC,-35.281713,143.566342,
MURRAYVILLE,VIC,-35.203945,141.213431,
MURRINDAL,VIC,-37.415783,148.208274,
MURRINDINDI,VIC,-37.369355,145.582168,
MURROON,VIC,-38.427063,143.79733,
MURRUMBEENA,VIC,-37.896293,145.070604,
MURTOA,VIC,-36.59675,142.476241,
MUSK,VIC,-37.368252,144.19656,
MUSK VALE,VIC,-37.380455,144.160242,
MUSKERRY,VIC,-36.674091,144.588489,
MYALL,VIC,-35.605221,144.00801,
MYALL,VIC,-35.550758,142.757875,
MYAMYN,VIC,-38.006383,141.718152,
MYERS FLAT,VIC,-36.700506,144.178024,
MYOLA,VIC,-36.625001,144.608148,
MYRNIONG,VIC,-37.585962,144.304703,
MYRRHEE,VIC,-36.743639,146.304786,
MYRTLE CREEK,VIC,-36.936173,144.403215,
MYRTLEBANK,VIC,-38.062654,147.022164,
MYRTLEFORD,VIC,-36.577616,146.74808,
MYSIA,VIC,-36.229864,143.750891,
MYSTIC PARK,VIC,-35.568568,143.731437,
MYWEE,VIC,-35.838589,145.509019,
NAGAMBIE,VIC,-36.791575,145.213961,3608.0
NALANGIL,VIC,-38.326844,143.456533,3249.0
NALINGA,VIC,-36.427102,145.724286,3646.0
NAMBROK,VIC,-38.087134,146.846716,3847.0
NANDALY,VIC,-35.31305,142.678194,3533.0
NANGANA,VIC,-37.8739,145.537015,3781.0
NANGANA,VIC,-37.8739,145.537015,3781.0
NANGEELA,VIC,-37.480565,141.331097,3312.0
NANGILOC,VIC,-34.480649,142.306223,3494.0
NANNEELLA,VIC,-36.3354,144.795675,3561.0
NAP NAP MARRA,VIC,-37.598484,146.840456,3860.0
NAPOLEONS,VIC,-37.690147,143.805264,3352.0
NAR NAR GOON,VIC,-38.113978,145.575391,3812.0
NAR NAR GOON NORTH,VIC,-38.029303,145.563671,3812.0
NAR NAR GOON NORTH,VIC,-38.029303,145.563671,3812.0
NARBETHONG,VIC,-37.542445,145.63873,3778.0
NAREEB,VIC,-37.834759,142.541783,3293.0
NAREEN,VIC,-37.383761,141.534454,3315.0
NAREEWILLOCK,VIC,-36.160426,143.437898,3525.0
NARIEL VALLEY,VIC,-36.499987,147.867394,3707.0
NARING,VIC,-36.062164,145.581681,3636.0
NARINGAL,VIC,-38.392795,142.724726,3277.0
NARINGAL,VIC,-38.392795,142.724726,3277.0
NARINGAL EAST,VIC,-38.408485,142.789489,3277.0
NARINGAL EAST,VIC,-38.408485,142.789489,3277.0
NARINGAL EAST,VIC,-38.408485,142.789489,3277.0
NAROGHID,VIC,-38.248595,143.064687,3266.0
NARRACAN,VIC,-38.271609,146.231101,3824.0
NARRAPORT,VIC,-36.024237,143.068102,3483.0
NARRAPUMELAP SOUTH,VIC,-37.756778,142.64301,3293.0
NARRAWONG,VIC,-38.237163,141.715071,3285.0
NARRE WARREN,VIC,-38.020489,145.300443,3805.0
NARRE WARREN,VIC,-38.020489,145.300443,3805.0
NARRE WARREN EAST,VIC,-37.962255,145.358204,3804.0
NARRE WARREN EAST,VIC,-37.962255,145.358204,3804.0
NARRE WARREN EAST,VIC,-37.962255,145.358204,3804.0
NARRE WARREN NORTH,VIC,-37.984562,145.31521,3804.0
NARRE WARREN NORTH,VIC,-37.984562,145.31521,3804.0
NARRE WARREN NORTH,VIC,-37.984562,145.31521,3804.0
NARRE WARREN SOUTH,VIC,-38.049751,145.300867,3805.0
NARRE WARREN SOUTH,VIC,-38.049751,145.300867,3805.0
NARRE WARREN SOUTH,VIC,-38.049751,145.300867,3805.0
NARRUNG,VIC,-34.777014,143.218765,3597.0
NATHALIA,VIC,-36.060691,145.187837,3638.0
NATIMUK,VIC,-36.726111,141.941426,3409.0
NATTE YALLOCK,VIC,-36.947752,143.451218,3465.0
NATYA,VIC,-34.94239,143.178711,3597.0
NAVARRE,VIC,-36.897503,143.106791,3384.0
NAVIGATORS,VIC,-37.609771,143.932142,3352.0
NAYOOK,VIC,-37.914568,145.930621,3832.0
NEDS CORNER,VIC,-34.193517,141.378587,3496.0
NEEREMAN,VIC,-36.920204,143.953072,3463.0
NEERIM,VIC,-37.956531,145.960612,3831.0
NEERIM EAST,VIC,-38.000317,146.074189,3831.0
NEERIM EAST,VIC,-38.000317,146.074189,3831.0
NEERIM JUNCTION,VIC,-37.920013,145.96822,3832.0
NEERIM JUNCTION,VIC,-37.920013,145.96822,3832.0
NEERIM NORTH,VIC,-37.923464,146.028633,3832.0
NEERIM NORTH,VIC,-37.923464,146.028633,3832.0
NEERIM SOUTH,VIC,-38.010141,145.994031,3831.0
NEERIM SOUTH,VIC,-38.010141,145.994031,3831.0
NEILBOROUGH,VIC,-36.555422,144.265148,3570.0
NELSE,VIC,-36.833855,147.387429,3699.0
NELSON,VIC,-38.077889,141.141873,3292.0
NERRENA,VIC,-38.506976,146.019449,3953.0
NERRIN NERRIN,VIC,-37.756359,143.038797,3351.0
NERRINA,VIC,-37.538717,143.892122,3350.0
NERRING,VIC,-37.497526,143.446921,3373.0
NETHERBY,VIC,-36.091734,141.658274,3418.0
NEUARPURR,VIC,-36.698371,141.018289,3413.0
NEW GISBORNE,VIC,-37.450096,144.608545,3438.0
NEW GISBORNE,VIC,-37.450096,144.608545,3438.0
NEWBOROUGH,VIC,-38.177436,146.288692,3825.0
NEWBRIDGE,VIC,-36.750906,143.923023,3551.0
NEWBURY,VIC,-37.42091,144.283408,3458.0
NEWCOMB,VIC,-38.163329,144.394984,3219.0
NEWFIELD,VIC,-38.560621,143.008825,3268.0
NEWHAM,VIC,-37.297674,144.611744,3442.0
NEWHAVEN,VIC,-38.516871,145.332399,3925.0
NEWINGTON,VIC,-37.563247,143.827938,3350.0
NEWLANDS ARM,VIC,-37.927022,147.687312,3875.0
NEWLANDS ARM,VIC,-37.927022,147.687312,3875.0
NEWLANDS ARM,VIC,-37.927022,147.687312,3875.0
NEWLYN,VIC,-37.414796,143.98011,3364.0
NEWLYN NORTH,VIC,-37.393907,143.999574,3364.0
NEWLYN NORTH,VIC,-37.393907,143.999574,3364.0
NEWMERELLA,VIC,-37.751574,148.454429,3886.0
NEWPORT,VIC,-37.845482,144.879598,3015.0
NEWRY,VIC,-37.897083,146.902007,3859.0
NEWSTEAD,VIC,-37.108812,144.050762,3462.0
NEWTOWN,VIC,-38.153701,144.335906,3220.0
NEWTOWN,VIC,-38.153701,144.335906,3351.0
NEWTOWN,VIC,-37.699896,143.654434,3220.0
NEWTOWN,VIC,-37.699896,143.654434,3351.0
NHILL,VIC,-36.307058,141.562549,3418.0
NICHOLS POINT,VIC,-34.210702,142.213382,3501.0
NICHOLSON,VIC,-37.807485,147.747891,3882.0
NIDDRIE,VIC,-37.739428,144.886449,3042.0
NILMA,VIC,-38.170939,145.973108,3821.0
NILMA NORTH,VIC,-38.123507,146.009459,3821.0
NILMA NORTH,VIC,-38.123507,146.009459,3821.0
NINDA,VIC,-35.434113,142.709201,3533.0
NINE MILE,VIC,-36.450623,143.467106,3518.0
NINTINGBOOL,VIC,-37.609882,143.721285,3351.0
NINYEUNOOK,VIC,-35.964296,143.43222,3527.0
NIRRANDA,VIC,-38.50847,142.77502,3268.0
NIRRANDA EAST,VIC,-38.482013,142.85763,3268.0
NIRRANDA EAST,VIC,-38.482013,142.85763,3268.0
NIRRANDA SOUTH,VIC,-38.545353,142.797967,3268.0
NIRRANDA SOUTH,VIC,-38.545353,142.797967,3268.0
NOBLE PARK,VIC,-37.966156,145.177721,3174.0
NOBLE PARK NORTH,VIC,-37.95218,145.187003,3174.0
NOBLE PARK NORTH,VIC,-37.95218,145.187003,3174.0
NOOJEE,VIC,-37.835265,145.944323,3833.0
NOORAT,VIC,-38.194016,142.906554,3265.0
NOORAT EAST,VIC,-38.202792,142.976512,3265.0
NOORAT EAST,VIC,-38.202792,142.976512,3265.0
NOORINBEE,VIC,-37.519771,149.215305,3890.0
NOORINBEE NORTH,VIC,-37.445596,149.285042,3890.0
NOORINBEE NORTH,VIC,-37.445596,149.285042,3890.0
NORADJUHA,VIC,-36.84416,141.911359,3409.0
NORLANE,VIC,-38.093721,144.355895,3214.0
NORMANVILLE,VIC,-35.800014,143.728641,3579.0
NORONG,VIC,-36.0897,146.358459,3682.0
NORTH BENDIGO,VIC,-36.7377,144.280487,3550.0
NORTH BENDIGO,VIC,-36.7377,144.280487,3550.0
NORTH BLACKWOOD,VIC,-37.417378,144.362534,3458.0
NORTH GEELONG,VIC,-38.114259,144.351609,3215.0
NORTH GEELONG,VIC,-38.114259,144.351609,3215.0
NORTH GEELONG,VIC,-38.114259,144.351609,3215.0
NORTH MELBOURNE,VIC,-37.796779,144.943591,3051.0
NORTH MELBOURNE,VIC,-37.796779,144.943591,3051.0
NORTH SHORE,VIC,-38.096193,144.373831,3214.0
NORTH WANGARATTA,VIC,-36.320974,146.330025,3678.0
NORTH WANGARATTA,VIC,-36.320974,146.330025,3678.0
NORTH WANGARATTA,VIC,-36.320974,146.330025,3678.0
NORTH WARRANDYTE,VIC,-37.726206,145.212732,3113.0
NORTH WARRANDYTE,VIC,-37.726206,145.212732,3113.0
NORTH WARRANDYTE,VIC,-37.726206,145.212732,3113.0
NORTH WONTHAGGI,VIC,-38.577681,145.593012,3995.0
NORTHCOTE,VIC,-37.772285,145.000916,3070.0
NORTHWOOD,VIC,-36.944066,145.098487,3660.0
NORVAL,VIC,-37.251232,142.858651,3377.0
NOTTING HILL,VIC,-37.905263,145.141252,3168.0
NOWA NOWA,VIC,-37.699447,148.008485,3887.0
NOWHERE CREEK,VIC,-37.129158,143.298461,3469.0
NOWIE,VIC,-35.326297,143.257997,3585.0
NUG NUG,VIC,-36.670185,146.726184,3737.0
NUGGETTY,VIC,-36.955761,144.059609,3463.0
NULLA VALE,VIC,-37.170106,144.757433,3435.0
NULLAWARRE,VIC,-38.48265,142.815742,3268.0
NULLAWARRE NORTH,VIC,-38.437876,142.795479,3268.0
NULLAWARRE NORTH,VIC,-38.437876,142.795479,3268.0
NULLAWIL,VIC,-35.859037,143.138263,3529.0
NUMURKAH,VIC,-36.080683,145.442536,3636.0
NUNAWADING,VIC,-37.816565,145.176283,3131.0
NUNGURNER,VIC,-37.852396,147.89414,3909.0
NUNNIONG,VIC,-37.237631,147.940146,3896.0
NURCOUNG,VIC,-36.625963,141.660872,3401.0
NURRABIEL,VIC,-36.946172,142.051024,3401.0
NURRAN,VIC,-37.49208,148.552963,3888.0
NUTFIELD,VIC,-37.601366,145.185927,3099.0
NYAH,VIC,-35.152579,143.36445,3594.0
NYAH WEST,VIC,-35.178245,143.334616,3595.0
NYAH WEST,VIC,-35.178245,143.334616,3595.0
NYARRIN,VIC,-35.38981,142.675184,3533.0
NYERIMILANG,VIC,-37.890101,147.927753,3909.0
NYORA,VIC,-38.306198,145.68212,3987.0
NYRRABY,VIC,-35.229206,143.223675,3585.0
OAK PARK,VIC,-37.718239,144.919896,3046.0
OAKLANDS JUNCTION,VIC,-37.578123,144.833744,3063.0
OAKLANDS JUNCTION,VIC,-37.578123,144.833744,3063.0
OAKLEIGH,VIC,-37.899115,145.095008,3166.0
OAKLEIGH EAST,VIC,-37.904762,145.11772,3166.0
OAKLEIGH EAST,VIC,-37.904762,145.11772,3166.0
OAKLEIGH SOUTH,VIC,-37.926839,145.091242,3167.0
OAKLEIGH SOUTH,VIC,-37.926839,145.091242,3167.0
OAKVALE,VIC,-35.928979,143.541668,3540.0
OCEAN GRANGE,VIC,-38.00817,147.670626,3880.0
OCEAN GRANGE,VIC,-38.00817,147.670626,3880.0
OCEAN GROVE,VIC,-38.258411,144.530469,3226.0
OCEAN GROVE,VIC,-38.258411,144.530469,3226.0
OFFICER,VIC,-38.048871,145.411899,3809.0
OFFICER SOUTH,VIC,-38.104007,145.424603,3809.0
OFFICER SOUTH,VIC,-38.104007,145.424603,3809.0
OLD TALLANGATTA,VIC,-36.201207,147.251466,3701.0
OLD TALLANGATTA,VIC,-36.201207,147.251466,3701.0
OLINDA,VIC,-37.854368,145.369476,3788.0
OMBERSLEY,VIC,-38.205911,143.824762,3241.0
OMEO,VIC,-37.104133,147.582247,3898.0
OMEO VALLEY,VIC,-36.944735,147.614842,3898.0
OMEO VALLEY,VIC,-36.944735,147.614842,3898.0
ONDIT,VIC,-38.239214,143.62094,3249.0
ORBOST,VIC,-37.654919,148.510081,3888.0
ORFORD,VIC,-38.206382,142.109202,3284.0
ORMOND,VIC,-37.903218,145.04465,3204.0
ORRVALE,VIC,-36.412714,145.44688,3631.0
OSBORNES FLAT,VIC,-36.318117,146.901485,3691.0
OSBORNES FLAT,VIC,-36.318117,146.901485,3691.0
OUTTRIM,VIC,-38.530685,145.783495,3951.0
OUYEN,VIC,-35.045679,142.314362,3490.0
OVENS,VIC,-36.605069,146.784574,3738.0
OXLEY,VIC,-36.448005,146.373248,3678.0
OXLEY FLATS,VIC,-36.397683,146.393351,3678.0
OXLEY FLATS,VIC,-36.397683,146.393351,3678.0
OZENKADNOOK,VIC,-36.83908,141.362236,3413.0
PAARATTE,VIC,-38.555328,142.961766,3268.0
PAINSWICK,VIC,-36.802794,143.723235,3551.0
PAKENHAM,VIC,-38.070313,145.478294,3810.0
PAKENHAM SOUTH,VIC,-38.140852,145.502842,3810.0
PAKENHAM SOUTH,VIC,-38.140852,145.502842,3810.0
PAKENHAM UPPER,VIC,-38.008476,145.509637,3810.0
PAKENHAM UPPER,VIC,-38.008476,145.509637,3810.0
PANITYA,VIC,-35.142716,141.005783,3512.0
PANMURE,VIC,-38.331489,142.735061,3265.0
PANTON HILL,VIC,-37.640588,145.247489,3759.0
PARADISE,VIC,-36.831328,143.066284,3477.0
PARADISE,VIC,-36.831328,143.066284,3477.0
PARADISE BEACH,VIC,-38.191959,147.421243,3851.0
PARADISE BEACH,VIC,-38.191959,147.421243,3851.0
PARADISE BEACH,VIC,-38.191959,147.421243,3851.0
PARAPARAP,VIC,-38.299023,144.183633,3240.0
PARAPARAP,VIC,-38.299023,144.183633,3240.0
PARAPARAP,VIC,-38.299023,144.183633,3240.0
PARK ORCHARDS,VIC,-37.776049,145.211286,3114.0
PARKDALE,VIC,-37.993734,145.080863,3195.0
PARKVILLE,VIC,-37.787147,144.949578,3052.0
PARWAN,VIC,-37.739696,144.46882,3340.0
PASCHENDALE,VIC,-37.659877,141.610153,3315.0
PASCOE VALE,VIC,-37.724692,144.936077,3044.0
PASCOE VALE SOUTH,VIC,-37.743153,144.94032,3044.0
PASCOE VALE SOUTH,VIC,-37.743153,144.94032,3044.0
PASTORIA,VIC,-37.213978,144.58115,3444.0
PASTORIA EAST,VIC,-37.178006,144.630773,3444.0
PASTORIA EAST,VIC,-37.178006,144.630773,3444.0
PATCHEWOLLOCK,VIC,-35.417461,142.158836,3491.0
PATHO,VIC,-36.016415,144.370526,3564.0
PATTERSON LAKES,VIC,-38.067592,145.146282,3197.0
PATTERSON LAKES,VIC,-38.067592,145.146282,3197.0
PATYAH,VIC,-36.892122,141.272821,3318.0
PAYNESVILLE,VIC,-37.905793,147.714093,3880.0
PEARCEDALE,VIC,-38.196268,145.249528,3912.0
PEARCEDALE,VIC,-38.196268,145.249528,3912.0
PEARSONDALE,VIC,-38.135775,147.028629,3851.0
PEECHELBA,VIC,-36.167947,146.180077,3678.0
PEECHELBA EAST,VIC,-36.155714,146.259155,3678.0
PEECHELBA EAST,VIC,-36.155714,146.259155,3678.0
PELLUEBLA,VIC,-36.199316,145.990261,3727.0
PENNYROYAL,VIC,-38.435298,143.87274,3235.0
PENSHURST,VIC,-37.875915,142.337193,3289.0
PENTAL ISLAND,VIC,-35.401327,143.685962,3586.0
PENTAL ISLAND,VIC,-35.401327,143.685962,3586.0
PENTLAND HILLS,VIC,-37.652779,144.379985,3341.0
PENTLAND HILLS,VIC,-37.652779,144.379985,3341.0
PERCYDALE,VIC,-37.078247,143.384431,3478.0
PERONNE,VIC,-36.653337,141.354225,3413.0
PERONNE,VIC,-36.653337,141.354225,3413.0
PERRY BRIDGE,VIC,-37.983072,147.262918,3862.0
PETERBOROUGH,VIC,-38.589444,142.892145,3270.0
PETTICOAT CREEK,VIC,-38.714486,143.733824,3233.0
PHEASANT CREEK,VIC,-37.469351,145.294145,3757.0
PIANGIL,VIC,-35.05308,143.217221,3597.0
PICOLA,VIC,-35.958199,145.125903,3639.0
PICOLA WEST,VIC,-35.965326,145.051417,3639.0
PICOLA WEST,VIC,-35.965326,145.051417,3639.0
PIEDMONT,VIC,-37.895281,145.938212,3833.0
PIER MILAN,VIC,-35.234944,142.696831,3533.0
PIER MILAN,VIC,-35.234944,142.696831,3533.0
PIGEON PONDS,VIC,-37.279058,141.662495,3407.0
PIGGOREET,VIC,-37.723318,143.63674,3351.0
PIMPINIO,VIC,-36.610476,142.077538,3401.0
PINE GROVE,VIC,-36.21768,144.406693,3573.0
PINE GROVE,VIC,-36.21768,144.406693,3573.0
PINE LODGE,VIC,-36.362779,145.54681,3631.0
PINE MOUNTAIN,VIC,-36.012745,147.831609,3709.0
PINE VIEW,VIC,-35.803762,143.653619,3579.0
PIONEER BAY,VIC,-38.38094,145.549184,3984.0
PIONEER BAY,VIC,-38.38094,145.549184,3984.0
PIPERS CREEK,VIC,-37.250803,144.545387,3444.0
PIRA,VIC,-35.250259,143.356161,3585.0
PIRIES,VIC,-37.181215,146.134397,3723.0
PIRRON YALLOCK,VIC,-38.357599,143.426763,3249.0
PITFIELD,VIC,-37.828964,143.597298,3351.0
PITTONG,VIC,-37.674017,143.472166,3360.0
PLENTY,VIC,-37.665446,145.112667,3090.0
PLUMPTON,VIC,-37.664939,144.695508,3335.0
POINT COOK,VIC,-37.905399,144.756871,3030.0
POINT LEO,VIC,-38.415594,145.069418,3916.0
POINT LONSDALE,VIC,-38.266145,144.598205,3225.0
POINT LONSDALE,VIC,-38.266145,144.598205,3225.0
POINT WILSON,VIC,-38.032963,144.526175,3212.0
POLISBET,VIC,-35.265158,143.153666,3585.0
POMBORNEIT,VIC,-38.295496,143.292609,3260.0
POMBORNEIT EAST,VIC,-38.297203,143.392949,3249.0
POMBORNEIT EAST,VIC,-38.297203,143.392949,3249.0
POMBORNEIT NORTH,VIC,-38.218909,143.329287,3260.0
POMBORNEIT NORTH,VIC,-38.218909,143.329287,3260.0
POMONAL,VIC,-37.248229,142.591276,3381.0
POMONAL,VIC,-37.248229,142.591276,3381.0
POMPAPIEL,VIC,-36.360816,144.072138,3571.0
POOLAIJELO,VIC,-37.18359,141.077964,3312.0
POOTILLA,VIC,-37.526528,143.958765,3352.0
POOWONG,VIC,-38.339858,145.763438,3988.0
POOWONG EAST,VIC,-38.329124,145.841715,3988.0
POOWONG EAST,VIC,-38.329124,145.841715,3988.0
POOWONG NORTH,VIC,-38.284834,145.785103,3988.0
POOWONG NORTH,VIC,-38.284834,145.785103,3988.0
PORCUPINE RIDGE,VIC,-37.277461,144.196801,3461.0
PORCUPINE RIDGE,VIC,-37.277461,144.196801,3461.0
POREPUNKAH,VIC,-36.679914,146.923551,3740.0
PORT ALBERT,VIC,-38.691789,146.670585,3971.0
PORT ALBERT,VIC,-38.691789,146.670585,3971.0
PORT CAMPBELL,VIC,-38.612684,143.01667,3269.0
PORT CAMPBELL,VIC,-38.612684,143.01667,3269.0
PORT FAIRY,VIC,-38.322836,142.169682,3284.0
PORT FRANKLIN,VIC,-38.687013,146.267425,3964.0
PORT FRANKLIN,VIC,-38.687013,146.267425,3964.0
PORT MELBOURNE,VIC,-37.834353,144.923329,3207.0
PORT MELBOURNE,VIC,-37.834353,144.923329,3207.0
PORT WELSHPOOL,VIC,-38.689861,146.477067,3965.0
PORT WELSHPOOL,VIC,-38.689861,146.477067,3965.0
PORTARLINGTON,VIC,-38.140536,144.670194,3223.0
PORTLAND,VIC,-38.363344,141.606106,3305.0
PORTLAND NORTH,VIC,-38.299333,141.559886,3305.0
PORTLAND NORTH,VIC,-38.299333,141.559886,3305.0
PORTLAND WEST,VIC,-38.375461,141.538321,3305.0
PORTLAND WEST,VIC,-38.375461,141.538321,3305.0
PORTSEA,VIC,-38.323767,144.709662,3944.0
POUND CREEK,VIC,-38.619058,145.852157,3996.0
POWELLTOWN,VIC,-37.859384,145.77301,3797.0
POWERS CREEK,VIC,-37.220749,141.243939,3312.0
POWLETT PLAINS,VIC,-36.470726,143.857072,3517.0
PRAHRAN,VIC,-37.852889,145.006124,3181.0
PRAIRIE,VIC,-36.29475,144.212514,3572.0
PRANJIP,VIC,-36.735519,145.383968,3666.0
PRESTON,VIC,-37.74163,145.006917,3072.0
PRINCES HILL,VIC,-37.781907,144.966697,3054.0
PRINCETOWN,VIC,-38.653411,143.168854,3269.0
PUCKAPUNYAL,VIC,-36.931102,144.937658,3662.0
PURA PURA,VIC,-37.828045,143.073778,3271.0
PURDEET,VIC,-37.928874,142.39306,3289.0
PURNIM,VIC,-38.274336,142.612724,3278.0
PURNIM WEST,VIC,-38.291431,142.553746,3278.0
PURNIM WEST,VIC,-38.291431,142.553746,3278.0
PYALONG,VIC,-37.110445,144.850632,3521.0
PYRAMID HILL,VIC,-36.039519,144.17588,3575.0
QUAMBATOOK,VIC,-35.856802,143.537745,3540.0
QUANDONG,VIC,-37.835797,144.508322,3030.0
QUANTONG,VIC,-36.751615,142.046034,3401.0
QUARRY HILL,VIC,-36.775468,144.280413,3550.0
QUEENSCLIFF,VIC,-38.266235,144.663425,3225.0
QUEENSFERRY,VIC,-38.41957,145.500875,3984.0
RAGLAN,VIC,-37.341491,143.306964,3373.0
RAINBOW,VIC,-35.908488,141.958237,3424.0
RANCEBY,VIC,-38.373235,145.849392,3951.0
RATHSCAR,VIC,-36.973964,143.544728,3465.0
RATHSCAR WEST,VIC,-37.011362,143.4912,3465.0
RATHSCAR WEST,VIC,-37.011362,143.4912,3465.0
RAVENHALL,VIC,-37.772447,144.737666,3023.0
RAVENSWOOD,VIC,-36.889023,144.210697,3453.0
RAVENSWOOD SOUTH,VIC,-36.945842,144.213836,3453.0
RAVENSWOOD SOUTH,VIC,-36.945842,144.213836,3453.0
RAWSON,VIC,-37.961663,146.405716,3825.0
RAYMOND ISLAND,VIC,-37.921356,147.749815,3880.0
RAYMOND ISLAND,VIC,-37.921356,147.749815,3880.0
RAYWOOD,VIC,-36.514978,144.183212,3570.0
RED CLIFFS,VIC,-34.339079,142.218122,3496.0
RED HILL,VIC,-38.361872,145.013262,3937.0
RED HILL SOUTH,VIC,-38.384125,145.041864,3937.0
RED HILL SOUTH,VIC,-38.384125,145.041864,3937.0
RED LION,VIC,-37.165761,143.768696,3371.0
REDAN,VIC,-37.576692,143.838001,3350.0
REDBANK,VIC,-36.905663,143.300105,3477.0
REDCASTLE,VIC,-36.752678,144.781896,3523.0
REDESDALE,VIC,-37.001925,144.472356,3444.0
REEDY CREEK,VIC,-37.24028,145.149599,3658.0
REEDY CREEK,VIC,-37.24028,145.149599,3658.0
REEDY DAM,VIC,-35.944651,142.649907,3395.0
REEDY DAM,VIC,-35.944651,142.649907,3395.0
REEDY FLAT,VIC,-37.406378,147.927856,3895.0
REEDY FLAT,VIC,-37.406378,147.927856,3895.0
REEDY LAKE,VIC,-35.667155,143.88753,3579.0
REEDY LAKE,VIC,-35.667155,143.88753,3579.0
REEFTON,VIC,-37.668358,145.901436,3799.0
RESEARCH,VIC,-37.705567,145.190493,3095.0
RESERVOIR,VIC,-37.712328,145.002322,3073.0
REYNARD,VIC,-37.374627,146.633317,3858.0
RHEOLA,VIC,-36.649091,143.691262,3517.0
RHYLL,VIC,-38.480059,145.274407,3923.0
RHYMNEY,VIC,-37.217523,142.77932,3377.0
RIACHELLA,VIC,-36.832126,142.713121,3385.0
RICH AVON,VIC,-36.445674,142.90995,3480.0
RICH AVON,VIC,-36.445674,142.90995,3480.0
RICH AVON EAST,VIC,-36.513157,142.893773,3480.0
RICH AVON EAST,VIC,-36.513157,142.893773,3480.0
RICH AVON EAST,VIC,-36.513157,142.893773,3480.0
RICH AVON WEST,VIC,-36.504652,142.799717,3480.0
RICH AVON WEST,VIC,-36.504652,142.799717,3480.0
RICH AVON WEST,VIC,-36.504652,142.799717,3480.0
RICHMOND,VIC,-37.822107,145.002544,3121.0
RICHMOND PLAINS,VIC,-36.394902,143.482172,3518.0
RICHMOND PLAINS,VIC,-36.394902,143.482172,3518.0
RIDDELLS CREEK,VIC,-37.4473,144.679191,3431.0
RIGGS CREEK,VIC,-36.66259,145.589231,3666.0
RINGWOOD,VIC,-37.810089,145.228149,3134.0
RINGWOOD EAST,VIC,-37.8123,145.248582,3135.0
RINGWOOD EAST,VIC,-37.8123,145.248582,3135.0
RINGWOOD NORTH,VIC,-37.792116,145.233512,3134.0
RINGWOOD NORTH,VIC,-37.792116,145.233512,3134.0
RIPPLEBROOK,VIC,-38.199838,145.765659,3818.0
RIPPLESIDE,VIC,-38.123752,144.35532,3215.0
RIPPONLEA,VIC,-37.878048,144.995586,3185.0
RIVERSIDE,VIC,-36.716283,142.245353,3401.0
RIVERSLEA,VIC,-38.006701,146.950646,3860.0
ROBERTSONS BEACH,VIC,-38.677251,146.740805,3971.0
ROBERTSONS BEACH,VIC,-38.677251,146.740805,3971.0
ROBERTSONS BEACH,VIC,-38.677251,146.740805,3971.0
ROBINVALE,VIC,-34.614169,142.752344,3549.0
ROCHESTER,VIC,-36.365283,144.694646,3561.0
ROCHFORD,VIC,-37.312484,144.666818,3442.0
ROCKBANK,VIC,-37.729755,144.648316,3335.0
ROCKLANDS,VIC,-37.256946,142.026082,3401.0
ROCKLYN,VIC,-37.438584,144.06683,3364.0
ROCKY POINT,VIC,-37.337234,142.850764,3377.0
ROKEBY,VIC,-38.066789,145.928441,3821.0
ROKEWOOD,VIC,-37.926411,143.742588,3330.0
ROKEWOOD JUNCTION,VIC,-37.850986,143.684942,3351.0
ROKEWOOD JUNCTION,VIC,-37.850986,143.684942,3351.0
ROMSEY,VIC,-37.355135,144.725891,3434.0
ROSANNA,VIC,-37.739783,145.069886,3084.0
ROSE RIVER,VIC,-36.918177,146.571825,3678.0
ROSEBERY,VIC,-35.829414,142.421564,3395.0
ROSEBROOK,VIC,-38.345306,142.26965,3285.0
ROSEBUD,VIC,-38.371141,144.915849,3939.0
ROSEDALE,VIC,-38.184214,146.826777,3847.0
ROSES GAP,VIC,-36.976039,142.456208,3385.0
ROSEWHITE,VIC,-36.576816,146.884502,3737.0
ROSLYNMEAD,VIC,-36.136994,144.525711,3564.0
ROSLYNMEAD,VIC,-36.136994,144.525711,3564.0
ROSS CREEK,VIC,-37.647962,143.760564,3351.0
ROSS CREEK,VIC,-37.647962,143.760564,3351.0
ROSSBRIDGE,VIC,-37.524974,142.860268,3377.0
ROSSBRIDGE,VIC,-37.524974,142.860268,3377.0
ROSTRON,VIC,-36.765696,143.170908,3477.0
ROWSLEY,VIC,-37.717469,144.368076,3340.0
ROWVILLE,VIC,-37.926332,145.236266,3178.0
ROXBURGH PARK,VIC,-37.625738,144.926483,3064.0
RUBICON,VIC,-37.385707,145.846909,3712.0
RUBY,VIC,-38.436644,145.920681,3953.0
RUFFY,VIC,-36.946008,145.497334,3666.0
RUNNING CREEK,VIC,-36.550806,147.053364,3691.0
RUNNYMEDE,VIC,-36.547007,144.67124,3558.0
RUPANYUP,VIC,-36.641849,142.685477,3388.0
RUSHWORTH,VIC,-36.58648,145.003941,3612.0
RUSSELLS BRIDGE,VIC,-38.007364,144.18257,3331.0
RUSSELLS BRIDGE,VIC,-38.007364,144.18257,3331.0
RUTHERGLEN,VIC,-36.063942,146.488577,3685.0
RYANS,VIC,-37.552018,147.470181,3875.0
RYANS,VIC,-37.552018,147.470181,3875.0
RYANSTON,VIC,-38.50853,145.587366,3992.0
RYANSTON,VIC,-38.50853,145.587366,3992.0
RYANSTON,VIC,-38.50853,145.587366,3992.0
RYE,VIC,-38.386963,144.811889,3941.0
RYTHDALE,VIC,-38.140852,145.461878,3810.0
SAFETY BEACH,VIC,-38.316089,145.001025,3936.0
SAILORS FALLS,VIC,-37.392446,144.114733,3461.0
SAILORS GULLY,VIC,-36.706127,144.232837,3556.0
SAILORS HILL,VIC,-37.359267,144.125501,3461.0
SALE,VIC,-38.106062,147.081299,3850.0
SALE,VIC,-38.106062,147.081299,3853.0
SALISBURY WEST,VIC,-36.517826,143.939046,3517.0
SALISBURY WEST,VIC,-36.517826,143.939046,3517.0
SAMARIA,VIC,-36.809204,146.074842,3673.0
SAN REMO,VIC,-38.529265,145.408179,3925.0
SANDFORD,VIC,-37.647875,141.463771,3312.0
SANDHILL LAKE,VIC,-35.73924,143.692691,3579.0
SANDHURST,VIC,-38.081259,145.210823,3977.0
SANDON,VIC,-37.168122,144.038516,3462.0
SANDRINGHAM,VIC,-37.952501,145.01215,3191.0
SANDY CREEK,VIC,-36.360641,147.124964,3695.0
SANDY POINT,VIC,-38.818754,146.121357,3959.0
SARGOOD,VIC,-37.588969,146.741691,3858.0
SARSFIELD,VIC,-37.755434,147.744022,3875.0
SASSAFRAS,VIC,-37.864223,145.352853,3787.0
SAWMILL SETTLEMENT,VIC,-37.121065,146.367401,3723.0
SCARSDALE,VIC,-37.678192,143.662057,3351.0
SCORESBY,VIC,-37.905354,145.220966,3179.0
SCOTCHMANS LEAD,VIC,-37.66678,143.848179,3352.0
SCOTSBURN,VIC,-37.686054,143.932637,3352.0
SCOTTS CREEK,VIC,-38.456626,143.075647,3267.0
SEA LAKE,VIC,-35.484064,142.895559,3533.0
SEABROOK,VIC,-37.88081,144.758221,3028.0
SEACOMBE,VIC,-38.128327,147.42302,3851.0
SEAFORD,VIC,-38.10623,145.14238,3198.0
SEAHOLME,VIC,-37.864605,144.844633,3018.0
SEASPRAY,VIC,-38.332207,147.161387,3851.0
SEATON,VIC,-37.942024,146.684531,3858.0
SEAVIEW,VIC,-38.28458,145.957467,3821.0
SEBASTIAN,VIC,-36.592368,144.20409,3556.0
SEBASTOPOL,VIC,-37.602101,143.836344,3356.0
SEDDON,VIC,-37.80668,144.891977,3011.0
SEDGWICK,VIC,-36.895246,144.318304,3551.0
SELBY,VIC,-37.917654,145.380622,3159.0
SELWYN,VIC,-37.064214,147.00199,3737.0
SEPARATION CREEK,VIC,-38.59905,143.893844,3234.0
SERPENTINE,VIC,-36.438269,143.997512,3517.0
SERVICETON,VIC,-36.390526,141.023184,3420.0
SEVILLE,VIC,-37.798037,145.487642,3139.0
SEVILLE EAST,VIC,-37.782557,145.498842,3139.0
SEVILLE EAST,VIC,-37.782557,145.498842,3139.0
SEYMOUR,VIC,-37.031095,145.160108,3660.0
SEYMOUR,VIC,-37.031095,145.160108,3661.0
SHADY CREEK,VIC,-38.102123,146.073722,3821.0
SHANNONVALE,VIC,-36.931993,147.422754,3898.0
SHANNONVALE,VIC,-36.931993,147.422754,3898.0
SHAYS FLAT,VIC,-37.06478,143.079351,3377.0
SHE OAKS,VIC,-37.896059,144.147525,3331.0
SHE OAKS,VIC,-37.896059,144.147525,3331.0
SHEANS CREEK,VIC,-36.77376,145.653172,3666.0
SHEEP HILLS,VIC,-36.354934,142.551593,3392.0
SHELBOURNE,VIC,-36.838068,144.060517,3515.0
SHELFORD,VIC,-37.961401,143.91725,3329.0
SHELLEY,VIC,-36.199782,147.548343,3701.0
SHEPHERDS FLAT,VIC,-37.273941,144.101906,3461.0
SHEPPARTON,VIC,-36.374132,145.40325,3630.0
SHEPPARTON,VIC,-36.374132,145.40325,3632.0
SHEPPARTON EAST,VIC,-36.403703,145.496773,3631.0
SHEPPARTON EAST,VIC,-36.403703,145.496773,3631.0
SHEPPARTON NORTH,VIC,-36.321959,145.388677,3631.0
SHEPPARTON NORTH,VIC,-36.321959,145.388677,3631.0
SHERBROOKE,VIC,-37.890217,145.359445,3789.0
SHOREHAM,VIC,-38.427006,145.037174,3916.0
SIDONIA,VIC,-37.16319,144.559795,3444.0
SILVAN,VIC,-37.831987,145.44133,3795.0
SILVERLEAVES,VIC,-38.453315,145.273156,3922.0
SIMPSON,VIC,-38.510391,143.257606,3266.0
SIMPSONS CREEK,VIC,-37.761835,148.365937,3888.0
SIMPSONS CREEK,VIC,-37.761835,148.365937,3888.0
SIMSON,VIC,-36.994507,143.774503,3465.0
SKENES CREEK,VIC,-38.712922,143.70962,3233.0
SKENES CREEK NORTH,VIC,-38.692019,143.715767,3233.0
SKENES CREEK NORTH,VIC,-38.692019,143.715767,3233.0
SKIBO,VIC,-38.20571,143.127964,3260.0
SKINNERS FLAT,VIC,-36.352649,143.586324,3518.0
SKIPTON,VIC,-37.690871,143.331296,3361.0
SKYE,VIC,-38.104728,145.215236,3977.0
SLATY CREEK,VIC,-36.53624,143.29304,3477.0
SMEATON,VIC,-37.306218,143.963376,3364.0
SMITHS BEACH,VIC,-38.502862,145.255999,3922.0
SMITHS GULLY,VIC,-37.628728,145.289644,3760.0
SMOKEYTOWN,VIC,-37.398723,143.919553,3364.0
SMOKO,VIC,-36.822432,147.066105,3741.0
SMYTHES CREEK,VIC,-37.603833,143.767057,3351.0
SMYTHESDALE,VIC,-37.645561,143.66898,3351.0
SNAKE ISLAND,VIC,-38.747503,146.551368,3971.0
SNAKE ISLAND,VIC,-38.747503,146.551368,3971.0
SNAKE VALLEY,VIC,-37.612476,143.575702,3351.0
SOLDIERS HILL,VIC,-37.551137,143.859314,3350.0
SOMERS,VIC,-38.380573,145.155393,3927.0
SOMERTON,VIC,-37.633718,144.94754,3062.0
SOMERVILLE,VIC,-38.23,145.20385,3912.0
SORRENTO,VIC,-38.343695,144.739378,3943.0
SOUTH DUDLEY,VIC,-38.594662,145.574715,3995.0
SOUTH DUDLEY,VIC,-38.594662,145.574715,3995.0
SOUTH GEELONG,VIC,-38.167922,144.365161,3220.0
SOUTH GEELONG,VIC,-38.167922,144.365161,3220.0
SOUTH KINGSVILLE,VIC,-37.829509,144.870559,3015.0
SOUTH KINGSVILLE,VIC,-37.829509,144.870559,3015.0
SOUTH MELBOURNE,VIC,-37.833993,144.960657,3205.0
SOUTH MELBOURNE,VIC,-37.833993,144.960657,3205.0
SOUTH MORANG,VIC,-37.637644,145.086008,3752.0
SOUTH PURRUMBETE,VIC,-38.348042,143.205564,3260.0
SOUTH WHARF,VIC,-37.825333,144.952401,3006.0
SOUTH YARRA,VIC,-37.837998,144.991466,3141.0
SOUTH YARRA,VIC,-37.837998,144.991466,3141.0
SOUTHBANK,VIC,-37.825402,144.963575,3006.0
SOUTHERN CROSS,VIC,-38.288973,142.403742,3283.0
SPARGO CREEK,VIC,-37.489705,144.145571,3461.0
SPEED,VIC,-35.405114,142.424266,3488.0
SPEEWA,VIC,-35.221155,143.516192,3585.0
SPOTSWOOD,VIC,-37.829323,144.886433,3015.0
SPRING GULLY,VIC,-36.799248,144.288751,3550.0
SPRING HILL,VIC,-37.297552,144.348602,3444.0
SPRINGBANK,VIC,-37.51973,144.059965,3352.0
SPRINGDALLAH,VIC,-37.748653,143.623712,3351.0
SPRINGFIELD,VIC,-37.329883,144.825599,3434.0
SPRINGFIELD,VIC,-37.329883,144.825599,3544.0
SPRINGFIELD,VIC,-35.573315,143.115706,3434.0
SPRINGFIELD,VIC,-35.573315,143.115706,3544.0
SPRINGHURST,VIC,-36.210478,146.478188,3682.0
SPRINGMOUNT,VIC,-37.413335,143.933873,3364.0
SPRINGVALE,VIC,-37.943963,145.163276,3171.0
SPRINGVALE SOUTH,VIC,-37.97182,145.148622,3172.0
SPRINGVALE SOUTH,VIC,-37.97182,145.148622,3172.0
ST ALBANS,VIC,-37.747948,144.811612,3021.0
ST ALBANS PARK,VIC,-38.197503,144.391304,3219.0
ST ALBANS PARK,VIC,-38.197503,144.391304,3219.0
ST ANDREWS,VIC,-37.579412,145.285841,3761.0
ST ANDREWS,VIC,-37.579412,145.285841,3761.0
ST ANDREWS BEACH,VIC,-38.419294,144.831624,3941.0
ST ANDREWS BEACH,VIC,-38.419294,144.831624,3941.0
ST ANDREWS BEACH,VIC,-38.419294,144.831624,3941.0
ST ARNAUD,VIC,-36.623616,143.23614,3478.0
ST ARNAUD EAST,VIC,-36.629841,143.320828,3477.0
ST ARNAUD EAST,VIC,-36.629841,143.320828,3477.0
ST ARNAUD NORTH,VIC,-36.592422,143.166058,3477.0
ST ARNAUD NORTH,VIC,-36.592422,143.166058,3477.0
ST CLAIR,VIC,-38.584052,145.651118,3995.0
ST GERMAINS,VIC,-36.203475,145.151547,3620.0
ST HELENA,VIC,-37.689933,145.123154,3088.0
ST HELENS,VIC,-38.249514,142.054778,3285.0
ST HELENS PLAINS,VIC,-36.775155,142.428129,3401.0
ST HELENS PLAINS,VIC,-36.775155,142.428129,3401.0
ST JAMES,VIC,-36.257423,145.879193,3727.0
ST KILDA,VIC,-37.864219,144.981215,3182.0
ST KILDA EAST,VIC,-37.868003,145.004418,3183.0
ST KILDA EAST,VIC,-37.868003,145.004418,3183.0
ST KILDA WEST,VIC,-37.858479,144.971625,3182.0
ST KILDA WEST,VIC,-37.858479,144.971625,3182.0
ST LEONARDS,VIC,-38.18139,144.679778,3223.0
STACEYS BRIDGE,VIC,-38.55694,146.516464,3971.0
STAFFORDSHIRE REEF,VIC,-37.734385,143.683814,3351.0
STAFFORDSHIRE REEF,VIC,-37.734385,143.683814,3351.0
STAGHORN FLAT,VIC,-36.239846,146.93018,3691.0
STANHOPE,VIC,-36.462583,144.981953,3623.0
STANHOPE SOUTH,VIC,-36.491685,145.041052,3623.0
STANHOPE SOUTH,VIC,-36.491685,145.041052,3623.0
STANLEY,VIC,-36.387821,146.77583,3747.0
STAUGHTON VALE,VIC,-37.847052,144.257704,3340.0
STAVELY,VIC,-37.604141,142.624933,3379.0
STAWELL,VIC,-37.044724,142.769671,3380.0
STEELS CREEK,VIC,-37.580946,145.381793,3775.0
STEIGLITZ,VIC,-37.867166,144.186812,3331.0
STEWARTON,VIC,-36.415332,145.813137,3725.0
STIRLING,VIC,-37.453029,147.709266,3893.0
STOCKDALE,VIC,-37.824543,147.197574,3862.0
STOCKYARD HILL,VIC,-37.545283,143.288092,3373.0
STOCKYARD HILL,VIC,-37.545283,143.288092,3373.0
STONEHAVEN,VIC,-38.123102,144.225112,3218.0
STONELEIGH,VIC,-37.583565,143.230655,3373.0
STONY CREEK,VIC,-37.225188,143.685423,3371.0
STONY CREEK,VIC,-37.225188,143.685423,3957.0
STONY CREEK,VIC,-38.593339,146.079581,3371.0
STONY CREEK,VIC,-38.593339,146.079581,3957.0
STONYFORD,VIC,-38.331404,143.308293,3260.0
STRADBROKE,VIC,-38.277914,147.038499,3851.0
STRANGWAYS,VIC,-37.143913,144.091288,3461.0
STRATEN,VIC,-35.373526,142.574456,3533.0
STRATFORD,VIC,-37.946258,147.114625,3862.0
STRATH CREEK,VIC,-37.246634,145.230617,3658.0
STRATHALLAN,VIC,-36.259974,144.770954,3622.0
STRATHBOGIE,VIC,-36.877217,145.766504,3666.0
STRATHDALE,VIC,-36.768181,144.31868,3550.0
STRATHDOWNIE,VIC,-37.738413,141.117762,3312.0
STRATHEWEN,VIC,-37.540218,145.274013,
STRATHFIELDSAYE,VIC,-36.805483,144.363064,
STRATHKELLAR,VIC,-37.702558,142.116961,
STRATHLEA,VIC,-37.148909,143.972922,
STRATHMERTON,VIC,-35.904632,145.448655,
STRATHMORE,VIC,-37.729901,144.920576,
STRATHMORE HEIGHTS,VIC,-37.714214,144.899568,
STRATHTULLOH,VIC,-37.732494,144.596911,
STREATHAM,VIC,-37.638244,143.090605,
STRZELECKI,VIC,-38.343082,145.898708,
STUART MILL,VIC,-36.794587,143.282734,
SUGARLOAF,VIC,-38.691008,143.796535,
SUGARLOAF CREEK,VIC,-37.125612,145.025025,
SUGGAN BUGGAN,VIC,-36.916547,148.336878,
SULKY,VIC,-37.458721,143.863837,
SUMMERLANDS,VIC,-38.507388,145.14521,
SUNBURY,VIC,-37.553378,144.713538,
SUNDAY CREEK,VIC,-37.254368,145.047391,
SUNDERLAND BAY,VIC,-38.503144,145.272967,
SUNSET STRIP,VIC,-38.495156,145.266063,
SUNSHINE,VIC,-37.789704,144.835785,
SUNSHINE NORTH,VIC,-37.762594,144.836965,
SUNSHINE WEST,VIC,-37.799243,144.805958,
SURF BEACH,VIC,-38.507817,145.290083,
SURREY HILLS,VIC,-37.825272,145.100302,
SUTHERLAND,VIC,-36.536067,143.195407,
SUTHERLANDS CREEK,VIC,-38.012762,144.218112,
SUTTON,VIC,-35.722774,142.973586,
SUTTON GRANGE,VIC,-36.987321,144.370451,3448.0
SWAN BAY,VIC,-38.233944,144.667596,
SWAN HILL,VIC,-35.362103,143.512721,
SWAN HILL WEST,VIC,-35.368747,143.398048,3585.0
SWAN ISLAND,VIC,-38.249588,144.680228,3225.0
SWAN MARSH,VIC,-38.373727,143.354157,
SWAN REACH,VIC,-37.81523,147.876553,
SWANPOOL,VIC,-36.727141,145.99129,
SWANWATER,VIC,-36.536843,143.104999,
SWANWATER WEST,VIC,-36.519454,143.016403,3480.0
SWIFTS CREEK,VIC,-37.249423,147.759238,
SYDENHAM,VIC,-37.696069,144.763036,
SYLVATERRE,VIC,-36.075687,144.232457,
TABBERABBERA,VIC,-37.558055,147.375441,3875.0
TABILK,VIC,-36.855193,145.178784,3607.0
TABOR,VIC,-37.830804,142.189843,3289.0
TAGGERTY,VIC,-37.349806,145.725988,3714.0
TAHARA,VIC,-37.74305,141.734773,3301.0
TAHARA BRIDGE,VIC,-37.682128,141.656521,3315.0
TAHARA BRIDGE,VIC,-37.682128,141.656521,3315.0
TAHARA WEST,VIC,-37.732509,141.626653,3310.0
TAHARA WEST,VIC,-37.732509,141.626653,3310.0
TALBOT,VIC,-37.180723,143.694759,3371.0
TALGARNO,VIC,-36.064939,147.159447,3691.0
TALLANDOON,VIC,-36.411714,147.231904,3701.0
TALLANGATTA,VIC,-36.235377,147.182794,3700.0
TALLANGATTA EAST,VIC,-36.213325,147.275816,3700.0
TALLANGATTA EAST,VIC,-36.213325,147.275816,3700.0
TALLANGATTA SOUTH,VIC,-36.333761,147.275886,3701.0
TALLANGATTA SOUTH,VIC,-36.333761,147.275886,3701.0
TALLANGATTA VALLEY,VIC,-36.325185,147.432956,3701.0
TALLANGATTA VALLEY,VIC,-36.325185,147.432956,3701.0
TALLAROOK,VIC,-37.129947,145.122525,3659.0
TALLYGAROOPNA,VIC,-36.240705,145.44076,3634.0
TAMBO CROSSING,VIC,-37.497935,147.835793,3893.0
TAMBO CROSSING,VIC,-37.497935,147.835793,3893.0
TAMBO UPPER,VIC,-37.762797,147.879131,3885.0
TAMBO UPPER,VIC,-37.762797,147.879131,3885.0
TAMBOON,VIC,-37.680191,149.187057,3890.0
TAMBOON,VIC,-37.680191,149.187057,3890.0
TAMBORITHA,VIC,-37.43545,146.690926,3858.0
TAMBORITHA,VIC,-37.43545,146.690926,3858.0
TAMINICK,VIC,-36.395115,146.182207,3675.0
TAMLEUGH,VIC,-36.587869,145.578925,3669.0
TAMLEUGH NORTH,VIC,-36.531312,145.583521,3669.0
TAMLEUGH NORTH,VIC,-36.531312,145.583521,3669.0
TANDAROOK,VIC,-38.31704,143.184903,3260.0
TANDARRA,VIC,-36.439029,144.206566,3571.0
TANGAMBALANGA,VIC,-36.241653,147.040197,3691.0
TANJIL,VIC,-37.94325,146.218097,3825.0
TANJIL BREN,VIC,-37.851817,146.148028,3833.0
TANJIL BREN,VIC,-37.851817,146.148028,3833.0
TANJIL SOUTH,VIC,-38.099871,146.265502,3825.0
TANJIL SOUTH,VIC,-38.099871,146.265502,3825.0
TANTARABOO,VIC,-37.240395,144.824721,3764.0
TANWOOD,VIC,-37.009345,143.387118,3478.0
TANYBRYN,VIC,-38.656683,143.718171,3249.0
TARADALE,VIC,-37.140783,144.344441,3447.0
TARADALE,VIC,-37.140783,144.344441,3447.0
TARCOMBE,VIC,-36.965741,145.317816,3666.0
TARILTA,VIC,-37.178081,144.190483,3451.0
TARNAGULLA,VIC,-36.775351,143.830601,3551.0
TARNEIT,VIC,-37.836325,144.659515,3029.0
TARNOOK,VIC,-36.535578,145.861411,3670.0
TAROON,VIC,-38.331547,142.868967,3265.0
TARRA VALLEY,VIC,-38.469608,146.550456,3971.0
TARRANYURK,VIC,-36.223435,142.098346,3414.0
TARRAVILLE,VIC,-38.625937,146.749128,3971.0
TARRAWARRA,VIC,-37.656531,145.442639,3775.0
TARRAWINGEE,VIC,-36.386162,146.461106,3678.0
TARRAYOUKYAN,VIC,-37.304635,141.556886,3315.0
TARRENGOWER,VIC,-37.005414,144.015109,3463.0
TARRENLEA,VIC,-37.677034,141.737226,3315.0
TARRINGTON,VIC,-37.766967,142.121903,3301.0
TARRONE,VIC,-38.227139,142.194862,3283.0
TARRONE,VIC,-38.227139,142.194862,3283.0
TARWIN,VIC,-38.598919,145.953636,3956.0
TARWIN LOWER,VIC,-38.773569,145.916791,3956.0
TARWIN LOWER,VIC,-38.773569,145.916791,3956.0
TATONG,VIC,-36.763943,146.161954,3673.0
TATURA,VIC,-36.447466,145.222797,3616.0
TATURA EAST,VIC,-36.447478,145.295552,3616.0
TATURA EAST,VIC,-36.447478,145.295552,3616.0
TATYOON,VIC,-37.500803,142.993955,3378.0
TAWONGA,VIC,-36.673781,147.171197,3697.0
TAWONGA SOUTH,VIC,-36.762527,147.13879,3698.0
TAWONGA SOUTH,VIC,-36.762527,147.13879,3698.0
TAYLOR BAY,VIC,-37.206428,145.888449,3713.0
TAYLOR BAY,VIC,-37.206428,145.888449,3713.0
TAYLORS HILL,VIC,-37.714865,144.753373,3037.0
TAYLORS HILL,VIC,-37.714865,144.753373,3037.0
TAYLORS LAKES,VIC,-37.696674,144.782264,3038.0
TAYLORS LAKES,VIC,-37.696674,144.782264,3038.0
TEAL POINT,VIC,-35.682155,144.049147,3579.0
TECOMA,VIC,-37.906833,145.343708,3160.0
TEDDYWADDY,VIC,-36.194872,143.332114,3527.0
TEDDYWADDY WEST,VIC,-36.188808,143.213648,3527.0
TEDDYWADDY WEST,VIC,-36.188808,143.213648,3527.0
TEESDALE,VIC,-38.024322,144.047569,3328.0
TELANGATUK EAST,VIC,-37.120288,142.016111,3401.0
TELFORD,VIC,-36.103904,145.95189,3730.0
TELOPEA DOWNS,VIC,-36.040588,141.107738,3420.0
TELOPEA DOWNS,VIC,-36.040588,141.107738,3420.0
TEMPLESTOWE,VIC,-37.756253,145.144369,3106.0
TEMPLESTOWE LOWER,VIC,-37.76428,145.114326,3107.0
TEMPLESTOWE LOWER,VIC,-37.76428,145.114326,3107.0
TEMPY,VIC,-35.288837,142.437127,3489.0
TENBY POINT,VIC,-38.41402,145.474756,3984.0
TENNYSON,VIC,-36.294636,144.376585,3572.0
TERANG,VIC,-38.246193,142.87635,3264.0
TERIP TERIP,VIC,-37.014978,145.542303,3719.0
TERRAPPEE,VIC,-36.153202,143.576117,3525.0
TERRICK TERRICK,VIC,-36.116578,144.257323,3575.0
TERRICK TERRICK EAST,VIC,-36.106049,144.390814,3573.0
TERRICK TERRICK EAST,VIC,-36.106049,144.390814,3573.0
TESBURY,VIC,-38.300184,143.157421,3260.0
TETOORA ROAD,VIC,-38.280231,145.886485,3821.0
THALIA,VIC,-36.108075,143.084138,3527.0
THALLOO,VIC,-38.083824,146.308224,3825.0
THE BASIN,VIC,-37.855929,145.318695,3154.0
THE COVE,VIC,-38.492604,142.69708,3268.0
THE GURDIES,VIC,-38.389763,145.568318,3984.0
THE HEART,VIC,-38.113764,147.185318,3851.0
THE HONEYSUCKLES,VIC,-38.336096,147.230988,3851.0
THE PATCH,VIC,-37.891118,145.401274,3792.0
THE SISTERS,VIC,-38.187119,142.790289,3265.0
THOLOGOLONG,VIC,-35.989048,147.422949,3691.0
THOMASTOWN,VIC,-37.683202,145.006734,3074.0
THOMSON,VIC,-37.763725,146.335907,3219.0
THOMSON,VIC,-37.763725,146.335907,3825.0
THOMSON,VIC,-38.171763,144.380804,3219.0
THOMSON,VIC,-38.171763,144.380804,3825.0
THOONA,VIC,-36.351183,146.069046,3726.0
THORNBURY,VIC,-37.758414,145.004812,3071.0
THORNHILL PARK,VIC,-37.725786,144.626084,3335.0
THORNTON,VIC,-37.272561,145.815541,3712.0
THORPDALE,VIC,-38.303894,146.180787,3835.0
THORPDALE SOUTH,VIC,-38.331865,146.142435,3824.0
THORPDALE SOUTH,VIC,-38.331865,146.142435,3824.0
THOWGLA VALLEY,VIC,-36.272093,147.925314,3707.0
THREE BRIDGES,VIC,-37.851956,145.680276,3797.0
TIDAL RIVER,VIC,-39.031722,146.320518,3960.0
TIMBARRA,VIC,-37.49004,147.937097,3885.0
TIMBOON,VIC,-38.484302,142.963053,3268.0
TIMBOON WEST,VIC,-38.537243,142.923067,3268.0
TIMBOON WEST,VIC,-38.537243,142.923067,3268.0
TIMMERING,VIC,-36.348692,144.881947,3561.0
TIMOR,VIC,-36.981658,143.728322,3465.0
TIMOR WEST,VIC,-36.957811,143.673048,3465.0
TIMOR WEST,VIC,-36.957811,143.673048,3465.0
TINAMBA,VIC,-37.973988,146.883375,3859.0
TINAMBA WEST,VIC,-37.922604,146.827341,3859.0
TINAMBA WEST,VIC,-37.922604,146.827341,3859.0
TINTALDRA,VIC,-36.054086,147.921105,3708.0
TITTYBONG,VIC,-35.755541,143.364092,3542.0
TOL TOL,VIC,-34.649563,142.819945,3549.0
TOLMIE,VIC,-36.912001,146.303978,3723.0
TOM GROGGIN,VIC,-36.582796,148.101066,3707.0
TONGALA,VIC,-36.247373,144.968367,3621.0
TONGHI CREEK,VIC,-37.602221,149.062393,3890.0
TONGIO,VIC,-37.168689,147.698817,3896.0
TONIMBUK,VIC,-38.015028,145.722521,3815.0
TOOAN,VIC,-36.813765,141.782155,3409.0
TOOBORAC,VIC,-37.047586,144.803236,3522.0
TOOLAMBA,VIC,-36.496132,145.334217,3614.0
TOOLAMBA WEST,VIC,-36.481844,145.268254,3614.0
TOOLAMBA WEST,VIC,-36.481844,145.268254,3614.0
TOOLANGI,VIC,-37.518394,145.506217,3777.0
TOOLERN VALE,VIC,-37.598411,144.584056,3337.0
TOOLLEEN,VIC,-36.716389,144.696768,3551.0
TOOLOME,VIC,-37.619529,147.054167,3860.0
TOOLONDO,VIC,-37.013029,141.884305,3401.0
TOOLONG,VIC,-38.313208,142.243425,3285.0
TOOMBON,VIC,-37.741465,146.449416,3825.0
TOONGABBIE,VIC,-38.03543,146.57214,3856.0
TOORA,VIC,-38.652784,146.304168,3962.0
TOORA NORTH,VIC,-38.607088,146.338043,3962.0
TOORA NORTH,VIC,-38.607088,146.338043,3962.0
TOORADIN,VIC,-38.198929,145.385493,3980.0
TOORADIN,VIC,-38.198929,145.385493,3980.0
TOORAK,VIC,-37.8411,145.018058,3142.0
TOORAK,VIC,-37.8411,145.018058,3142.0
TOORLOO ARM,VIC,-37.794724,148.068237,3909.0
TOORONGO,VIC,-37.778941,146.083191,3833.0
TOOTGAROOK,VIC,-38.377083,144.850236,3941.0
TORQUAY,VIC,-38.312535,144.326402,3228.0
TORRITA,VIC,-35.121278,141.930775,3490.0
TORRUMBARRY,VIC,-36.029857,144.519324,3562.0
TORWOOD,VIC,-38.258303,145.873538,3821.0
TOSTAREE,VIC,-37.785501,148.202259,3888.0
TOTTENHAM,VIC,-37.805797,144.854036,3012.0
TOTTINGTON,VIC,-36.766318,143.079438,3477.0
TOURELLO,VIC,-37.353675,143.788054,3363.0
TOWAN,VIC,-35.147945,143.223565,3596.0
TOWANINNY,VIC,-35.84425,143.365147,3527.0
TOWANINNY,VIC,-35.84425,143.365147,3527.0
TOWANINNY SOUTH,VIC,-35.937851,143.334721,3527.0
TOWANINNY SOUTH,VIC,-35.937851,143.334721,3527.0
TOWANINNY SOUTH,VIC,-35.937851,143.334721,3527.0
TOWER HILL,VIC,-38.330167,142.353514,3283.0
TOWONG,VIC,-36.119546,147.956938,3707.0
TOWONG UPPER,VIC,-36.209878,148.010316,3707.0
TOWONG UPPER,VIC,-36.209878,148.010316,3707.0
TRAFALGAR,VIC,-38.161587,146.131572,3824.0
TRAFALGAR EAST,VIC,-38.170498,146.18858,3824.0
TRAFALGAR EAST,VIC,-38.170498,146.18858,3824.0
TRAFALGAR SOUTH,VIC,-38.244197,146.162633,3824.0
TRAFALGAR SOUTH,VIC,-38.244197,146.162633,3824.0
TRAGOWEL,VIC,-35.842958,143.968545,3579.0
TRARALGON,VIC,-38.202039,146.51978,3844.0
TRARALGON EAST,VIC,-38.189985,146.587025,3844.0
TRARALGON EAST,VIC,-38.189985,146.587025,3844.0
TRARALGON SOUTH,VIC,-38.286016,146.554251,3844.0
TRARALGON SOUTH,VIC,-38.286016,146.554251,3844.0
TRAVANCORE,VIC,-37.782023,144.936176,3032.0
TRAWALLA,VIC,-37.446378,143.494426,3373.0
TRAWOOL,VIC,-37.130662,145.239148,3660.0
TRAYNORS LAGOON,VIC,-36.576023,142.991731,3477.0
TREMONT,VIC,-37.878477,145.31477,3785.0
TRENTHAM,VIC,-37.384942,144.329813,3458.0
TRENTHAM,VIC,-37.384942,144.329813,3458.0
TRENTHAM EAST,VIC,-37.41502,144.404703,3458.0
TRENTHAM EAST,VIC,-37.41502,144.404703,3458.0
TRENTHAM EAST,VIC,-37.41502,144.404703,3458.0
TRESCO,VIC,-35.499528,143.688201,3583.0
TRESCO WEST,VIC,-35.505539,143.634527,3584.0
TRESCO WEST,VIC,-35.505539,143.634527,3584.0
TRIDA,VIC,-38.32142,145.971492,3953.0
TRUGANINA,VIC,-37.802074,144.710766,3029.0
TUBBUT,VIC,-37.060617,148.591057,3888.0
TUERONG,VIC,-38.297512,145.091281,3915.0
TULKARA,VIC,-36.941797,143.046457,3384.0
TULKARA,VIC,-36.941797,143.046457,3384.0
TULLAMARINE,VIC,-37.70303,144.87963,3043.0
TUNGAMAH,VIC,-36.163562,145.890917,
TUROAR,VIC,-35.180519,143.08527,
TURRIFF,VIC,-35.457058,142.445685,
TURRIFF EAST,VIC,-35.445641,142.581554,
TURTONS CREEK,VIC,-38.546185,146.233604,
TUTYE,VIC,-35.191799,141.487156,
TYAAK,VIC,-37.220076,145.138942,
TYABB,VIC,-38.26623,145.189815,
TYENNA,VIC,-35.32498,142.575981,
TYERS,VIC,-38.141225,146.476343,
TYLDEN,VIC,-37.323166,144.410607,
TYLDEN SOUTH,VIC,-37.354183,144.373969,
TYNONG,VIC,-38.094263,145.622028,
TYNONG NORTH,VIC,-38.028587,145.637801,
TYNTYNDER,VIC,-35.241429,143.540054,
TYNTYNDER SOUTH,VIC,-35.271709,143.50437,
TYRENDARRA,VIC,-38.207825,141.785224,
TYRENDARRA EAST,VIC,-38.248662,141.893628,
TYRRELL,VIC,-35.432448,142.986892,
TYRRELL DOWNS,VIC,-35.325383,142.934436,
ULLINA,VIC,-37.280713,143.891215,3370.0
ULLSWATER,VIC,-36.915584,141.415976,3318.0
ULTIMA,VIC,-35.480493,143.266706,3544.0
ULTIMA EAST,VIC,-35.430932,143.373091,3544.0
ULTIMA EAST,VIC,-35.430932,143.373091,3544.0
ULUPNA,VIC,-35.831256,145.467354,3641.0
UNDERA,VIC,-36.242151,145.213812,3629.0
UNDERBOOL,VIC,-35.137662,141.820734,3509.0
UPOTIPOTPON,VIC,-36.502921,145.796822,3669.0
UPPER FERNTREE GULLY,VIC,-37.898965,145.310019,3156.0
UPPER FERNTREE GULLY,VIC,-37.898965,145.310019,3156.0
UPPER GUNDOWRING,VIC,-36.516573,147.08739,3691.0
UPPER GUNDOWRING,VIC,-36.516573,147.08739,3691.0
UPPER LURG,VIC,-36.58626,146.196649,3673.0
UPPER LURG,VIC,-36.58626,146.196649,3673.0
UPPER PLENTY,VIC,-37.414952,145.061981,3756.0
UPPER PLENTY,VIC,-37.414952,145.061981,3756.0
UPPER RYANS CREEK,VIC,-36.671162,146.205345,3673.0
UPPER RYANS CREEK,VIC,-36.671162,146.205345,3673.0
UPPER RYANS CREEK,VIC,-36.671162,146.205345,3673.0
UPTON HILL,VIC,-36.893502,145.406754,3664.0
UPWEY,VIC,-37.905098,145.325354,3158.0
VALENCIA CREEK,VIC,-37.773,146.999416,3860.0
VASEY,VIC,-37.332314,141.886174,3407.0
VAUGHAN,VIC,-37.1593,144.216209,3451.0
VECTIS,VIC,-36.712578,142.078787,3401.0
VENTNOR,VIC,-38.492904,145.184292,3922.0
VENUS BAY,VIC,-38.678542,145.793832,3956.0
VERMONT,VIC,-37.838683,145.199644,3133.0
VERMONT SOUTH,VIC,-37.855313,145.187718,3133.0
VERMONT SOUTH,VIC,-37.855313,145.187718,3133.0
VERVALE,VIC,-38.138141,145.661636,3814.0
VESPER,VIC,-37.87516,146.068941,3833.0
VICTORIA POINT,VIC,-37.506614,142.222388,3294.0
VICTORIA VALLEY,VIC,-37.522787,142.322004,3294.0
VIEWBANK,VIC,-37.740646,145.091761,3084.0
VINIFERA,VIC,-35.212186,143.392338,3591.0
VIOLET TOWN,VIC,-36.618875,145.710516,3669.0
VITE VITE,VIC,-37.854641,143.155503,3325.0
VITE VITE NORTH,VIC,-37.792086,143.186387,3325.0
VITE VITE NORTH,VIC,-37.792086,143.186387,3325.0
W TREE,VIC,-37.329683,148.300178,3885.0
WAAIA,VIC,-36.046128,145.310746,3637.0
WAANYARRA,VIC,-36.82113,143.813738,3551.0
WAARRE,VIC,-38.575315,143.046119,3269.0
WABONGA,VIC,-37.073107,146.593495,3678.0
WAGGARANDALL,VIC,-36.249164,145.782152,3646.0
WAHGUNYAH,VIC,-36.002823,146.425565,3687.0
WAHRING,VIC,-36.695228,145.259091,3608.0
WAIL,VIC,-36.534661,142.094054,3401.0
WAIREWA,VIC,-37.6951,148.162948,3887.0
WAITCHIE,VIC,-35.395981,143.084084,3544.0
WAL WAL,VIC,-36.808708,142.595474,3385.0
WALDARA,VIC,-36.319646,146.284388,3678.0
WALHALLA,VIC,-37.938362,146.470352,3825.0
WALHALLA EAST,VIC,-37.934442,146.579756,3825.0
WALHALLA EAST,VIC,-37.934442,146.579756,3825.0
WALKERVILLE,VIC,-38.809666,145.99242,3956.0
WALKERVILLE NORTH,VIC,-38.843654,145.998391,3956.0
WALKERVILLE NORTH,VIC,-38.843654,145.998391,3956.0
WALKERVILLE SOUTH,VIC,-38.860484,145.996141,3956.0
WALKERVILLE SOUTH,VIC,-38.860484,145.996141,3956.0
WALLACE,VIC,-37.561623,144.055848,3352.0
WALLACEDALE,VIC,-37.926423,141.812704,3303.0
WALLACEDALE,VIC,-37.926423,141.812704,3303.0
WALLAGARAUGH,VIC,-37.435572,149.744992,3891.0
WALLALOO,VIC,-36.756096,142.87215,3387.0
WALLALOO EAST,VIC,-36.806984,142.926413,3387.0
WALLALOO EAST,VIC,-36.806984,142.926413,3387.0
WALLAN,VIC,-37.407263,144.961864,3756.0
WALLINDUC,VIC,-37.873138,143.524037,3351.0
WALLINGTON,VIC,-38.228515,144.507039,3222.0
WALLUP,VIC,-36.359987,142.254996,3401.0
WALLUP,VIC,-36.359987,142.254996,3401.0
WALMER,VIC,-36.977238,144.170598,3463.0
WALPA,VIC,-37.791551,147.385704,3875.0
WALPEUP,VIC,-35.109639,142.044257,3507.0
WALWA,VIC,-35.995241,147.727702,3709.0
WANALTA,VIC,-36.595386,144.908677,3612.0
WANDANA HEIGHTS,VIC,-38.177189,144.299038,3216.0
WANDANA HEIGHTS,VIC,-38.177189,144.299038,3216.0
WANDELLA,VIC,-35.738204,143.827637,3579.0
WANDILIGONG,VIC,-36.807418,146.967241,3744.0
WANDILIGONG,VIC,-36.807418,146.967241,3744.0
WANDIN EAST,VIC,-37.813096,145.455416,3139.0
WANDIN EAST,VIC,-37.813096,145.455416,3139.0
WANDIN NORTH,VIC,-37.779911,145.426732,3139.0
WANDIN NORTH,VIC,-37.779911,145.426732,3139.0
WANDO BRIDGE,VIC,-37.442442,141.423273,3312.0
WANDO VALE,VIC,-37.487872,141.491341,3312.0
WANDONG,VIC,-37.353108,145.035662,3758.0
WANDOWN,VIC,-34.820767,142.938186,3549.0
WANGANDARY,VIC,-36.328198,146.227683,3678.0
WANGANDARY,VIC,-36.328198,146.227683,3678.0
WANGARABELL,VIC,-37.39672,149.481595,3891.0
WANGARABELL,VIC,-37.39672,149.481595,3891.0
WANGARATTA,VIC,-36.365366,146.312124,3676.0
WANGARATTA,VIC,-36.365366,146.312124,3677.0
WANGARATTA,VIC,-36.365366,146.312124,3676.0
WANGARATTA,VIC,-36.365366,146.312124,3677.0
WANGARATTA SOUTH,VIC,-36.398026,146.250799,3678.0
WANGARATTA SOUTH,VIC,-36.398026,146.250799,3678.0
WANGARATTA SOUTH,VIC,-36.398026,146.250799,3678.0
WANGIE,VIC,-35.689669,143.274956,3530.0
WANGOOM,VIC,-38.330289,142.581091,3279.0
WANNON,VIC,-37.660109,141.830762,3301.0
WANTIRNA,VIC,-37.853425,145.225051,3152.0
WANTIRNA SOUTH,VIC,-37.870618,145.221042,3152.0
WANTIRNA SOUTH,VIC,-37.870618,145.221042,3152.0
WARANGA,VIC,-36.49173,145.068353,3616.0
WARANGA SHORES,VIC,-36.548629,145.090876,3612.0
WARANGA SHORES,VIC,-36.548629,145.090876,3612.0
WARATAH BAY,VIC,-38.798308,146.059801,3959.0
WARATAH BAY,VIC,-38.798308,146.059801,3959.0
WARBURTON,VIC,-37.734681,145.696934,3799.0
WARBURTON,VIC,-37.734681,145.696934,3799.0
WAREEK,VIC,-36.990308,143.617178,3465.0
WARGAN,VIC,-34.184448,141.846923,3505.0
WARMUR,VIC,-36.090972,142.74675,3482.0
WARNCOORT,VIC,-38.315255,143.717326,3243.0
WARNE,VIC,-35.792254,143.110908,3530.0
WARNEET,VIC,-38.228854,145.321961,3980.0
WARNEET,VIC,-38.228854,145.321961,3980.0
WARRABKOOK,VIC,-37.984163,142.061734,3286.0
WARRABKOOK,VIC,-37.984163,142.061734,3286.0
WARRACKNABEAL,VIC,-36.235347,142.436238,3393.0
WARRACKNABEAL,VIC,-36.235347,142.436238,3393.0
WARRAGUL,VIC,-38.150445,145.930291,3820.0
WARRAGUL,VIC,-38.150445,145.930291,3820.0
WARRAGUL SOUTH,VIC,-38.215902,145.921993,3821.0
WARRAGUL SOUTH,VIC,-38.215902,145.921993,3821.0
WARRAGUL SOUTH,VIC,-38.215902,145.921993,3821.0
WARRAGUL WEST,VIC,-38.171176,145.882184,3821.0
WARRAGUL WEST,VIC,-38.171176,145.882184,3821.0
WARRAGUL WEST,VIC,-38.171176,145.882184,3821.0
WARRAK,VIC,-37.287591,143.112994,3377.0
WARRAK,VIC,-37.287591,143.112994,3377.0
WARRANDYTE,VIC,-37.751051,145.211189,3113.0
WARRANDYTE,VIC,-37.751051,145.211189,3113.0
WARRANDYTE SOUTH,VIC,-37.760217,145.246153,3134.0
WARRANDYTE SOUTH,VIC,-37.760217,145.246153,3134.0
WARRANDYTE SOUTH,VIC,-37.760217,145.246153,3134.0
WARRANWOOD,VIC,-37.773099,145.250643,3134.0
WARRANWOOD,VIC,-37.773099,145.250643,3134.0
WARRAYURE,VIC,-37.717998,142.171952,3301.0
WARRAYURE,VIC,-37.717998,142.171952,3301.0
WARRENBAYNE,VIC,-36.707109,145.892507,3670.0
WARRENBAYNE,VIC,-36.707109,145.892507,3670.0
WARRENHEIP,VIC,-37.577417,143.925268,3352.0
WARRENHEIP,VIC,-37.577417,143.925268,3352.0
WARRENMANG,VIC,-37.070847,143.297824,3478.0
WARRENMANG,VIC,-37.070847,143.297824,3478.0
WARRION,VIC,-38.230268,143.5558,3249.0
WARRION,VIC,-38.230268,143.5558,3249.0
WARRNAMBOOL,VIC,-38.369839,142.496726,3280.0
WARROCK,VIC,-37.43042,141.283718,3312.0
WARRONG,VIC,-38.196138,142.311422,3283.0
WARTOOK,VIC,-37.003517,142.401291,3401.0
WATCHEM,VIC,-36.149494,142.874652,3482.0
WATCHEM WEST,VIC,-36.188215,142.733605,3482.0
WATCHEM WEST,VIC,-36.188215,142.733605,3482.0
WATCHUPGA,VIC,-35.773931,142.690668,3485.0
WATERFORD PARK,VIC,-37.300484,145.066373,3658.0
WATERFORD PARK,VIC,-37.300484,145.066373,3658.0
WATERHOLES,VIC,-37.646777,147.694923,3875.0
WATERLOO,VIC,-37.364162,143.434929,3373.0
WATERWAYS,VIC,-38.015674,145.129741,3195.0
WATSONIA,VIC,-37.709923,145.082005,3087.0
WATSONIA,VIC,-37.709923,145.082005,3087.0
WATSONIA NORTH,VIC,-37.695405,145.086498,3087.0
WATSONIA NORTH,VIC,-37.695405,145.086498,3087.0
WATSONIA NORTH,VIC,-37.695405,145.086498,3087.0
WATSONS CREEK,VIC,-37.663732,145.261019,3097.0
WATSONS CREEK,VIC,-37.663732,145.261019,3097.0
WATTLE BANK,VIC,-38.575915,145.706348,3995.0
WATTLE CREEK,VIC,-36.962182,143.09148,3384.0
WATTLE FLAT,VIC,-37.480794,143.946012,3352.0
WATTLE GLEN,VIC,-37.670026,145.187669,3096.0
WATTLE HILL,VIC,-38.754339,143.254759,3237.0
WAUBRA,VIC,-37.335344,143.631788,3352.0
WAURN PONDS,VIC,-38.204383,144.279812,3216.0
WAYGARA,VIC,-37.766411,148.318487,3888.0
WEATHERBOARD,VIC,-37.434542,143.67156,3352.0
WEDDERBURN,VIC,-36.423961,143.592949,3518.0
WEDDERBURN JUNCTION,VIC,-36.431006,143.699936,3518.0
WEDDERBURN JUNCTION,VIC,-36.431006,143.699936,3518.0
WEE WEE RUP,VIC,-35.86136,144.291797,3568.0
WEEAPROINAH,VIC,-38.631642,143.493437,3237.0
WEERING,VIC,-38.091747,143.70269,3251.0
WEERITE,VIC,-38.220572,143.263219,3260.0
WEHLA,VIC,-36.610848,143.621107,3518.0
WEIR VIEWS,VIC,-37.73178,144.571625,3338.0
WELLSFORD,VIC,-36.71816,144.364023,3551.0
WELSHMANS REEF,VIC,-37.065617,144.046388,3462.0
WELSHPOOL,VIC,-38.668048,146.435869,3966.0
WEMEN,VIC,-34.80429,142.662193,3549.0
WENDOUREE,VIC,-37.530972,143.826671,3355.0
WENSLEYDALE,VIC,-38.373695,144.05182,3241.0
WENTWORTH,VIC,-37.301035,147.496155,3875.0
WERNETH,VIC,-37.936939,143.601358,3352.0
WERONA,VIC,-37.238359,144.021764,3364.0
WERRIBEE,VIC,-37.907959,144.641688,3030.0
WERRIBEE SOUTH,VIC,-37.935513,144.70231,3030.0
WERRIBEE SOUTH,VIC,-37.935513,144.70231,3030.0
WERRIMULL,VIC,-34.414081,141.562337,3496.0
WESBURN,VIC,-37.767733,145.636577,3799.0
WEST BENDIGO,VIC,-36.751493,144.245565,3550.0
WEST BENDIGO,VIC,-36.751493,144.245565,3550.0
WEST CREEK,VIC,-38.554832,145.609601,3992.0
WEST FOOTSCRAY,VIC,-37.8016,144.871959,3012.0
WEST FOOTSCRAY,VIC,-37.8016,144.871959,3012.0
WEST MELBOURNE,VIC,-37.810775,144.920366,3003.0
WEST MELBOURNE,VIC,-37.810775,144.920366,3003.0
WEST WODONGA,VIC,-36.100746,146.828656,3690.0
WESTBURY,VIC,-38.144223,146.223014,3825.0
WESTBY,VIC,-35.638443,143.969624,3579.0
WESTMEADOWS,VIC,-37.676071,144.888093,3049.0
WESTMEADOWS,VIC,-37.676071,144.888093,3049.0
WESTMERE,VIC,-37.681007,142.96222,3351.0
WHANREGARWEN,VIC,-37.221998,145.621647,3714.0
WHARPARILLA,VIC,-36.079935,144.6396,3564.0
WHEATSHEAF,VIC,-37.337249,144.242798,3461.0
WHEELERS HILL,VIC,-37.907264,145.182892,3150.0
WHIPSTICK,VIC,-36.653526,144.265829,3556.0
WHIRILY,VIC,-35.923012,142.988507,3483.0
WHITE HILLS,VIC,-36.727678,144.302815,3550.0
WHITE HILLS,VIC,-36.727678,144.302815,3550.0
WHITEHEADS CREEK,VIC,-37.051648,145.258552,3660.0
WHITELAW,VIC,-38.43784,145.773054,3950.0
WHITFIELD,VIC,-36.751598,146.418271,3733.0
WHITLANDS,VIC,-36.812773,146.373697,3678.0
WHITTINGTON,VIC,-38.176922,144.392419,3219.0
WHITTLESEA,VIC,-37.467359,145.120433,3757.0
WHOOREL,VIC,-38.371201,143.833356,3243.0
WHOROULY,VIC,-36.518932,146.585612,3735.0
WHOROULY EAST,VIC,-36.543649,146.634013,3735.0
WHOROULY EAST,VIC,-36.543649,146.634013,3735.0
WHOROULY SOUTH,VIC,-36.592454,146.597315,3735.0
WHOROULY SOUTH,VIC,-36.592454,146.597315,3735.0
WHROO,VIC,-36.682747,145.0503,3612.0
WICKLIFFE,VIC,-37.705635,142.720644,3379.0
WILBY,VIC,-36.141576,146.025983,3728.0
WILD DOG VALLEY,VIC,-38.369359,145.944669,3953.0
WILDWOOD,VIC,-37.564744,144.801551,3429.0
WILKUR,VIC,-36.084158,142.642595,3393.0
WILLANGIE,VIC,-35.724631,142.817904,
WILLATOOK,VIC,-38.151477,142.226886,
WILLAURA,VIC,-37.521031,142.721566,
WILLAURA NORTH,VIC,-37.388125,142.747902,
WILLENABRINA,VIC,-36.051473,142.22589,
WILLIAMS LANDING,VIC,-37.863061,144.744431,
WILLIAMSTOWN,VIC,-37.861135,144.888468,
WILLIAMSTOWN NORTH,VIC,-37.853202,144.868597,
WILLOW GROVE,VIC,-38.077721,146.164139,3825.0
WILLOWMAVIN,VIC,-37.248857,144.876752,
WILLOWVALE,VIC,-37.840299,143.463814,
WILLUNG,VIC,-38.265507,146.843299,
WILLUNG SOUTH,VIC,-38.322948,146.836548,
WILSONS HILL,VIC,-36.730709,144.089092,
WILSONS PROMONTORY,VIC,-38.956688,146.351484,
WIMBLEDON HEIGHTS,VIC,-38.480296,145.234579,
WINCHELSEA,VIC,-38.233466,143.967001,
WINCHELSEA SOUTH,VIC,-38.323245,143.982613,
WINDERMERE,VIC,-37.485085,143.715749,
WINDSOR,VIC,-37.854722,144.992816,
WINGAN RIVER,VIC,-37.629583,149.527763,
WINGEEL,VIC,-38.078298,143.805572,
WINJALLOK,VIC,-36.840247,143.191638,
WINLATON,VIC,-35.482326,143.750496,
WINNAMBOOL,VIC,-34.957054,142.76891,
WINNAP,VIC,-37.906816,141.394256,
WINNINDOO,VIC,-38.074752,146.755995,
WINSLOW,VIC,-38.238085,142.460672,
WINTER VALLEY,VIC,-37.579389,143.794599,
WINTON,VIC,-36.519779,146.09311,
WINTON NORTH,VIC,-36.455626,146.092852,
WIRRATE,VIC,-36.767892,144.980222,
WISELEIGH,VIC,-37.710117,147.786613,
WODONGA,VIC,-36.125974,146.893287,
WOLLERT,VIC,-37.590941,145.011091,
WOMBAT CREEK,VIC,-37.767166,148.253014,
WOMBELANO,VIC,-37.020669,141.561707,
WON WRON,VIC,-38.466002,146.737145,
WONGA,VIC,-38.601287,146.252534,
WONGA PARK,VIC,-37.735373,145.265019,
WONGARRA,VIC,-38.674812,143.798598,
WONGUNGARRA,VIC,-37.254323,147.051575,
WONNANGATTA,VIC,-37.13136,146.78197,
WONTHAGGI,VIC,-38.619558,145.588299,
WONWONDAH,VIC,-36.886492,142.182579,
WONYIP,VIC,-38.545301,146.3826,
WOOD WOOD,VIC,-35.099808,143.328248,
WOODEND,VIC,-37.369156,144.530905,
WOODEND NORTH,VIC,-37.323437,144.52639,
WOODFIELD,VIC,-37.057685,145.787457,
WOODFORD,VIC,-38.315337,142.482708,
WOODGLEN,VIC,-37.773891,147.384802,
WOODHOUSE,VIC,-37.807824,142.422823,
WOODLEIGH,VIC,-38.391164,145.620364,
WOODS POINT,VIC,-37.560316,146.342484,
WOODSIDE,VIC,-38.537767,146.89941,
WOODSIDE BEACH,VIC,-38.545852,146.977566,
WOODSIDE NORTH,VIC,-38.42331,146.823836,
WOODSTOCK,VIC,-37.546033,145.054377,
WOODSTOCK WEST,VIC,-36.820232,143.994488,
WOODSTOCK ON LODDON,VIC,-36.751499,144.000908,
WOODVALE,VIC,-36.661203,144.186602,
WOOL WOOL,VIC,-38.217883,143.412712,
WOOLAMAI,VIC,-38.507907,145.515182,
WOOLENOOK,VIC,-37.690986,147.04046,
WOOLSHED FLAT,VIC,-36.330549,143.6591,
WOOLSTHORPE,VIC,-38.15215,142.456125,
WOOMELANG,VIC,-35.675042,142.625214,
WOORAGEE,VIC,-36.291271,146.74338,
WOORARRA EAST,VIC,-38.60496,146.38205,
WOORARRA WEST,VIC,-38.593987,146.221712,
WOOREEN,VIC,-38.406758,146.020399,
WOORI YALLOCK,VIC,-37.779552,145.530559,
WOORINEN,VIC,-35.26372,143.467445,
WOORINEN NORTH,VIC,-35.237842,143.432614,
WOORINEN SOUTH,VIC,-35.288529,143.455054,
WOORNDOO,VIC,-37.883101,142.804309,
WOOROONOOK,VIC,-36.266631,143.213625,
WOOSANG,VIC,-36.327416,143.449072,
WOOTONG VALE,VIC,-37.518863,141.73326,
WORROWING,VIC,-37.671655,146.742452,
WRATHUNG,VIC,-37.598656,146.949536,
WRIXON,VIC,-37.680682,146.851646,
WROXHAM,VIC,-37.329985,149.482422,
WUK WUK,VIC,-37.748373,147.418985,
WULGULMERANG,VIC,-37.027984,148.302138,
WULGULMERANG EAST,VIC,-37.100394,148.30813,
WULGULMERANG WEST,VIC,-37.237047,148.073911,
WUNGHNU,VIC,-36.166167,145.422209,
WURDIBOLUC,VIC,-38.288311,144.054628,
WURRUK,VIC,-38.112833,147.023368,
WY YUNG,VIC,-37.790142,147.613208,
WYCHEPROOF,VIC,-36.067825,143.230728,
WYCHEPROOF SOUTH,VIC,-36.140402,143.18553,
WYCHITELLA,VIC,-36.2663,143.625424,
WYCHITELLA NORTH,VIC,-36.197198,143.637417,
WYE RIVER,VIC,-38.630383,143.856108,
WYELANGTA,VIC,-38.651858,143.456064,
WYNDHAM VALE,VIC,-37.858901,144.608511,
WYUNA,VIC,-36.209317,145.068752,
WYUNA EAST,VIC,-36.232852,145.090754,
YAAPEET,VIC,-35.687855,142.064434,3424.0
YABBA NORTH,VIC,-36.23421,145.681587,3646.0
YABBA SOUTH,VIC,-36.281102,145.681613,3646.0
YACKANDANDAH,VIC,-36.330364,146.851958,3749.0
YACKANDANDAH,VIC,-36.330364,146.851958,3749.0
YALCA,VIC,-35.919799,145.290925,3637.0
YALLA-Y-POORA,VIC,-37.52843,143.12668,3378.0
YALLAMBIE,VIC,-37.726822,145.093334,3085.0
YALLOURN,VIC,-38.192871,146.342156,3825.0
YALLOURN NORTH,VIC,-38.12893,146.37948,3825.0
YALLOURN NORTH,VIC,-38.12893,146.37948,3825.0
YALMY,VIC,-37.415438,148.411395,3885.0
YAMBUK,VIC,-38.322786,142.079801,3285.0
YAMBUNA,VIC,-36.152768,144.973023,3621.0
YAN YEAN,VIC,-37.550697,145.132144,3755.0
YAN YEAN,VIC,-37.550697,145.132144,3755.0
YANAC,VIC,-36.09634,141.433471,3418.0
YANAKIE,VIC,-38.80211,146.195306,3960.0
YANDO,VIC,-36.073238,143.815484,3537.0
YANDOIT,VIC,-37.199866,144.105247,3461.0
YANDOIT,VIC,-37.199866,144.105247,3461.0
YANDOIT HILLS,VIC,-37.212993,144.053661,3461.0
YANDOIT HILLS,VIC,-37.212993,144.053661,3461.0
YANDOIT HILLS,VIC,-37.212993,144.053661,3461.0
YANGERY,VIC,-38.319249,142.440714,3283.0
YANGOURA,VIC,-37.800265,146.577129,3858.0
YANNATHAN,VIC,-38.222832,145.650308,3981.0
YAPEEN,VIC,-37.115289,144.166191,3451.0
YARCK,VIC,-37.090135,145.610428,3719.0
YARPTURK,VIC,-38.281457,142.429423,3283.0
YARRA GLEN,VIC,-37.649965,145.382382,3775.0
YARRA GLEN,VIC,-37.649965,145.382382,3775.0
YARRA JUNCTION,VIC,-37.796415,145.626822,3797.0
YARRA JUNCTION,VIC,-37.796415,145.626822,3797.0
YARRABERB,VIC,-36.564894,144.072064,3516.0
YARRABERB,VIC,-36.564894,144.072064,3516.0
YARRAGON,VIC,-38.186373,146.085922,3823.0
YARRAGON,VIC,-38.186373,146.085922,3823.0
YARRAGON SOUTH,VIC,-38.257082,146.058603,3823.0
YARRAGON SOUTH,VIC,-38.257082,146.058603,3823.0
YARRAGON SOUTH,VIC,-38.257082,146.058603,3823.0
YARRAGON SOUTH,VIC,-38.257082,146.058603,3823.0
YARRAM,VIC,-38.561854,146.714698,3971.0
YARRAM,VIC,-38.561854,146.714698,3971.0
YARRAMBAT,VIC,-37.637891,145.136419,3091.0
YARRAMBAT,VIC,-37.637891,145.136419,3091.0
YARRAMBAT,VIC,-37.637891,145.136419,3091.0
YARRAMBAT,VIC,-37.637891,145.136419,3091.0
YARRAVILLE,VIC,-37.818015,144.882665,3013.0
YARRAVILLE,VIC,-37.818015,144.882665,3013.0
YARRAWALLA,VIC,-36.158356,144.010828,3575.0
YARRAWALLA,VIC,-36.158356,144.010828,3575.0
YARRAWALLA,VIC,-36.158356,144.010828,3575.0
YARRAWONGA,VIC,-36.033949,145.99914,3730.0
YARRAWONGA,VIC,-36.033949,145.99914,3730.0
YARRAWONGA SOUTH,VIC,-36.080903,146.026737,3730.0
YARRAWONGA SOUTH,VIC,-36.080903,146.026737,3730.0
YARRAWONGA SOUTH,VIC,-36.080903,146.026737,3730.0
YARRAWONGA SOUTH,VIC,-36.080903,146.026737,3730.0
YARROWEYAH,VIC,-35.942367,145.566657,3644.0
YARROWEYAH,VIC,-35.942367,145.566657,3644.0
YATCHAW,VIC,-37.839881,142.137205,3301.0
YAWONG HILLS,VIC,-36.469092,143.387088,3478.0
YEA,VIC,-37.277955,145.40895,3717.0
YELLINGBO,VIC,-37.848697,145.521567,3139.0
YELTA,VIC,-34.123766,141.98957,3505.0
YENDON,VIC,-37.6449,143.97689,3352.0
YEO,VIC,-38.369916,143.647319,3249.0
YEODENE,VIC,-38.395416,143.703893,3249.0
YEODENE,VIC,-38.395416,143.703893,3249.0
YERING,VIC,-37.684023,145.368429,3770.0
YEUNGROON,VIC,-36.401968,143.348876,3525.0
YEUNGROON EAST,VIC,-36.359549,143.433946,3525.0
YEUNGROON EAST,VIC,-36.359549,143.433946,3525.0
YIELIMA,VIC,-35.90671,145.181741,3638.0
YINNAR,VIC,-38.334824,146.301287,3869.0
YINNAR SOUTH,VIC,-38.370525,146.356141,3869.0
YINNAR SOUTH,VIC,-38.370525,146.356141,3869.0
YORK PLAINS,VIC,-36.591367,142.916739,3477.0
YORK PLAINS,VIC,-36.591367,142.916739,3477.0
YOUANMITE,VIC,-36.163918,145.687654,3646.0
YOUARANG,VIC,-36.151208,145.766139,3728.0
YULECART,VIC,-37.754645,141.908246,3301.0
YUNDOOL,VIC,-36.276875,145.820579,3727.0
YUROKE,VIC,-37.581563,144.860645,3063.0
YUULONG,VIC,-38.722613,143.307623,3237.0
ZEERUST,VIC,-36.274533,145.400168,3634.0
ZUMSTEINS,VIC,-37.113275,142.376033,3401.0
