LOC_PID,LOC_NAME,LOC_CLASS,STATE,lat,lon
locb0dcb52a6b55,Abbeyard,Gazetted Locality,VIC,-37.02495775356094,146.79366198351764
locb9872f35df41,Abbotsford,Gazetted Locality,VIC,-37.803638083401445,145.00003904629162
loc8123ed12ea8d,Aberfeldie,Gazetted Locality,VIC,-37.759841879085414,144.8969478925236
loc1eb4a229104a,Aberfeldy,Gazetted Locality,VIC,-37.70216458751695,146.37903101313736
locb17be87767e1,Acheron,Gazetted Locality,VIC,-37.27045707417102,145.70836810220874
loc780cc0a1e133,Ada,Gazetted Locality,VIC,-37.84071021693326,145.85528938650899
loc43a16ea286e8,Adams Estate,Gazetted Locality,VIC,-38.42476138339643,145.53146423032052
loc25d754a8eb45,Addington,Gazetted Locality,VIC,-37.39311903012681,143.66857125620098
locb8c6086e7a55,Adelaide Lead,Gazetted Locality,VIC,-37.08553799056118,143.66932895495188
locc80658cf7fb4,Agnes,Gazetted Locality,VIC,-38.68469682577745,146.3962341924115
loc0be4112ae167,Aintree,Gazetted Locality,VIC,-37.71898988777856,144.668422353938
loc496d70f9c930,Aire Valley,Gazetted Locality,VIC,-38.69291282745452,143.56270483477522
loc36f348555784,Aireys Inlet,Gazetted Locality,VIC,-38.4379678282479,144.09765976555803
locedf39decfb79,Airly,Gazetted Locality,VIC,-38.02843702592712,147.10002046716195
locdeefa3afa7c5,Airport West,Gazetted Locality,VIC,-37.72284759223115,144.8804261980178
loc0a5e71d90f74,Albacutya,Gazetted Locality,VIC,-35.73834530057435,141.96821080012435
locff0c231b0f12,Albanvale,Gazetted Locality,VIC,-37.74589978514908,144.76910557539748
loce7252de87492,Albert Park,Gazetted Locality,VIC,-37.84536065600749,144.95160382053615
loc6e1cfef44ce9,Alberton,Gazetted Locality,VIC,-38.615952226127476,146.66291377489554
loc44145b6072a8,Alberton West,Gazetted Locality,VIC,-38.60079207084547,146.5756083496644
loc631dce7fd76a,Albion,Gazetted Locality,VIC,-37.77573647209909,144.8155082359737
locfa471b99ea58,Alexandra,Gazetted Locality,VIC,-37.19660176422276,145.73606162626606
loc82f5b45a790d,Alfredton,Gazetted Locality,VIC,-37.55428551608128,143.80034604439413
loc275f6ce31843,Allambee,Gazetted Locality,VIC,-38.29781265270071,146.01789786026114
loc2a4f82974197,Allambee Reserve,Gazetted Locality,VIC,-38.304501581464976,146.05206433428998
locde07810d8948,Allambee South,Gazetted Locality,VIC,-38.35363111205375,146.10173108258863
loc69321423c8f1,Allans Flat,Gazetted Locality,VIC,-36.2956477307004,146.94348875917188
loc60566a23e081,Allansford,Gazetted Locality,VIC,-38.40398412882493,142.5963326152402
loc88c9e1570f0b,Allendale,Gazetted Locality,VIC,-37.36406288985333,143.9122865372605
locde6b7d0d529c,Allestree,Gazetted Locality,VIC,-38.27377844926124,141.64866576401948
loc392ad735d93a,Alma,Gazetted Locality,VIC,-37.02280621810509,143.67614352138168
loc5839ad1e33e1,Almonds,Gazetted Locality,VIC,-36.234102404498856,146.05603646592607
locf0cfcff51df9,Almurta,Gazetted Locality,VIC,-38.45519551316751,145.58030874512144
loc61df9930af3b,Alphington,Gazetted Locality,VIC,-37.77810231460899,145.03010280479378
loc65a4fa5b2f2a,Altona,Gazetted Locality,VIC,-37.86324348880833,144.81532328533427
locec99dd6d0979,Altona Meadows,Gazetted Locality,VIC,-37.87952850116528,144.782029971117
loc08caad3924ee,Altona North,Gazetted Locality,VIC,-37.83832926689557,144.83180878273544
loc50cd9c457bec,Alvie,Gazetted Locality,VIC,-38.23661170330858,143.49436115685955
locbd0f469cb6c7,Amherst,Gazetted Locality,VIC,-37.13983307250844,143.65654507095556
loc33251c36645a,Amor,Gazetted Locality,VIC,-37.93978344210211,146.40463920508176
loc8eb258f7fd5e,Amphitheatre,Gazetted Locality,VIC,-37.200488657151396,143.40556793041003
loc697cc69c0201,Anakie,Gazetted Locality,VIC,-37.941321753966825,144.29192955682612
loc181fd431f029,Ancona,Gazetted Locality,VIC,-36.9668543917208,145.81379453773584
loc891bbdc703a3,Anderson,Gazetted Locality,VIC,-38.52319020165841,145.44836278977618
loc620e3bac5f96,Anglers Rest,Gazetted Locality,VIC,-37.01881352272681,147.47220873525168
loc05cb82a7bc89,Anglesea,Gazetted Locality,VIC,-38.37846977116116,144.1536626708284
loc280972be8416,Annuello,Gazetted Locality,VIC,-34.855275811704786,142.8008793359112
loc08486d57b7ce,Antwerp,Gazetted Locality,VIC,-36.26949085267509,141.97544673998834
loc48b6090e855b,Apollo Bay,Gazetted Locality,VIC,-38.73612453866562,143.6405263694581
loceb4612bb2400,Appin,Gazetted Locality,VIC,-35.87505877786678,143.87391579959132
locb9432ce09125,Appin South,Gazetted Locality,VIC,-35.92662419070646,143.86490025571715
loca8b7e4ac1df1,Apsley,Gazetted Locality,VIC,-36.98152706457151,141.0879869012755
loc2c7c03a351ea,Arapiles,Gazetted Locality,VIC,-36.74119154795535,141.84928735129222
locefdacd147f2f,Ararat,Gazetted Locality,VIC,-37.26606906622168,142.98332142727196
loc2833f5edae08,Arawata,Gazetted Locality,VIC,-38.39536973656008,145.8824086476469
loc132c8f9810de,Arbuckle,Gazetted Locality,VIC,-37.369512702878,146.81924331350928
loc39fa11f54927,Arcadia,Gazetted Locality,VIC,-36.55554193020447,145.38557542398507
loc50e8faa94787,Arcadia South,Gazetted Locality,VIC,-36.59552320152716,145.38052673100378
locb40632e35a66,Archdale,Gazetted Locality,VIC,-36.834927716456065,143.51169119031493
locb7701b83154b,Archdale Junction,Gazetted Locality,VIC,-36.88742858614915,143.52381035243286
loc6aafafa137a8,Archerton,Gazetted Locality,VIC,-36.86987190041957,146.19400502670555
loc35ec4003079f,Archies Creek,Gazetted Locality,VIC,-38.54885128585102,145.56497792277563
locc7baa224b862,Ardeer,Gazetted Locality,VIC,-37.77567064210277,144.80093596104672
loc0f4e621d57eb,Ardmona,Gazetted Locality,VIC,-36.382400377565105,145.29540917552407
loc9fa52a4f97e1,Areegra,Gazetted Locality,VIC,-36.23571620510026,142.6799188398106
loc615a8cfd40bb,Argyle,Gazetted Locality,VIC,-36.967014084254785,144.7150409307577
loc517fb29cebaa,Armadale,Gazetted Locality,VIC,-37.857712414880936,145.01949052000094
locc8cf2a27e6e0,Armstrong,Gazetted Locality,VIC,-37.21404816328928,142.8822286361301
loc96655641e3a2,Armstrong Creek,Gazetted Locality,VIC,-38.23581460072609,144.36302190794814
loc1ec0d6b096ae,Arnold,Gazetted Locality,VIC,-36.672146240750834,143.8583181370979
locad1ecf5f92a5,Arnold West,Gazetted Locality,VIC,-36.66924021827606,143.77712423755176
loc8c127a27890f,Arthurs Creek,Gazetted Locality,VIC,-37.56784604663554,145.2048567027275
loc4cdd1af01845,Arthurs Seat,Gazetted Locality,VIC,-38.360617533156,144.9597309923206
loc7dfc13a0fbf3,Ascot,Gazetted Locality,VIC,-36.70704077846064,144.3364586591334
locd5ab416586a2,Ascot,Gazetted Locality,VIC,-37.3972256738905,143.81160959681569
locfdc6079b562f,Ascot Vale,Gazetted Locality,VIC,-37.779811205218756,144.92271531863406
loc45ea5b7f228b,Ashbourne,Gazetted Locality,VIC,-37.41163433303247,144.46036226303346
locff0c4d75067f,Ashburton,Gazetted Locality,VIC,-37.8670262716315,145.0781510091153
loc4ff8c926c940,Ashwood,Gazetted Locality,VIC,-37.86548523330191,145.10254555314384
loc588c867d4a80,Aspendale,Gazetted Locality,VIC,-38.02241134733934,145.10360100016786
loc62bb1a0efe24,Aspendale Gardens,Gazetted Locality,VIC,-38.0234630194076,145.12348577547667
loc6bd6bdb52299,Athlone,Gazetted Locality,VIC,-38.243409614237194,145.78686964571773
locabd4ee5e179a,Attwood,Gazetted Locality,VIC,-37.66717825548615,144.8825196990505
locc7c615646f18,Aubrey,Gazetted Locality,VIC,-36.23044515343595,142.21918996900996
locd1ca5d96e929,Auchmore,Gazetted Locality,VIC,-36.47691372666685,144.09219061681137
loc24a73b7c0f1f,Avalon,Gazetted Locality,VIC,-38.0488586156483,144.44707490158413
loc4125644a3e48,Avenel,Gazetted Locality,VIC,-36.932169522780356,145.31296592183952
loc7a389af5c5f0,Avoca,Gazetted Locality,VIC,-37.06905506381305,143.47982115198266
loc09d5b3d1a041,Avon Plains,Gazetted Locality,VIC,-36.53591770100975,142.94054717490638
loc151f19603153,Avondale Heights,Gazetted Locality,VIC,-37.76286130465411,144.86302510922727
loc17e7f65d9665,Avonmore,Gazetted Locality,VIC,-36.53484479578985,144.54147371302378
locc3526335f3d5,Avonsleigh,Gazetted Locality,VIC,-37.91373573506063,145.48219824617797
locaddb8f975411,Axe Creek,Gazetted Locality,VIC,-36.86146374185098,144.3851190417837
locb6d54ff2bcb7,Axedale,Gazetted Locality,VIC,-36.772841150089704,144.53117442305228
loc8f5284a27c70,Ayrford,Gazetted Locality,VIC,-38.43572510570682,142.85349105140466
locd777103bd088,Bacchus Marsh,Gazetted Locality,VIC,-37.678364237809255,144.44101528634877
locadd0c24c200e,Baddaginnie,Gazetted Locality,VIC,-36.6024443076805,145.85981143623366
loca6d8813738eb,Badger Creek,Gazetted Locality,VIC,-37.68828910923956,145.54336488498666
loc071b37be3d4d,Bael Bael,Gazetted Locality,VIC,-35.6843584602198,143.73705864090084
loc77b84027033d,Bagshot,Gazetted Locality,VIC,-36.65432353052874,144.40290698611318
loce42d1b5e2aab,Bagshot North,Gazetted Locality,VIC,-36.58863584500348,144.4108509387803
loc02143e7526bf,Bahgallah,Gazetted Locality,VIC,-37.70266111903092,141.28300993723616
loc5b05103f6f82,Bailieston,Gazetted Locality,VIC,-36.753345847657556,145.08433244137154
loc232da9d11723,Bairnsdale,Gazetted Locality,VIC,-37.85325632033286,147.6039026053464
loc2c1864e3cbb6,Bakery Hill,Gazetted Locality,VIC,-37.56310641434381,143.86599785314417
loc0e52a8070878,Balaclava,Gazetted Locality,VIC,-37.87052352113041,144.99483355806723
loc579a0e419572,Bald Hills,Gazetted Locality,VIC,-37.44634728980105,143.83830890339524
loc2dfdbcee246f,Balintore,Gazetted Locality,VIC,-38.28193663018004,143.5697379778012
loc9b1b54e515f7,Ballan,Gazetted Locality,VIC,-37.603859495147745,144.21449523938801
loc51c40eb71225,Ballangeich,Gazetted Locality,VIC,-38.186156187733516,142.6134404269203
locb3042bbbc56a,Ballapur,Gazetted Locality,VIC,-35.97518362010361,142.74788474650188
loc76166a14c514,Ballarat Central,Gazetted Locality,VIC,-37.55938151705904,143.8504810455281
loc0da1e4cdebda,Ballarat East,Gazetted Locality,VIC,-37.564329298503644,143.89703727992378
loc387ede10db16,Ballarat North,Gazetted Locality,VIC,-37.53739852362161,143.8648674321356
locbd7d7c19e839,Ballendella,Gazetted Locality,VIC,-36.293249270303065,144.6746411942397
locea13560b3b42,Balliang,Gazetted Locality,VIC,-37.82004168199036,144.3584424373616
locf2158407e353,Balliang East,Gazetted Locality,VIC,-37.81860001920432,144.4437404779789
locd7da627ee418,Ballyrogan,Gazetted Locality,VIC,-37.43156073078199,143.11459288011562
locb7a8a8d0ef4f,Balmattum,Gazetted Locality,VIC,-36.710904101192455,145.65620588719355
loccd9082fe4b16,Balmoral,Gazetted Locality,VIC,-37.216476244611115,141.8350000586628
loc0a04b7cc8b07,Balnarring,Gazetted Locality,VIC,-38.355467344261314,145.1270991089042
loc3f71543240dd,Balnarring Beach,Gazetted Locality,VIC,-38.3913434663823,145.12104697424556
loc16c75834002d,Balook,Gazetted Locality,VIC,-38.42508743361642,146.5513349031039
loc64cc79e3a232,Balwyn,Gazetted Locality,VIC,-37.8096805134641,145.08737227909643
loc0621c45c46f4,Balwyn North,Gazetted Locality,VIC,-37.79082248448967,145.08460121614218
loc9aa0e8c528a8,Bamawm,Gazetted Locality,VIC,-36.26378731532144,144.63531841037423
loc5bf3990f31ba,Bamawm Extension,Gazetted Locality,VIC,-36.17608878755048,144.6003324587354
loc31ff0e218c39,Bambra,Gazetted Locality,VIC,-38.36174556907525,143.94914286553842
loc5079fcd52a5f,Bamganie,Gazetted Locality,VIC,-37.9395861035788,144.0093632212293
loc398d22e7ad86,Bandiana,Gazetted Locality,VIC,-36.13108604641997,146.93721535207754
locbddfacc30b0a,Bangerang,Gazetted Locality,VIC,-36.19119119620984,142.581468785281
locf3fc3fca2acd,Bangholme,Gazetted Locality,VIC,-38.04663416719934,145.1758971663547
loc02d205ec3a0a,Banksia Peninsula,Gazetted Locality,VIC,-37.949777833150236,147.68158706908397
loc4fbbfa844d68,Bannerton,Gazetted Locality,VIC,-34.737629194616424,142.7985796426153
loce2c8ca5c6900,Bannockburn,Gazetted Locality,VIC,-38.04977914123165,144.15942555298926
loca88aa2abd113,Banyan,Gazetted Locality,VIC,-35.61425594470579,142.78828137072912
loc430fadd03c5d,Banyena,Gazetted Locality,VIC,-36.58853964256384,142.84231267035844
locba8f7a4a0c92,Baranduda,Gazetted Locality,VIC,-36.18471857614672,146.95099994785937
locb5dffcc94890,Barfold,Gazetted Locality,VIC,-37.10355015902843,144.50055253948574
loc12a521f64361,Baringhup,Gazetted Locality,VIC,-36.975840561630605,143.9686239650173
locd76b7ecdbb02,Baringhup West,Gazetted Locality,VIC,-36.957671528432726,143.90298396979145
loc1d612b58d12f,Barjarg,Gazetted Locality,VIC,-36.921182075440186,146.00745182955396
locd15f477b7685,Barkers Creek,Gazetted Locality,VIC,-37.02304282813786,144.224986105099
loc25449f1f934e,Barkly,Gazetted Locality,VIC,-36.94307825677509,143.21895394675306
locb5518e2def1e,Barkstead,Gazetted Locality,VIC,-37.477655589784526,144.09924246033296
loce8ad48650312,Barmah,Gazetted Locality,VIC,-35.950028185002836,144.98894210420517
loc480fd83ce7b6,Barnadown,Gazetted Locality,VIC,-36.650040151478976,144.52644002359614
loca33f0b478514,Barnawartha,Gazetted Locality,VIC,-36.0810055791833,146.68333777347942
loce16c47ba0da0,Barnawartha North,Gazetted Locality,VIC,-36.07685687781686,146.75093683441682
loc28f46ad1c65b,Baromi,Gazetted Locality,VIC,-38.40361544554532,146.17542218699532
loc2d72f4eafe40,Barongarook,Gazetted Locality,VIC,-38.43132017369828,143.6146167245759
loc8f4a31e69dd1,Barongarook West,Gazetted Locality,VIC,-38.43132017369828,143.53998806099216
loc5f4b8feb0579,Barrabool,Gazetted Locality,VIC,-38.16598271009206,144.22591758249672
locae6c33956ba3,Barrakee,Gazetted Locality,VIC,-36.26656748693959,143.44872281508287
locdad186d625ec,Barramunga,Gazetted Locality,VIC,-38.58229037287245,143.716537023838
loc3b062e2dc7ec,Barraport,Gazetted Locality,VIC,-35.992703353083,143.65564769325255
locf933bb59d13e,Barraport West,Gazetted Locality,VIC,-36.01834945108888,143.5530198014178
loc53e3e6885083,Barrys Reef,Gazetted Locality,VIC,-37.45458944620799,144.31245585266294
loc9083cdebc5de,Barunah Park,Gazetted Locality,VIC,-38.01306178929673,143.82281527425422
loc28842e4b419f,Barunah Plains,Gazetted Locality,VIC,-38.04820369751621,143.76892839613078
loce0a53bd0844c,Barwidgee,Gazetted Locality,VIC,-36.51186661788226,146.7804914877501
loc25122932d6df,Barwite,Gazetted Locality,VIC,-37.01016539542627,146.2241630292541
loc8c28aafe5f9e,Barwon Downs,Gazetted Locality,VIC,-38.507711360595394,143.78369888590913
locbbb93e2c6c42,Barwon Heads,Gazetted Locality,VIC,-38.27362930509655,144.48862893844301
loc1238ab1662bb,Basalt,Gazetted Locality,VIC,-37.308636286043665,144.10536226324
locc6531a5cfb35,Bass,Gazetted Locality,VIC,-38.478060381873505,145.47070003229865
loc1d20a85119e7,Batesford,Gazetted Locality,VIC,-38.091241020249555,144.27793253542342
loc2e7877cb2c34,Bathumi,Gazetted Locality,VIC,-36.02502407625501,146.08513225340693
loc918f6d0fec8d,Baw Baw,Gazetted Locality,VIC,-37.83763450941502,146.3227049146658
locd6e139dc2ba2,Baw Baw Village,Gazetted Locality,VIC,-37.84392425852758,146.25677787901773
loccc0f4c785f6c,Baxter,Gazetted Locality,VIC,-38.19783395833951,145.15566819187492
loc4ce426882fb2,Bayindeen,Gazetted Locality,VIC,-37.30334414709699,143.18304429984846
loc9e030c68a944,Bayles,Gazetted Locality,VIC,-38.17727431702315,145.5759678735472
loc466d0093284d,Baynton,Gazetted Locality,VIC,-37.13766950817065,144.64963811933902
loc1949fc383925,Baynton East,Gazetted Locality,VIC,-37.12342616035897,144.71292919170577
loc2f9c80de6f7d,Bayswater,Gazetted Locality,VIC,-37.846287930102406,145.2662071477106
loc9165cd64854f,Bayswater North,Gazetted Locality,VIC,-37.82558688963352,145.2840737662167
locfb463ae5ac4b,Beaconsfield,Gazetted Locality,VIC,-38.039648857201996,145.38067030160758
loc88487743ffc5,Beaconsfield Upper,Gazetted Locality,VIC,-37.998514917386174,145.4254126253552
loc639d23ea6a14,Bealiba,Gazetted Locality,VIC,-36.76874946234512,143.5565188009411
loc5806a5235e78,Bearii,Gazetted Locality,VIC,-35.88441635348337,145.34249109080127
loc0b2a40dc4dff,Bears Lagoon,Gazetted Locality,VIC,-36.33833526592245,143.95125467524304
loc737febad85c1,Beauchamp,Gazetted Locality,VIC,-35.63941873475507,143.61726215619734
loc46a1462d7b96,Beaufort,Gazetted Locality,VIC,-37.44031699366051,143.3374738753907
loce237bfb5fc0e,Beaumaris,Gazetted Locality,VIC,-37.98359267163877,145.03821498488034
loc6849a6dc28d8,Beazleys Bridge,Gazetted Locality,VIC,-36.708697714236884,143.14723367201213
loc69b03d2ebc3c,Beeac,Gazetted Locality,VIC,-38.1784873738722,143.63311005432678
locb7bca082fca0,Beech Forest,Gazetted Locality,VIC,-38.63569908870103,143.6022649754904
loc2bbd81287570,Beechworth,Gazetted Locality,VIC,-36.33390044992679,146.67280674354618
locb1503c8e1989,Beenak,Gazetted Locality,VIC,-37.90039511989013,145.63651284370482
loc8230c2a8625c,Belgrave,Gazetted Locality,VIC,-37.91206989254257,145.35389611891864
locf40bda10826e,Belgrave Heights,Gazetted Locality,VIC,-37.92581975222706,145.34336509908167
locb281644d861d,Belgrave South,Gazetted Locality,VIC,-37.94217301700696,145.3558158064318
loc8585329cc409,Bell Park,Gazetted Locality,VIC,-38.106220088698315,144.33836001720047
locc08b3f37ebf5,Bell Post Hill,Gazetted Locality,VIC,-38.09631347748159,144.3197458502633
loc8bbe850fb3d2,Bellarine,Gazetted Locality,VIC,-38.13201559770947,144.62207232526345
loc1e588c515677,Bellbird Creek,Gazetted Locality,VIC,-37.635760112724896,148.81649414753304
locb4db14713fd7,Bellbrae,Gazetted Locality,VIC,-38.343491717868176,144.24234438232656
loc9a08b3bda5f7,Bellbridge,Gazetted Locality,VIC,-36.09817121799564,147.05859784919656
locd3c522b5c415,Bellellen,Gazetted Locality,VIC,-37.13543586376321,142.69390336346004
loc42979bc97c35,Bellfield,Gazetted Locality,VIC,-37.75294668223161,145.03872911086822
loce9efa5a9608b,Bellfield,Gazetted Locality,VIC,-37.227636566718616,142.48408246870662
loca7762c5bab25,Bells Beach,Gazetted Locality,VIC,-38.37698732898585,144.25184744395045
loc315bbea2e96e,Belmont,Gazetted Locality,VIC,-38.180049995103644,144.34388791744158
loc8b205223941d,Bemm River,Gazetted Locality,VIC,-37.71655771485257,148.9287052176168
loc9214f734f5e9,Bena,Gazetted Locality,VIC,-38.43236822551079,145.74000217646204
locff58d0167065,Benalla,Gazetted Locality,VIC,-36.57073316943551,145.991051277287
locb6fe7c8c5fcf,Benambra,Gazetted Locality,VIC,-36.88916331202289,147.80170583313748
loc8fc20a19bc7c,Benayeo,Gazetted Locality,VIC,-36.842536099048196,141.04283009090983
loc71aec204b2b5,Bend of Islands,Gazetted Locality,VIC,-37.70049589757516,145.27784062844364
loce6098ac5df0c,Bendigo,Gazetted Locality,VIC,-36.75547397831345,144.28086771380546
loc77508b58c35b,Bendoc,Gazetted Locality,VIC,-37.18859040489558,148.89080998928063
loccdbf64bdb7a5,Bengworden,Gazetted Locality,VIC,-37.97442042062713,147.4391964917748
locf566612a5c2b,Benjeroop,Gazetted Locality,VIC,-35.49035043172579,143.84086927614584
loc25025363e687,Benloch,Gazetted Locality,VIC,-37.201265385831846,144.6755111667438
loc6bc38c38afda,Bennison,Gazetted Locality,VIC,-38.66615996143552,146.26916559578763
locd8470b65d64b,Bentleigh,Gazetted Locality,VIC,-37.922780929204635,145.03781078654197
loc89cee4954cc2,Bentleigh East,Gazetted Locality,VIC,-37.9222265381071,145.06691214409426
loc52b530498621,Benwerrin,Gazetted Locality,VIC,-38.49134167408073,143.89568560558257
loc14619c0ba705,Beremboke,Gazetted Locality,VIC,-37.78793752419968,144.2179766663994
loc539ea6329e6a,Berrimal,Gazetted Locality,VIC,-36.49819022856675,143.47564671680905
loc4a7ec2b4b43b,Berringa,Gazetted Locality,VIC,-37.7713994991809,143.6689919839376
loc186e8c505de6,Berringama,Gazetted Locality,VIC,-36.198211560530595,147.65182356421343
locf3b20d55e2bc,Berriwillock,Gazetted Locality,VIC,-35.64436272254395,142.96111207528622
loc8d2c2c331dbf,Berrybank,Gazetted Locality,VIC,-37.96920187902911,143.50177679231157
locb36d276aac72,Berrys Creek,Gazetted Locality,VIC,-38.41276006905347,146.06790778205317
loc4df40037d8c0,Berwick,Gazetted Locality,VIC,-38.04206358517813,145.3442982944178
locc2c8c551a607,Bessiebelle,Gazetted Locality,VIC,-38.149336280645535,141.9312939443052
loca31144ad1f65,Bet Bet,Gazetted Locality,VIC,-36.923697981855106,143.74972523330948
locff3488ad6e7a,Bete Bolong,Gazetted Locality,VIC,-37.68833700463151,148.2972362785725
loc62bcc8f53e0e,Bete Bolong North,Gazetted Locality,VIC,-37.59561134027006,148.29390254531495
locdd89ace20c8e,Bethanga,Gazetted Locality,VIC,-36.151957948250754,147.11625284947306
loc4c3379732a06,Betley,Gazetted Locality,VIC,-36.917725735263375,143.79442587756193
loc755170fc7fc4,Beulah,Gazetted Locality,VIC,-35.921568050178806,142.42005757149246
locecb296d87bd2,Beverford,Gazetted Locality,VIC,-35.22157501360948,143.4794635289032
loc4161e46afd2f,Beveridge,Gazetted Locality,VIC,-37.475602376879166,144.9742439587372
loc02aee4626a98,Big Desert,Gazetted Locality,VIC,-35.64170889421653,141.48012837270466
loceea9a0018be6,Big Hill,Gazetted Locality,VIC,-36.83648597347596,144.23221671280632
locfa8eb1577adf,Big Hill,Gazetted Locality,VIC,-38.4794584806191,144.00920983882366
locb682b64a0bfb,Big Pats Creek,Gazetted Locality,VIC,-37.76759640037346,145.7600227978424
loca01824678e86,Biggara,Gazetted Locality,VIC,-36.34207328342313,148.0123037063699
locbd756139d2b9,Billabong,Gazetted Locality,VIC,-37.25151608261133,146.8169834859968
loc4a5fcd265b2b,Bimbourie,Gazetted Locality,VIC,-35.33542562280884,142.76251308737992
locdc5327a32b66,Bindi,Gazetted Locality,VIC,-37.10962202688398,147.8450540891946
locf30e0cf1b9e1,Binginwarri,Gazetted Locality,VIC,-38.594239618258385,146.44810094178274
loc799b31df8dcd,Bingo Munjie,Gazetted Locality,VIC,-37.007756328951174,147.56295801664174
locc04e3faec15a,Birchip,Gazetted Locality,VIC,-35.99862619033563,142.92451560507237
loc02d3c319cfb8,Birchip West,Gazetted Locality,VIC,-36.01592818889648,142.81564957245314
loc325c0b30e951,Birdwoodton,Gazetted Locality,VIC,-34.19968925361559,142.06861753942206
loc01699d7adbaa,Birregurra,Gazetted Locality,VIC,-38.3429202853574,143.82350660771596
loca04892bcffe9,Bittern,Gazetted Locality,VIC,-38.33831705323061,145.17483739271415
loc29baf1548f7a,Black Hill,Gazetted Locality,VIC,-37.54985532929093,143.87325660546895
locab2619c6639f,Black Range,Gazetted Locality,VIC,-37.13277306586724,142.76585318682572
locad899e5d272f,Black Rock,Gazetted Locality,VIC,-37.97347624983128,145.0243465310807
loc10fc59c40668,Blackburn,Gazetted Locality,VIC,-37.82148168827085,145.15100940056948
loc786911d8fa57,Blackburn North,Gazetted Locality,VIC,-37.804701601532884,145.15532194653815
loc693599a76582,Blackburn South,Gazetted Locality,VIC,-37.839684467210304,145.14700491845645
loc4c8a477b2232,Blackheath,Gazetted Locality,VIC,-36.48135415096074,142.28620156547265
loc8309ee2d6d31,Blackwarry,Gazetted Locality,VIC,-38.41308895274936,146.61700860682015
loca1adbd73e198,Blackwood,Gazetted Locality,VIC,-37.48881556316063,144.28690764074418
loc7f158a48110c,Blairgowrie,Gazetted Locality,VIC,-38.37064804503452,144.7735560834931
loc0e644525b036,Blakeville,Gazetted Locality,VIC,-37.47758225568194,144.2080970927158
loc8db5d9e879c9,Blampied,Gazetted Locality,VIC,-37.352087549024205,144.02190966566405
loc8c47868d94a0,Blind Bight,Gazetted Locality,VIC,-38.21449621100321,145.33464277246813
locb22346216815,Blowhard,Gazetted Locality,VIC,-37.42900433653345,143.7877513813399
locd822612ba174,Bo Peep,Gazetted Locality,VIC,-37.54555426931185,143.66613694453352
loc81b0633f239e,Bobinawarrah,Gazetted Locality,VIC,-36.53608645234732,146.489471116709
loc25349ac08f9b,Bochara,Gazetted Locality,VIC,-37.69032975762096,141.9008185208255
loc58fa3791b4e9,Bogong,Gazetted Locality,VIC,-36.796948191142576,147.22154850134007
locc7e7e73ee8e7,Boho,Gazetted Locality,VIC,-36.66862987348811,145.79587919449662
loc1680fce821e6,Boho South,Gazetted Locality,VIC,-36.77277444144055,145.8271261317471
loc3be37dd4e9f1,Boigbeat,Gazetted Locality,VIC,-35.56149104360627,142.95722651128466
loccdd24cb9215b,Boinka,Gazetted Locality,VIC,-35.15751540548385,141.5886951030036
loca861f6ca2ab3,Boisdale,Gazetted Locality,VIC,-37.85637511052473,146.9654495068028
loc6eda168c3798,Bolangum,Gazetted Locality,VIC,-36.71537965832735,142.99808173919266
loc488293f7746c,Bolinda,Gazetted Locality,VIC,-37.43833807513519,144.77955760834016
loc05777dd8ea68,Bolton,Gazetted Locality,VIC,-34.95975417935998,142.9375392736813
loc2c89f2c72b52,Bolwarra,Gazetted Locality,VIC,-38.28057394399656,141.60371534925287
loca767c07ce8b6,Bolwarrah,Gazetted Locality,VIC,-37.50950252242956,144.10799064560052
loc5a5cdc0d3a63,Bona Vista,Gazetted Locality,VIC,-38.20671854793767,145.9692250335937
loc5899edefdaff,Bonang,Gazetted Locality,VIC,-37.14889258047451,148.6478498573543
locc70453923b8e,Bonbeach,Gazetted Locality,VIC,-38.06299791802085,145.12793826609263
locaedc1a0bcb5a,Bonegilla,Gazetted Locality,VIC,-36.144417621806305,146.98555594689748
loced6917ed9b9b,Boneo,Gazetted Locality,VIC,-38.40833112415413,144.90181929297637
loc46f79f2dbf45,Bonn,Gazetted Locality,VIC,-36.413066247132406,144.71829574597524
loccaf1b7ac7ed3,Bonnie Brook,Gazetted Locality,VIC,-37.7002386509927,144.67709539766048
loc4dcb7972b14a,Bonnie Doon,Gazetted Locality,VIC,-37.01399732066945,145.86477452637632
locb2505e62d563,Bonshaw,Gazetted Locality,VIC,-37.60377346035217,143.81348974638618
locd3986508c3f1,Bookaar,Gazetted Locality,VIC,-38.11073435111342,143.0808155440683
locd7929741c9ff,Boola,Gazetted Locality,VIC,-38.05194302220369,146.46680247810428
loc2cdd54fb79b9,Boolarong,Gazetted Locality,VIC,-38.56565389662896,146.25896240045768
loc961e71bc6343,Boolarra,Gazetted Locality,VIC,-38.38228175193134,146.2773893798911
locf7795df093e6,Boolarra South,Gazetted Locality,VIC,-38.46255245916672,146.30678585937045
loc40fbd30880ae,Boole Poole,Gazetted Locality,VIC,-37.92335300456875,147.82067608385552
locd1298bdee5ff,Boolite,Gazetted Locality,VIC,-36.34098331303761,142.68168316068733
loc7c9eb51c7250,Boomahnoomoonah,Gazetted Locality,VIC,-36.12389194192356,146.09917405168284
locb8362b45aa02,Boonah,Gazetted Locality,VIC,-38.42758282376397,143.98378176646702
loc2f38eaefd410,Boorcan,Gazetted Locality,VIC,-38.22207002722963,143.02866229805522
loce7aa43e88406,Boorhaman,Gazetted Locality,VIC,-36.22933138481539,146.32141364158522
locb07c29f18cea,Boorhaman East,Gazetted Locality,VIC,-36.16443743448226,146.33475393118022
loc3dac62971ad3,Boorhaman North,Gazetted Locality,VIC,-36.10293825984901,146.25037385307076
locd7ad53b0d1eb,Boorolite,Gazetted Locality,VIC,-37.15963980450136,146.2049396388722
locea070fc7b4b7,Boorool,Gazetted Locality,VIC,-38.45153848948095,146.0557053779487
loc7017099bf77a,Boort,Gazetted Locality,VIC,-36.1235553232447,143.7419314813601
loc933e2fc51c06,Boosey,Gazetted Locality,VIC,-36.04805250319036,145.79578165354866
loc90cfc568ec13,Boralma,Gazetted Locality,VIC,-36.23633942535787,146.40677422517498
loc4de93c9d945d,Bornes Hill,Gazetted Locality,VIC,-37.52948432237274,142.48986481366066
loc7d9d9818d4b9,Boronia,Gazetted Locality,VIC,-37.85381791456871,145.28956685472866
loce543f29759c6,Borung,Gazetted Locality,VIC,-36.28749947640419,143.77646287769585
loc0786a28dd2a5,Bostocks Creek,Gazetted Locality,VIC,-38.30187127360046,143.1175479111365
locc24586754a19,Botanic Ridge,Gazetted Locality,VIC,-38.1359348025245,145.2542639636443
loc32648f5f8779,Boundary Bend,Gazetted Locality,VIC,-34.72981000421371,143.09804669788696
loc51073e66e2d2,Bowenvale,Gazetted Locality,VIC,-37.00466549426078,143.70172684627272
loc195f12d6882f,Boweya,Gazetted Locality,VIC,-36.276854417553835,146.1152375292836
loc3549fec27c38,Boweya North,Gazetted Locality,VIC,-36.23441791129923,146.1060087290374
loce7c31dfc7645,Bowmans Forest,Gazetted Locality,VIC,-36.469921083051304,146.62342539254604
locb055480620d6,Bowser,Gazetted Locality,VIC,-36.30932090844388,146.36205066297236
loca5de38b84720,Box Hill,Gazetted Locality,VIC,-37.82132089997853,145.12612741221741
locc89665bfa152,Box Hill North,Gazetted Locality,VIC,-37.80590615043172,145.12909180137706
loc6ae7eaa3c1f3,Box Hill South,Gazetted Locality,VIC,-37.83606332937917,145.1234746734176
loc04430bdf0f64,Boxwood,Gazetted Locality,VIC,-36.320949238535434,145.80620404796656
loce5c522e6590e,Bradford,Gazetted Locality,VIC,-36.921687531784585,144.05975842501095
locad5720b52b51,Bradvale,Gazetted Locality,VIC,-37.794794953471914,143.36566331657383
loc0ea7f7dc5047,Braeside,Gazetted Locality,VIC,-38.00198893731407,145.12372951801532
loca2d931c486c4,Brandy Creek,Gazetted Locality,VIC,-38.10369114855173,145.91517875305692
loc387e057eab15,Branxholme,Gazetted Locality,VIC,-37.84308686754099,141.80955219668695
locf731bb317ccc,Bravington,Gazetted Locality,VIC,-38.08249198772076,145.92312578957046
loc01478eda4021,Braybrook,Gazetted Locality,VIC,-37.78463442677335,144.8555526202298
loc7f67133a4bdf,Breakaway Creek,Gazetted Locality,VIC,-38.032768323839576,141.83025009562942
loc8a97c8ce83aa,Breakwater,Gazetted Locality,VIC,-38.17718883202831,144.37411952259774
loc96c2ce4280fb,Breamlea,Gazetted Locality,VIC,-38.29418223872443,144.38750439753608
locb0f9b4b6df74,Brenanah,Gazetted Locality,VIC,-36.56682399988386,143.71528928101628
loc8403c5bea054,Brewster,Gazetted Locality,VIC,-37.49617628384115,143.52939839221955
loce787c138c232,Briagolong,Gazetted Locality,VIC,-37.8095547666187,147.08508931552302
locf1ab93029011,Briar Hill,Gazetted Locality,VIC,-37.70607037148508,145.12354360151335
loc806561c3d7fa,Bridge Creek,Gazetted Locality,VIC,-36.9040278153408,146.10294215083394
loc58cf1d0913b0,Bridgewater,Gazetted Locality,VIC,-36.63812687969465,143.9427737715711
locd2bbaede3007,Bridgewater North,Gazetted Locality,VIC,-36.54937575733389,144.0062307846755
loc2df26d0f8bd6,Bridgewater on Loddon,Gazetted Locality,VIC,-36.60209119141521,143.93905574205183
loc6795ba7e3dbf,Bright,Gazetted Locality,VIC,-36.70277215437177,147.04408378078182
loc3319215a0a10,Brighton,Gazetted Locality,VIC,-37.908027833205125,144.99470111397542
loc65b04ce00376,Brighton East,Gazetted Locality,VIC,-37.916461144556706,145.01517531611688
loc3322016e972a,Brim,Gazetted Locality,VIC,-36.07222831249656,142.4438077658184
loc436e47a2dad6,Brimboal,Gazetted Locality,VIC,-37.3943771270709,141.4066044762754
loc4d9f263285cb,Brimin,Gazetted Locality,VIC,-36.051905043032846,146.2600217765891
loc685cbe0cb06c,Brimpaen,Gazetted Locality,VIC,-37.06336165545706,142.1967596226354
loce0f4ecea9c10,Bringalbert,Gazetted Locality,VIC,-36.84099206620742,141.15719386993925
loc11880983d120,Brit Brit,Gazetted Locality,VIC,-37.40878586726245,141.73450950418157
loc86921449ddd2,Broadford,Gazetted Locality,VIC,-37.21556469581563,145.05334469160317
loc339968b06dbf,Broadlands,Gazetted Locality,VIC,-37.859476145468946,147.69020619841746
loc74f8893fb76e,Broadmeadows,Gazetted Locality,VIC,-37.67889793919221,144.92825591136784
loc491ef560b552,Broadwater,Gazetted Locality,VIC,-38.121544813207905,142.0618592143835
loc481ae25601aa,Brodribb River,Gazetted Locality,VIC,-37.697616855903384,148.58993263204678
loc78aaa13d84a5,Broken Creek,Gazetted Locality,VIC,-36.43468788926987,145.88253420883146
loc40c698ca1b68,Bromley,Gazetted Locality,VIC,-36.88691549816548,143.7875265458991
loc29841cc6d6f1,Brookfield,Gazetted Locality,VIC,-37.70106161167923,144.54136368439646
loc41819ba29eb2,Brooklyn,Gazetted Locality,VIC,-37.814131941254175,144.8418299917434
loc5a317354ba31,Brookville,Gazetted Locality,VIC,-37.35196247608147,147.64893261447784
locbf6382130f40,Broomfield,Gazetted Locality,VIC,-37.3849862344415,143.90634026281597
locd4046f51bb46,Broughton,Gazetted Locality,VIC,-36.15456483035272,141.31614834626072
loc9e5f9467aed1,Brown Hill,Gazetted Locality,VIC,-37.546523724331905,143.91556604899225
loc6c2f18ef0303,Browns Plains,Gazetted Locality,VIC,-36.03522292890262,146.62712631137336
loc3fed493d4fe1,Bruarong,Gazetted Locality,VIC,-36.419993364967745,146.87074934379675
loc82861b657874,Brucknell,Gazetted Locality,VIC,-38.45936943288342,142.90387393679012
loce458669c9f50,Brumby,Gazetted Locality,VIC,-37.01937345378553,148.0396404484927
loca4f3a116d4ba,Brunswick,Gazetted Locality,VIC,-37.76673638169832,144.9609831398296
loc79e45c9fa669,Brunswick East,Gazetted Locality,VIC,-37.768475469654646,144.97809681325435
loc11b2a92fb5f0,Brunswick West,Gazetted Locality,VIC,-37.7639304773072,144.9441593871934
loca3ad40eadaa6,Bruthen,Gazetted Locality,VIC,-37.70766521684513,147.85367526100708
loc574201b0b9ad,Buangor,Gazetted Locality,VIC,-37.38480183656249,143.16677156572092
loc7965c9dbda63,Buchan,Gazetted Locality,VIC,-37.423526028412006,148.10325666461108
loc1563119dec3c,Buchan South,Gazetted Locality,VIC,-37.54709824509081,148.07859036050348
locdda1ad3412d5,Buckland,Gazetted Locality,VIC,-36.856350459420895,146.90326559123235
loc1da1d4fb358b,Buckley,Gazetted Locality,VIC,-38.219268353882455,144.0927945788527
loc528325f2a993,Buckley Swamp,Gazetted Locality,VIC,-37.8563691003943,142.07911372032143
loc6c9a97aef55f,Buckrabanyule,Gazetted Locality,VIC,-36.27131144626834,143.50979283280225
loc537c1529f1e6,Budgee Budgee,Gazetted Locality,VIC,-37.54872323036447,147.09046483856707
loc563c0be46a3a,Budgeree,Gazetted Locality,VIC,-38.419423665211426,146.36015781434938
loc569b9194d9c8,Budgerum East,Gazetted Locality,VIC,-35.77357084000634,143.65235923553797
loc12ff2a0a5112,Buffalo,Gazetted Locality,VIC,-38.67616931265921,146.0036744805215
locd7c080d36228,Buffalo River,Gazetted Locality,VIC,-36.65501337869031,146.65980785946388
loc6d9d8780b1e2,Bulart,Gazetted Locality,VIC,-37.58591229146745,141.91740631526335
loc0aa14d37ce7c,Buldah,Gazetted Locality,VIC,-37.26542902348088,149.1242072999936
loc0886103f7385,Bulga,Gazetted Locality,VIC,-35.30449432671082,143.35102054231697
loc586aee79b3cd,Bulgana,Gazetted Locality,VIC,-37.13595620809999,142.99495791006325
loc125dcdb1e951,Bulla,Gazetted Locality,VIC,-37.62982365863785,144.80309406209813
loc89314310e18d,Bullaharre,Gazetted Locality,VIC,-38.34921468667631,143.13917444975527
loc9e70c7c8061b,Bullarook,Gazetted Locality,VIC,-37.50808884943561,144.01332066052692
locccb8c1c190fc,Bullarto,Gazetted Locality,VIC,-37.38805746081941,144.22561726332594
loc2cc56b89b690,Bullarto South,Gazetted Locality,VIC,-37.42284487466662,144.21764334063323
loca56f2b16461e,Bulleen,Gazetted Locality,VIC,-37.76698590476724,145.08849562823116
loc14f8110c3a65,Bullengarook,Gazetted Locality,VIC,-37.481463913763946,144.50126458651522
loca524243739d2,Bullioh,Gazetted Locality,VIC,-36.17540885208476,147.35849436974516
loc0a8a4a4b18d7,Bullumwaal,Gazetted Locality,VIC,-37.64190764434445,147.58231109469068
loc16a7b6be7aff,Buln Buln,Gazetted Locality,VIC,-38.09287359945688,145.94900766976676
loc7473af394700,Buln Buln East,Gazetted Locality,VIC,-38.07201996112735,146.012815804149
loc9b9a29242da7,Bumberrah,Gazetted Locality,VIC,-37.79229065723304,147.8342986610013
loc088d740ef3a2,Bunbartha,Gazetted Locality,VIC,-36.250174335532655,145.34570260248307
loc3117fbef7407,Bundalaguah,Gazetted Locality,VIC,-38.02429176971493,147.00908909516784
loc0a94e94d2f51,Bundalong,Gazetted Locality,VIC,-36.052417411994554,146.12847012267957
loc7734347f34c2,Bundalong South,Gazetted Locality,VIC,-36.10248570992832,146.17085580766638
loc46de7f572469,Bundara,Gazetted Locality,VIC,-36.99232721092784,147.33365695744607
loca59f19d84777,Bunding,Gazetted Locality,VIC,-37.53807018587793,144.17136727877022
loc712bc92c5924,Bundoora,Gazetted Locality,VIC,-37.70281020767561,145.05608242393896
loc8d20359f8685,Bung Bong,Gazetted Locality,VIC,-37.09307726768047,143.58502449241635
locd5e8f7713f98,Bungador,Gazetted Locality,VIC,-38.42865237179071,143.32878805041628
loc4f31002cc7df,Bungal,Gazetted Locality,VIC,-37.703532377532696,144.14765259784906
loca8a51c6bd187,Bungalally,Gazetted Locality,VIC,-36.79731262636113,142.25800908476666
locd3500d0fb68c,Bungaree,Gazetted Locality,VIC,-37.56143576147912,144.00415348250965
locf48e2dd730c3,Bungeet,Gazetted Locality,VIC,-36.2770373762533,146.0494884242222
loc44ef8b99017f,Bungeet West,Gazetted Locality,VIC,-36.35126588713484,145.990265800134
locf8bf8d197e56,Bungil,Gazetted Locality,VIC,-36.08353850202479,147.4080294635723
locdc4a417bc1df,Bunguluke,Gazetted Locality,VIC,-36.05592223119589,143.36941576386354
loc24c93e0a473d,Buninyong,Gazetted Locality,VIC,-37.647930686265866,143.8932657034793
locf6de7ad02342,Bunkers Hill,Gazetted Locality,VIC,-37.57479349103741,143.75231006677302
locc32e1f27cb07,Bunyip,Gazetted Locality,VIC,-38.1020121736229,145.72059552139126
loc4ff5262f3b97,Bunyip North,Gazetted Locality,VIC,-38.0624040993283,145.72428142036205
loc65a545c1e2e1,Buragwonduc,Gazetted Locality,VIC,-37.4857184252069,146.78199442489657
locdb2da1385174,Burkes Bridge,Gazetted Locality,VIC,-35.83640015067534,144.34258182186178
locf0cee0a6d151,Burkes Flat,Gazetted Locality,VIC,-36.63954238858506,143.56552050218988
loc27c7ab8b905e,Burnbank,Gazetted Locality,VIC,-37.2294167119355,143.58841561091944
loc28117758b2d1,Burnewang,Gazetted Locality,VIC,-36.4714574227839,144.67478162822985
loc7c0af2fd89ec,Burnley,Gazetted Locality,VIC,-37.82986369186192,145.016556982317
loc1cd13a25341f,Burnside,Gazetted Locality,VIC,-37.750201793021404,144.7496637831513
locbb31ea1d3b07,Burnside Heights,Gazetted Locality,VIC,-37.73296306081957,144.75609301146085
loc3704f66f99f0,Burramboot,Gazetted Locality,VIC,-36.52982263555748,144.82032854441775
loc860b95b61d88,Burramine,Gazetted Locality,VIC,-36.00789937475233,145.87253014378558
locdd7ecdd6bfe5,Burramine South,Gazetted Locality,VIC,-36.069970886298194,145.8636837649786
loc8afd8b17cd24,Burrowye,Gazetted Locality,VIC,-36.02458503065672,147.5408578427763
loc0e21a6b4ddce,Burrumbeet,Gazetted Locality,VIC,-37.49627192517353,143.62777892208643
loc67f13bfe7b6c,Burwood,Gazetted Locality,VIC,-37.848918732294706,145.11440090588934
loc2ed32abac511,Burwood East,Gazetted Locality,VIC,-37.85391285833484,145.14752877446455
locc2fe654c18e1,Bushfield,Gazetted Locality,VIC,-38.325844525589254,142.51610220886488
loc6a99b0f73e83,Bushy Park,Gazetted Locality,VIC,-37.85866131696223,147.01070914427459
loc66680780790a,Butchers Ridge,Gazetted Locality,VIC,-37.261007763646546,148.25359451693683
loc738975eb0229,Buxton,Gazetted Locality,VIC,-37.435382986516835,145.7170055446788
loc81e77b601dc6,Byaduk,Gazetted Locality,VIC,-37.94510842443595,141.98285301011464
loced9b7fe29630,Byaduk North,Gazetted Locality,VIC,-37.861490883988054,141.98084314877354
loc6c1ddb51f9ae,Byawatha,Gazetted Locality,VIC,-36.288926420400564,146.4708288592866
loc4cca17382228,Bylands,Gazetted Locality,VIC,-37.35031283267706,144.93079006168583
loc0b6a5afed24c,Byrneside,Gazetted Locality,VIC,-36.41026762413891,145.15924383137155
loc7f48d2360090,Cabarita,Gazetted Locality,VIC,-34.20579638032936,142.0831708389295
loc8a8448661e9e,Cabbage Tree,Gazetted Locality,VIC,-37.46037776710244,143.9082167843326
loc56f600ddd7dd,Cabbage Tree Creek,Gazetted Locality,VIC,-37.65675863558328,148.71538959113238
loc91a697b81051,Cadello,Gazetted Locality,VIC,-37.30478574370087,144.52913304787523
loc0eced751f474,Cairnlea,Gazetted Locality,VIC,-37.75887830074008,144.78654412443933
loc218bfbe8ef2b,Calder Park,Gazetted Locality,VIC,-37.67514660131192,144.76138971179904
loccc46b06df2aa,Caldermeade,Gazetted Locality,VIC,-38.247977380380064,145.52215249074726
loc44a32f330f55,California Gully,Gazetted Locality,VIC,-36.72836355748241,144.25868540712236
loc272cc62f8750,Calivil,Gazetted Locality,VIC,-36.247174734721824,144.07834862188815
locabef68aaba40,Callawadda,Gazetted Locality,VIC,-36.82223772671026,142.80543600441263
loc925cc1f23167,Callignee,Gazetted Locality,VIC,-38.31899164779074,146.57975763501872
loc2c5300faf032,Callignee North,Gazetted Locality,VIC,-38.32141830035117,146.62132960520097
loc1be14b7ff8e7,Callignee South,Gazetted Locality,VIC,-38.37982832550979,146.60741241656316
loc67800a95e5e2,Calrossie,Gazetted Locality,VIC,-38.50013954334172,146.67109522962136
locb5f7d235cdb2,Calulu,Gazetted Locality,VIC,-37.78853679042993,147.50835697293192
locf55199755491,Cambarville,Gazetted Locality,VIC,-37.61895275622924,146.0292955005587
loc913bf4728c4e,Camberwell,Gazetted Locality,VIC,-37.83562621917356,145.0740136038117
locc2fcd7774115,Cambrian Hill,Gazetted Locality,VIC,-37.63695108153942,143.81720936932624
locfb9f1336aa98,Campbellfield,Gazetted Locality,VIC,-37.666239872374426,144.96140042245165
loc3f7846618b6e,Campbells Bridge,Gazetted Locality,VIC,-36.927883178227965,142.7913106201093
loc51c5a5c579d2,Campbells Creek,Gazetted Locality,VIC,-37.10640444820808,144.2133986766246
loc2dc1d9128736,Campbells Forest,Gazetted Locality,VIC,-36.61829698196899,144.1014705072667
locc09a55dad500,Campbelltown,Gazetted Locality,VIC,-37.206023970028255,143.96003957023413
loc123a428bd850,Camperdown,Gazetted Locality,VIC,-38.22885948542997,143.13652637258377
locd13b80692d73,Canadian,Gazetted Locality,VIC,-37.58411192725865,143.88252083507456
loca335a1098356,Canary Island,Gazetted Locality,VIC,-36.003931716363724,143.87536456765184
loc3e17a3a958b1,Caniambo,Gazetted Locality,VIC,-36.47181869459287,145.59970315187033
loc218ece9c35a1,Cann River,Gazetted Locality,VIC,-37.586853767645934,149.16237980883847
loc9a0bba037afa,Cannie,Gazetted Locality,VIC,-35.754270257366024,143.52550097252896
loc5bf094d10d8e,Cannons Creek,Gazetted Locality,VIC,-38.20767256852008,145.3073926134356
loc7c7f6b6e62a9,Cannum,Gazetted Locality,VIC,-36.24840515049432,142.30540477235274
locb694454fbbb1,Canterbury,Gazetted Locality,VIC,-37.824225988940796,145.07743149187763
loc50856354e6f8,Cape Bridgewater,Gazetted Locality,VIC,-38.329765107900975,141.43416752791043
loc5d3646978ef2,Cape Clear,Gazetted Locality,VIC,-37.77818807269871,143.6095224783714
loc8065adefd229,Cape Conran,Gazetted Locality,VIC,-37.78959509230778,148.71718454322115
loc79b769d86937,Cape Otway,Gazetted Locality,VIC,-38.779250513174105,143.57546166667407
loc4abff29e6e33,Cape Paterson,Gazetted Locality,VIC,-38.656963380398274,145.6180375377154
locc7ed59ac01ad,Cape Schanck,Gazetted Locality,VIC,-38.467190901949145,144.9047952715449
loc01636b23f63e,Cape Woolamai,Gazetted Locality,VIC,-38.54340060317189,145.3432242174003
locf8d60bf51b6b,Capel Sound,Gazetted Locality,VIC,-38.37039666178513,144.8752799173348
loc228d608829eb,Capels Crossing,Gazetted Locality,VIC,-35.613785863981285,143.9225723121079
locd1d1d2017419,Carag Carag,Gazetted Locality,VIC,-36.46575862908398,144.89094016116283
loc58806b3ed233,Caralulup,Gazetted Locality,VIC,-37.19833616276476,143.6440396363832
locaff72eb7c3af,Caramut,Gazetted Locality,VIC,-37.9528073872381,142.53468247008357
loc33d223acc3a0,Carapooee,Gazetted Locality,VIC,-36.71883720509567,143.33736145894522
loc24a69dce0818,Carapooee West,Gazetted Locality,VIC,-36.7092577113259,143.23871546835048
loc33c058534f30,Carapook,Gazetted Locality,VIC,-37.51528607114278,141.56940994682407
loc5987ff3ede56,Carboor,Gazetted Locality,VIC,-36.64676172876155,146.547764977711
loc8c852c59ffe5,Cardigan,Gazetted Locality,VIC,-37.53562659113203,143.74517454253672
loc466920b0342e,Cardigan Village,Gazetted Locality,VIC,-37.516918659147606,143.70992417264534
loc1407fbd1e16b,Cardinia,Gazetted Locality,VIC,-38.14539005888537,145.42368007079287
loc590aa68ce959,Cardross,Gazetted Locality,VIC,-34.305477404505794,142.1254725268728
loc1179440acbd6,Cargerie,Gazetted Locality,VIC,-37.80394490325558,143.9498671578792
locdfffeb97ca8d,Carina,Gazetted Locality,VIC,-35.22131130689147,141.10236587415204
loc41c1ab9121d6,Caringal,Gazetted Locality,VIC,-37.946391481825316,146.34136694154256
loc154390ddc0ff,Carisbrook,Gazetted Locality,VIC,-37.03070170962612,143.8373558774143
loc06c4966b14cd,Carlisle River,Gazetted Locality,VIC,-38.56795075285801,143.4351434206611
loc03c8729d5d9f,Carlsruhe,Gazetted Locality,VIC,-37.29059219440221,144.49215947787349
loca0398a35cf5e,Carlton,Gazetted Locality,VIC,-37.79997831411187,144.96929985136313
loc533a569e6f80,Carlton North,Gazetted Locality,VIC,-37.78727327282148,144.9679496096615
loc59254525b610,Carlyle,Gazetted Locality,VIC,-35.99768508658718,146.48566079493776
loc86cf2bd4847b,Carnegie,Gazetted Locality,VIC,-37.89371497990139,145.05558938718207
locf9a8f171535e,Carngham,Gazetted Locality,VIC,-37.56096421099584,143.59183037403366
loc17a18f5ff3a6,Caroline Springs,Gazetted Locality,VIC,-37.73128956364178,144.73838452192896
locaabd74ccd818,Carpendeit,Gazetted Locality,VIC,-38.39130055986092,143.24100739244014
loc6b9320f14b68,Carrajung,Gazetted Locality,VIC,-38.37982832550979,146.6803519360164
loc6ebc13341888,Carrajung Lower,Gazetted Locality,VIC,-38.38987598558175,146.76229310857804
locffdf5340caeb,Carrajung South,Gazetted Locality,VIC,-38.38401234232684,146.80091507314017
loccb61d41e5521,Carranballac,Gazetted Locality,VIC,-37.696968075800825,143.17088336200385
loce9e359fdb5e2,Carron,Gazetted Locality,VIC,-36.28033944573303,142.75920892576016
locd991ee63e1ae,Carrum,Gazetted Locality,VIC,-38.07711084087498,145.12773279578568
locff62fb6a898a,Carrum Downs,Gazetted Locality,VIC,-38.09725117983024,145.1761288438007
loc6442dc787b13,Carwarp,Gazetted Locality,VIC,-34.52672968083634,142.17626442416787
loc2a9a9677c068,Cashmore,Gazetted Locality,VIC,-38.307684544508774,141.5023797544501
loc2d23f5171319,Cassilis,Gazetted Locality,VIC,-37.204138551778456,147.60514144275086
locc7f19230ec8e,Castella,Gazetted Locality,VIC,-37.51620221342226,145.42298082740896
loc92006d7c0d05,Casterton,Gazetted Locality,VIC,-37.60028285425465,141.29207538393223
loc6ab2426ba50a,Castle Creek,Gazetted Locality,VIC,-36.18300099465263,146.8238569007088
loc6809b7c5e3e1,Castle Donnington,Gazetted Locality,VIC,-35.421388738898514,143.5716956521628
locb3ef43e2e633,Castlemaine,Gazetted Locality,VIC,-37.05924565646254,144.21645945543702
locd6c6d9a7e47d,Catani,Gazetted Locality,VIC,-38.19251727842585,145.64879314628996
loca5fac44493f4,Cathcart,Gazetted Locality,VIC,-37.313112930997036,142.8820435195962
loceebe11b0d60c,Cathkin,Gazetted Locality,VIC,-37.162948487145556,145.61253860199702
loc1c59a27b9fb1,Catumnal,Gazetted Locality,VIC,-36.079837466472185,143.61815538395035
loc450465b4eebb,Caulfield,Gazetted Locality,VIC,-37.884801597634926,145.0261579737747
loc51f316792e18,Caulfield East,Gazetted Locality,VIC,-37.88109522675407,145.04212797688962
loc433bbb473372,Caulfield North,Gazetted Locality,VIC,-37.87073458887738,145.02180024575387
loc1b5a0e70afd4,Caulfield South,Gazetted Locality,VIC,-37.89512075214365,145.02487528300887
loceb4081c81ca3,Caveat,Gazetted Locality,VIC,-37.05828507669624,145.4964202305109
loc37a6a52d31c4,Cavendish,Gazetted Locality,VIC,-37.485210819969694,142.071490356373
loc59fbd4280429,Ceres,Gazetted Locality,VIC,-38.163049168360175,144.27293066985754
loc9b20cd160517,Chadstone,Gazetted Locality,VIC,-37.88269776270465,145.09960036573386
loca8bff6f9f443,Chandlers Creek,Gazetted Locality,VIC,-37.30811658396244,149.32165717707488
loc756f6c8866b0,Chapel Flat,Gazetted Locality,VIC,-37.47896945348836,143.89646910957072
loc806b9896495a,Chapple Vale,Gazetted Locality,VIC,-38.626364610952805,143.29354425330575
locecbfa5face9e,Charam,Gazetted Locality,VIC,-36.95144411584442,141.51259245887104
loc99016095ec57,Charlemont,Gazetted Locality,VIC,-38.20470465039453,144.3760520514415
loc2dda2a8b5d76,Charleroi,Gazetted Locality,VIC,-36.309890564197964,147.15624453189548
loc2e8c2fca7c80,Charlton,Gazetted Locality,VIC,-36.28130900607749,143.34351008636855
loc973da3f2ca29,Chatsworth,Gazetted Locality,VIC,-37.84026401466663,142.65966718485117
locffd0eebac0eb,Chelsea,Gazetted Locality,VIC,-38.04961070857204,145.12164062184888
locc25e0bed112f,Chelsea Heights,Gazetted Locality,VIC,-38.04003677500832,145.13331675567662
loc0a03ed3531fd,Cheltenham,Gazetted Locality,VIC,-37.96189804014641,145.05711090195638
loc92057462741c,Chepstowe,Gazetted Locality,VIC,-37.596711652680966,143.48538778380106
loca96159199116,Cherokee,Gazetted Locality,VIC,-37.397452307153166,144.6449692356177
loc83656a2f48cf,Cherrypool,Gazetted Locality,VIC,-37.13060494985285,142.17700960835657
loc454426eb8b88,Cheshunt,Gazetted Locality,VIC,-36.82958170192098,146.44290826873925
locf0365a14c70f,Cheshunt South,Gazetted Locality,VIC,-36.93468001430308,146.47713566434652
loc72c8cfe49f57,Chesney Vale,Gazetted Locality,VIC,-36.41410438560288,146.06166011885637
loc1a7553da1009,Chetwynd,Gazetted Locality,VIC,-37.302196610190805,141.35264336811633
loce6e4158d9f4f,Chewton,Gazetted Locality,VIC,-37.091342059507994,144.26967661200874
loce8ee6cda14c5,Chewton Bushlands,Gazetted Locality,VIC,-37.07847216697891,144.2932650731874
loc13c7b9978331,Childers,Gazetted Locality,VIC,-38.29893143733499,146.0958005960475
locc9256a6bea6e,Chillingollah,Gazetted Locality,VIC,-35.27770205787584,143.04508834889657
locd84f3c3a4705,Chiltern,Gazetted Locality,VIC,-36.18599084948306,146.62150434359145
loc268de05c56fb,Chiltern Valley,Gazetted Locality,VIC,-36.14320748797421,146.55048037928717
loc3753cbda503c,Chinangin,Gazetted Locality,VIC,-35.532741089999064,143.18136781805384
loc336cebacd923,Chinkapook,Gazetted Locality,VIC,-35.180810205948845,142.94451860701292
loc687f368f67f2,Chintin,Gazetted Locality,VIC,-37.39631132567888,144.82972333448413
loc0f84961f7515,Chirnside Park,Gazetted Locality,VIC,-37.7416253739696,145.3136436898704
loc585db4eb0d6d,Chirrip,Gazetted Locality,VIC,-36.1600846240456,143.1259969584791
locd79fd084f3f8,Chocolyn,Gazetted Locality,VIC,-38.19749194622692,143.2028907722428
loc8907106aa438,Christmas Hills,Gazetted Locality,VIC,-37.65814982414399,145.30716555259534
locc2eca36bc712,Chum Creek,Gazetted Locality,VIC,-37.6066550246163,145.49183338710412
locb43c247a8faa,Churchill,Gazetted Locality,VIC,-38.31541145658195,146.41988959834094
loc9ff079c4246c,Churchill Island,Gazetted Locality,VIC,-38.50101218584565,145.338650662863
loc276053574e3e,Chute,Gazetted Locality,VIC,-37.3094119802374,143.4148008075574
loc4c5182bb7e16,Clarendon,Gazetted Locality,VIC,-37.700032296494264,143.9718755137489
loc5cd8587265b2,Claretown,Gazetted Locality,VIC,-37.516340725398194,144.0327081358728
loc39cd317eec9d,Clarinda,Gazetted Locality,VIC,-37.94265355993388,145.10582071542757
locd93626afdf47,Clarkefield,Gazetted Locality,VIC,-37.481687241859404,144.8086898760913
locfe9c7c2605e6,Clarkes Hill,Gazetted Locality,VIC,-37.4989546925414,143.97880809371168
loc86dc9bf35404,Clayton,Gazetted Locality,VIC,-37.91503948661296,145.1317550785818
locde8437240459,Clayton South,Gazetted Locality,VIC,-37.9449461705346,145.12778502334527
loc3fc6a898f88f,Clear Lake,Gazetted Locality,VIC,-36.94521091598493,141.89697187442022
locb6294cb621e4,Clematis,Gazetted Locality,VIC,-37.93081052009805,145.42116206264467
locf2b5823155cc,Clifton Creek,Gazetted Locality,VIC,-37.710416238635524,147.66410893465493
locb20cdea6f682,Clifton Hill,Gazetted Locality,VIC,-37.78928978484886,144.9987752746066
loc36422efcb9c0,Clifton Springs,Gazetted Locality,VIC,-38.15196197424177,144.5745111025207
loc756873fe7d89,Clonbinane,Gazetted Locality,VIC,-37.367729748724884,145.15905040094125
locf8ea0e00efa3,Clover Flat,Gazetted Locality,VIC,-37.60844499281116,141.5601558405371
loc447ca2dd5f07,Cloverlea,Gazetted Locality,VIC,-38.236440263645484,145.9976016533475
loc47c35e3d528e,Club Terrace,Gazetted Locality,VIC,-37.52628196495745,148.9389784093588
loc3b3ed8e185e0,Clunes,Gazetted Locality,VIC,-37.287599452190754,143.7802620185543
loc517609e09c88,Clyde,Gazetted Locality,VIC,-38.15544471047837,145.35690444016808
loc0475beb19ff3,Clyde North,Gazetted Locality,VIC,-38.10012084416772,145.36046309019093
loc996b5190f20e,Clydebank,Gazetted Locality,VIC,-38.047263502014104,147.1866881461852
loc8758517913c8,Clydesdale,Gazetted Locality,VIC,-37.17449883583515,144.09786905408387
loc502c84151800,Coalville,Gazetted Locality,VIC,-38.24277491793543,146.26400571435676
loc1476af0a8dc2,Cobains,Gazetted Locality,VIC,-38.076796703079296,147.15211090169157
locd2a283fb8460,Cobaw,Gazetted Locality,VIC,-37.26357849589496,144.63678012497675
locfc32666892d9,Cobbannah,Gazetted Locality,VIC,-37.66218643045363,147.2607858103981
loc4918ad836e9a,Cobberas,Gazetted Locality,VIC,-36.85795987548216,148.11180389773563
loc2ca9d59200dd,Cobblebank,Gazetted Locality,VIC,-37.708381262918955,144.60038194132386
locc0128099b666,Cobden,Gazetted Locality,VIC,-38.33248493606307,143.08304637588247
locecac9bfc699f,Cobram,Gazetted Locality,VIC,-35.923322876491284,145.63144031328198
loc7c798a27c4d7,Cobram East,Gazetted Locality,VIC,-35.965643287255645,145.72990024715506
loc5b67e9cb2447,Cobrico,Gazetted Locality,VIC,-38.29309155444579,143.01607879445467
locaa922d87bb19,Cobungra,Gazetted Locality,VIC,-37.07951684131089,147.3717826403181
locbd7d4fd6b9e7,Coburg,Gazetted Locality,VIC,-37.74492435104381,144.96395149376463
loc3271d3814fc5,Coburg North,Gazetted Locality,VIC,-37.72707618736469,144.96789107684998
loca01c46b1273a,Cocamba,Gazetted Locality,VIC,-35.106561696728434,142.90015314266486
locca4f110cdbbe,Cochranes Creek,Gazetted Locality,VIC,-36.69537526450022,143.57578447969706
loced9ba735b51c,Cockatoo,Gazetted Locality,VIC,-37.92640079644913,145.50356194864352
locc3e899f0043c,Cocoroc,Gazetted Locality,VIC,-37.963541728879676,144.61719848663472
loc8a30f3db249f,Codrington,Gazetted Locality,VIC,-38.25731426985223,141.96923713753804
loc25ff792a72a1,Coghills Creek,Gazetted Locality,VIC,-37.38427710041389,143.75240839618107
loc5cc8fb448f60,Cohuna,Gazetted Locality,VIC,-35.775368588501586,144.26430140919678
loca7a0c0db6b97,Coimadai,Gazetted Locality,VIC,-37.59038815207451,144.49100156124382
loc70c1d31548a7,Cokum,Gazetted Locality,VIC,-35.74900535318387,143.25489680150886
loc1ca21c8effff,Colac,Gazetted Locality,VIC,-38.309877510796134,143.58741743043402
loc34f7a8a93352,Colac Colac,Gazetted Locality,VIC,-36.22190050009837,147.85620967696303
locca346ca1280a,Colac East,Gazetted Locality,VIC,-38.33347684816273,143.61640958994113
locfd0e878195a8,Colac West,Gazetted Locality,VIC,-38.332584458773894,143.54494363354837
loc1944fa442bb7,Colbinabbin,Gazetted Locality,VIC,-36.6044105641887,144.80413979117253
loc06cdf6af0309,Colbrook,Gazetted Locality,VIC,-37.53319669375524,144.22238835753896
locaf8d2e9e4584,Coldstream,Gazetted Locality,VIC,-37.70431905129469,145.3423256164738
loc8bf326f13a2b,Coleraine,Gazetted Locality,VIC,-37.591202087736804,141.67358702003648
locd42eb58c72dd,Colignan,Gazetted Locality,VIC,-34.54075822900705,142.32134788941713
loc6de0828869d7,Collingwood,Gazetted Locality,VIC,-37.80116350986157,144.98833304420316
loc4a15ae39de98,Combienbar,Gazetted Locality,VIC,-37.386269653091816,149.02119455609488
locc4ed4fb834d3,Concongella,Gazetted Locality,VIC,-37.04863133081186,142.86846405644744
loc8ad021760a61,Condah,Gazetted Locality,VIC,-37.94090041175436,141.69974305229692
loc607e6d9a3d20,Condah Swamp,Gazetted Locality,VIC,-37.97519751322679,141.83661869344508
locfeb82e2b8317,Congupna,Gazetted Locality,VIC,-36.28562732726169,145.47513323650566
loc6a5903165043,Connewarre,Gazetted Locality,VIC,-38.25076893969505,144.43528839938418
loc1e9704dd3823,Connewirricoo,Gazetted Locality,VIC,-37.17779038994984,141.47507263681348
loc68fe74ef0fa6,Coojar,Gazetted Locality,VIC,-37.35881200781597,141.66021778245891
loc9baff2540961,Coolaroo,Gazetted Locality,VIC,-37.653724478465875,144.93554399410357
loc590c655286e9,Cooma,Gazetted Locality,VIC,-36.409392430378006,145.0728683918648
loc1b3299b0b8ce,Coomboona,Gazetted Locality,VIC,-36.26881767960226,145.29908244819848
loc28af26cea115,Coomoora,Gazetted Locality,VIC,-37.328871314128406,144.19526187748414
loc42ab6831a317,Coongulla,Gazetted Locality,VIC,-37.87319597108623,146.7779706475171
loc43aa42277745,Coonooer Bridge,Gazetted Locality,VIC,-36.46739616538048,143.30876079096038
loc8d3773966002,Coonooer West,Gazetted Locality,VIC,-36.425849410199035,143.21386085166267
loceb675629af44,Coopers Creek,Gazetted Locality,VIC,-37.987451186731334,146.42366834476246
loc9c4cebfb35b9,Cooriemungle,Gazetted Locality,VIC,-38.56662358988114,143.1492169613194
loc42cbbcffc6cb,Cope Cope,Gazetted Locality,VIC,-36.46733972765552,143.0568269910341
locc3639fd0463f,Cora Lynn,Gazetted Locality,VIC,-38.14269308589035,145.62031475330272
loc93110f9d38e4,Corack,Gazetted Locality,VIC,-36.18125418723069,143.02109153474584
loca9c6573a60d4,Corack East,Gazetted Locality,VIC,-36.14682523879028,143.04813473458125
loc0035746c37e9,Coragulac,Gazetted Locality,VIC,-38.26364714305707,143.54009724140326
loc184758444cd7,Coral Bank,Gazetted Locality,VIC,-36.619059613230405,147.1088043124819
loc282e256216af,Corindhap,Gazetted Locality,VIC,-37.86487337208848,143.7568961465286
locd44594e2ee8a,Corinella,Gazetted Locality,VIC,-38.42517465265581,145.47675659707596
loc9b557da50675,Corio,Gazetted Locality,VIC,-38.067528683529034,144.3729505517715
loc73253400c1db,Corndale,Gazetted Locality,VIC,-37.52826245068579,141.27589437278334
loc730cf7a89114,Cornella,Gazetted Locality,VIC,-36.68682884534056,144.77751023630614
loc1089393bc8fb,Cornishtown,Gazetted Locality,VIC,-36.10503382651716,146.57136381366178
locde0baa3820d0,Coronet Bay,Gazetted Locality,VIC,-38.43480235939647,145.44503923685886
locf290486af036,Corop,Gazetted Locality,VIC,-36.45930930596097,144.77408981709377
loc6588f6978bf9,Cororooke,Gazetted Locality,VIC,-38.29679858420222,143.52869223702123
loced23e35bc533,Corringle,Gazetted Locality,VIC,-37.78475127044968,148.44340246794252
loca3335b78b5f1,Corryong,Gazetted Locality,VIC,-36.18581565494328,147.8966332813081
loc735aeaa73156,Corunnun,Gazetted Locality,VIC,-38.28197082892552,143.48751517510306
loc72e42e927b3e,Cosgrove,Gazetted Locality,VIC,-36.34605668069127,145.62046034992423
locd4cb77e8c7ef,Cosgrove South,Gazetted Locality,VIC,-36.412792002515125,145.63182537888554
locebcbc7bb3ea0,Costerfield,Gazetted Locality,VIC,-36.870157103245134,144.79560499515634
loc0d71960859d0,Cotswold,Gazetted Locality,VIC,-37.13963423058874,143.90275333202686
locb69905fd9ded,Cottles Bridge,Gazetted Locality,VIC,-37.60697334996563,145.21985401379328
loc6239b8e8579f,Cowa,Gazetted Locality,VIC,-37.38548908867162,147.19334223373113
loc6949dfe29c6e,Cowangie,Gazetted Locality,VIC,-35.19268944267557,141.36454601762415
loc4254f71eaafd,Cowes,Gazetted Locality,VIC,-38.468310086449875,145.2389115530437
loc41e0aff4c65f,Cowleys Creek,Gazetted Locality,VIC,-38.50272590458921,143.03768001486415
locc7d7d53a0ad4,Cowwarr,Gazetted Locality,VIC,-38.02860145712013,146.69701520207457
locd33f3c967be7,Craigie,Gazetted Locality,VIC,-37.10952626920557,143.76666042895744
loc6ae8cb311823,Craigieburn,Gazetted Locality,VIC,-37.581378545752685,144.92585957560058
locc0b6d754799e,Cranbourne,Gazetted Locality,VIC,-38.11420583015434,145.27060998231542
locae977e7a8d83,Cranbourne East,Gazetted Locality,VIC,-38.11266768334288,145.30447135115423
loc9fe59dbd0874,Cranbourne North,Gazetted Locality,VIC,-38.077537620204524,145.29873788113474
locb52441c1176c,Cranbourne South,Gazetted Locality,VIC,-38.149382756867766,145.24208829561718
loc9ea2b366d63f,Cranbourne West,Gazetted Locality,VIC,-38.10341873900779,145.25042074009224
loceed276972aef,Creek Junction,Gazetted Locality,VIC,-36.847491594732084,145.88830370892754
loc208d5dc9bc9d,Creek View,Gazetted Locality,VIC,-36.60612686250435,144.6503311260775
loc36df131f7f2f,Creightons Creek,Gazetted Locality,VIC,-36.86302155186364,145.5134842410795
loc87f2ad0c0fd7,Cremorne,Gazetted Locality,VIC,-37.82943997752595,144.9926093724386
loc49b67c1a061c,Cressy,Gazetted Locality,VIC,-38.03712963746521,143.65927679579946
loc1dd5cc4604dc,Creswick,Gazetted Locality,VIC,-37.4206671735914,143.89143828499164
loc722aa96999fb,Creswick North,Gazetted Locality,VIC,-37.36672589519148,143.87483535096266
loce93280cdb0cc,Crib Point,Gazetted Locality,VIC,-38.356416505501315,145.20274777353671
loce1baa6ae291a,Crookayan,Gazetted Locality,VIC,-37.48986410972738,146.62717222896117
loc29fe10d21de6,Crooked River,Gazetted Locality,VIC,-37.38798540373531,146.99956611891417
loc72a7fcf3b793,Cross Roads,Gazetted Locality,VIC,-37.501105497367696,143.2126505820157
loc05c0d8385f06,Crossley,Gazetted Locality,VIC,-38.317003424795374,142.31345159846717
loc68d45f60e663,Crossover,Gazetted Locality,VIC,-38.057557739737646,145.9736220897534
loc9afca16e477d,Crowlands,Gazetted Locality,VIC,-37.12869226784373,143.09746002646827
loc41019400a84c,Croxton East,Gazetted Locality,VIC,-37.77482403652621,142.2269633065626
loccb9bfb1fb49a,Croydon,Gazetted Locality,VIC,-37.79132010899714,145.28204827597858
locdc955a0a97c9,Croydon Hills,Gazetted Locality,VIC,-37.774358691248665,145.26876360221468
locfeb30fa2d21c,Croydon North,Gazetted Locality,VIC,-37.773252768446284,145.28450488746128
locdcb72e93920d,Croydon South,Gazetted Locality,VIC,-37.81557224716159,145.28033669981588
loc5363ad7a2f67,Crymelon,Gazetted Locality,VIC,-36.153142581574514,142.23955729619382
loc25b9ba26361b,Cudgee,Gazetted Locality,VIC,-38.340979817065126,142.64700778352497
loc8e2916c92321,Cudgewa,Gazetted Locality,VIC,-36.155041363023265,147.81025477463118
locafaa9105451b,Culgoa,Gazetted Locality,VIC,-35.70703371030203,143.1146472723625
loc52381735d3aa,Culla,Gazetted Locality,VIC,-37.24038557663447,141.62171359171919
locfcfe95e2d02b,Cullen,Gazetted Locality,VIC,-35.78368038670213,144.1548946995743
loc2510a2bbb52b,Cullulleraine,Gazetted Locality,VIC,-34.18807716726915,141.65136776575963
loc23e052d4d146,Cundare,Gazetted Locality,VIC,-38.14455960013942,143.59306970552757
loc4f29029b510a,Cundare North,Gazetted Locality,VIC,-38.10730778248586,143.56075785866676
locae45b735f0f5,Curdies River,Gazetted Locality,VIC,-38.444668747104444,142.94627190609435
loce2d6c5b97781,Curdievale,Gazetted Locality,VIC,-38.52054773155926,142.85275729913417
locbacb63b5901d,Curlewis,Gazetted Locality,VIC,-38.17848215397453,144.52236084335095
loc61458096fc3d,Curyo,Gazetted Locality,VIC,-35.843707843060066,142.71050858831438
loceecc133d97ef,Dadswells Bridge,Gazetted Locality,VIC,-36.90417858567902,142.49547732674682
loc21b693492299,Daisy Hill,Gazetted Locality,VIC,-37.11242326808244,143.71979141037684
locbdafa0d5b0d4,Dales Creek,Gazetted Locality,VIC,-37.52352676427326,144.30171410670593
locf91c2122e305,Dallas,Gazetted Locality,VIC,-37.66988067586898,144.93629355709328
loc29de16c8a604,Dalmore,Gazetted Locality,VIC,-38.1878883498715,145.4179974126169
loc7ff0c90669d1,Daltons Bridge,Gazetted Locality,VIC,-35.82667468671082,144.2850647131026
loc9965a53bd900,Dalyenong,Gazetted Locality,VIC,-36.80621899087001,143.41464043623665
loc7033a498c044,Dalyston,Gazetted Locality,VIC,-38.5680749418748,145.54677314293113
loc642caba35d41,Dandenong,Gazetted Locality,VIC,-37.985579195925254,145.21260990696345
locd755ccb7197e,Dandenong North,Gazetted Locality,VIC,-37.95501253092772,145.21500456643037
locb31c88860761,Dandenong South,Gazetted Locality,VIC,-38.02950373863665,145.21580586461397
loc0fabb2d42502,Dandongadale,Gazetted Locality,VIC,-36.83306945943815,146.72481167115146
loc6ade465eba04,Dargo,Gazetted Locality,VIC,-37.32168345348134,147.33256562450936
loc5a81b7e76276,Darley,Gazetted Locality,VIC,-37.636391715579606,144.43213552938556
locce1a485f3bc4,Darlimurla,Gazetted Locality,VIC,-38.39716682664474,146.22636210263934
loc11139c8daf73,Darlington,Gazetted Locality,VIC,-37.97953388886156,143.05133034800238
locbd525ba78d55,Darnum,Gazetted Locality,VIC,-38.18123943807503,146.01394046025638
locbc5a8bc32e3c,Darraweit Guim,Gazetted Locality,VIC,-37.416667288799616,144.87709431799723
loc47fd90afd2e5,Darriman,Gazetted Locality,VIC,-38.40955255608798,146.89884337834158
locd931e7865593,Dartmoor,Gazetted Locality,VIC,-37.89511445288432,141.26802944347014
loc2bcf6d23c364,Dartmouth,Gazetted Locality,VIC,-36.61188042215793,147.61377626436303
locd72415fcbe73,Dawson,Gazetted Locality,VIC,-37.97423180983745,146.6900092476131
loce8cc4236dbff,Daylesford,Gazetted Locality,VIC,-37.348364601316845,144.15918372793584
locd110c77e6314,Dean,Gazetted Locality,VIC,-37.45633535990207,143.9781438798184
loc831136617e5e,Deans Marsh,Gazetted Locality,VIC,-38.40688262094421,143.89868321712038
loce4ce9f3183f9,Deanside,Gazetted Locality,VIC,-37.73265390384215,144.70423804239692
loc61a6ae4a3ac2,Deddick Valley,Gazetted Locality,VIC,-37.048848557103845,148.46029441939726
locfa38377aaf29,Dederang,Gazetted Locality,VIC,-36.47552111168542,147.0021417786183
loc511d7165818d,Deep Lead,Gazetted Locality,VIC,-37.002756274734736,142.72591733384576
loce587d8cdc0f5,Deepdene,Gazetted Locality,VIC,-37.81101608496134,145.06619467816267
loc70eb03d586f8,Deer Park,Gazetted Locality,VIC,-37.76702284239152,144.7665944598208
loc853ce1db7b4e,Delacombe,Gazetted Locality,VIC,-37.58264334497696,143.81746929389396
loc167afe1d878c,Delahey,Gazetted Locality,VIC,-37.71884054841405,144.77693182416567
loc37ffbe4ce368,Delatite,Gazetted Locality,VIC,-37.12562382273232,146.15836290923602
loc725c71e30b9d,Delburn,Gazetted Locality,VIC,-38.3347370674796,146.22903776364456
loc974cd060be4d,Delegate River,Gazetted Locality,VIC,-37.106344546603665,148.79386019970957
loc7836462d7b61,Denicull Creek,Gazetted Locality,VIC,-37.34215872643367,142.92855039300423
locbc62dc5c02d2,Denison,Gazetted Locality,VIC,-38.038097981464205,146.8748757276033
loc09eb23893c4a,Dennington,Gazetted Locality,VIC,-38.35513832897142,142.43368732725457
loc1228ae175fa4,Denver,Gazetted Locality,VIC,-37.287900875850305,144.29429667844482
locab522f286551,Deptford,Gazetted Locality,VIC,-37.57197483746168,147.69062333213736
loc168ab8c4ca65,Derby,Gazetted Locality,VIC,-36.65470690484599,144.01433859397153
loca2fd80ef71d3,Dereel,Gazetted Locality,VIC,-37.826009713309304,143.76122032645313
loc7bdb81a803ef,Dergholm,Gazetted Locality,VIC,-37.34239459087772,141.18750758965632
locaa3e42e45c6a,Derrimut,Gazetted Locality,VIC,-37.798351284502004,144.77094478575162
loc5d49b0dadcea,Derrinal,Gazetted Locality,VIC,-36.89514531457936,144.56823608846514
loc90ffd6e9687e,Derrinallum,Gazetted Locality,VIC,-37.95891327118919,143.17532561423735
loc5d6dd94e8d50,Devenish,Gazetted Locality,VIC,-36.33673541852342,145.89728465361816
loce1f58e338f60,Devils River,Gazetted Locality,VIC,-37.17213958657178,145.8169287908877
loc8466fa581083,Devon Meadows,Gazetted Locality,VIC,-38.17084259292192,145.30857171074166
loc931939069973,Devon North,Gazetted Locality,VIC,-38.53568284807535,146.62145071295652
locdf5c9d822bba,Dewhurst,Gazetted Locality,VIC,-37.97638529597352,145.4738169457691
locf51ebff75c37,Dhurringile,Gazetted Locality,VIC,-36.53550541305232,145.21639363423552
loc42e60600a8c9,Diamond Creek,Gazetted Locality,VIC,-37.66080998646662,145.15468968289713
loc99d753e19b23,Digby,Gazetted Locality,VIC,-37.81267116149614,141.53995697550644
loc21e213c7452c,Diggers Rest,Gazetted Locality,VIC,-37.61386903830059,144.68208704131123
loc9e3160d1ab2a,Diggora,Gazetted Locality,VIC,-36.36347129830756,144.53089524961533
loc87fb78a75ee2,Dimboola,Gazetted Locality,VIC,-36.39355693693376,142.0490143056495
locac4138577791,Dingee,Gazetted Locality,VIC,-36.372124862062876,144.2125034455213
locd6810256cc93,Dingley Village,Gazetted Locality,VIC,-37.975019975062,145.12539034704093
loc89a34a2a749a,Dingwall,Gazetted Locality,VIC,-35.80865664556256,143.8481739554624
loc6c424ead2992,Dinner Plain,Gazetted Locality,VIC,-37.03398050428403,147.28026818215642
loc9383b261d90b,Dixie,Gazetted Locality,VIC,-38.30594674293806,142.92693038130275
loca0aaf21ba3d0,Dixons Creek,Gazetted Locality,VIC,-37.584352128274794,145.4307778974433
loc2a21ad45f1a4,Dobie,Gazetted Locality,VIC,-37.33132411519727,143.03327636176724
loc72811653f4ea,Docker,Gazetted Locality,VIC,-36.50616294202156,146.36719456602964
locb5e6487c69a4,Dockers Plains,Gazetted Locality,VIC,-36.28757368104236,146.33520445555033
locddc4a1bcd8ba,Docklands,Gazetted Locality,VIC,-37.818628614828924,144.9431059803126
locab849449a3d2,Doctors Flat,Gazetted Locality,VIC,-37.302491040780254,147.74320170258335
loc565a9d71a45a,Dollar,Gazetted Locality,VIC,-38.558291751042745,146.1802464001069
loc2289e2e7a389,Don Valley,Gazetted Locality,VIC,-37.733639146610166,145.59064840387302
locd1f06da0adb3,Donald,Gazetted Locality,VIC,-36.304842698919316,142.95394570294124
loc7ab22202aac3,Doncaster,Gazetted Locality,VIC,-37.782994824212366,145.12235885272332
loc7a8164839d54,Doncaster East,Gazetted Locality,VIC,-37.77571328492415,145.1616148843989
locbdf0138dcf54,Donnybrook,Gazetted Locality,VIC,-37.54002969052182,144.98844408355973
loc49db457e2be8,Donvale,Gazetted Locality,VIC,-37.78669804400147,145.18502108395884
loc61425f380f45,Dooboobetic,Gazetted Locality,VIC,-36.377373119637724,143.19743454549933
loc183d810feeb8,Dooen,Gazetted Locality,VIC,-36.64203613412334,142.23635953085608
loc605f47e8b63b,Dookie,Gazetted Locality,VIC,-36.33370782061357,145.71039195291286
loc4ec1ea750ace,Dookie College,Gazetted Locality,VIC,-36.394332545987936,145.70349672947842
loc20067eb0384a,Doreen,Gazetted Locality,VIC,-37.59823835643911,145.14039761294143
loc3b1653361b3b,Dorodong,Gazetted Locality,VIC,-37.319827577419126,141.0480559941978
loc6bfaffdaa2e4,Double Bridges,Gazetted Locality,VIC,-37.59603098896334,147.89565007359585
locea0d687a4d92,Douglas,Gazetted Locality,VIC,-37.04105955092443,141.71147746829678
locb453101c5355,Doveton,Gazetted Locality,VIC,-37.983830496512184,145.23963216478023
loc2946717827d5,Dreeite,Gazetted Locality,VIC,-38.145014166959186,143.51063574526654
locc6e52e8def36,Dreeite South,Gazetted Locality,VIC,-38.196746209920164,143.48019893582398
loce6fe9cedd8c7,Driffield,Gazetted Locality,VIC,-38.27082402922305,146.30363715926632
loc0d669795e246,Drik Drik,Gazetted Locality,VIC,-38.0085583397606,141.28519746332864
locf4e180745c81,Dromana,Gazetted Locality,VIC,-38.33201374715192,145.0120720336732
loce4b02dd6c1f3,Dropmore,Gazetted Locality,VIC,-37.04036281984056,145.42897461058587
loc33cff9526850,Drouin,Gazetted Locality,VIC,-38.14321302665084,145.84086790926506
loc1e36ff40f8a5,Drouin East,Gazetted Locality,VIC,-38.124265346951894,145.8900414927905
loc961d8ef37c6a,Drouin South,Gazetted Locality,VIC,-38.188928296167305,145.82852648336262
loc3b77572d819c,Drouin West,Gazetted Locality,VIC,-38.079474844696755,145.86717029839
loc037fcbc041fa,Drumanure,Gazetted Locality,VIC,-36.16726988699283,145.48619076563216
locbf040b0721d0,Drumborg,Gazetted Locality,VIC,-38.10484696854134,141.49164716759026
loc6f04d479b43f,Drumcondra,Gazetted Locality,VIC,-38.13015049666768,144.3540481296401
loc629ffe1fefba,Drummartin,Gazetted Locality,VIC,-36.42882639417297,144.40661496022082
loc3395a1caa799,Drummond,Gazetted Locality,VIC,-37.242835954426766,144.30501251144716
loc025c42fd6114,Drummond North,Gazetted Locality,VIC,-37.19039241712151,144.32413466631544
locafc06a7fcfb5,Drung,Gazetted Locality,VIC,-36.76291516289689,142.32169466468525
loca806c254ae08,Dry Diggings,Gazetted Locality,VIC,-37.29793027151717,144.15818650555758
loc06d0d0aef5d7,Drysdale,Gazetted Locality,VIC,-38.17648483097895,144.59819883176104
loc503de45e036b,Duchembegarra,Gazetted Locality,VIC,-36.61547080982842,141.90742371942963
loc7e21ef3fcb98,Dumbalk,Gazetted Locality,VIC,-38.52454100374375,146.11993935876768
locf0041d1e15dc,Dumbalk North,Gazetted Locality,VIC,-38.5117829100635,146.16916657103297
loc1300d397268b,Dumosa,Gazetted Locality,VIC,-35.93884523382841,143.18852968048708
loc03c894bfb13b,Dunach,Gazetted Locality,VIC,-37.217120642487686,143.76827814273085
loc6d3acef99a3e,Dundonnell,Gazetted Locality,VIC,-37.89926130749631,142.98426159467834
locf2d345ace389,Dunkeld,Gazetted Locality,VIC,-37.672858342331594,142.36423053570314
loc0f6b02507a61,Dunluce,Gazetted Locality,VIC,-36.880303242518806,143.5983232701928
loca9f4c2994bec,Dunneworthy,Gazetted Locality,VIC,-37.204389590061986,143.0407472432638
locf771412e96f3,Dunnstown,Gazetted Locality,VIC,-37.592729414546845,143.96771277518218
locfeaaed594038,Dunolly,Gazetted Locality,VIC,-36.86621343081366,143.73091625097322
loc41bc1de7b301,Dunrobin,Gazetted Locality,VIC,-37.51923932659632,141.37965239048708
loc579e6c6e83d8,Durdidwarrah,Gazetted Locality,VIC,-37.82240977573761,144.1640549184678
loceb6884033cea,Durham Lead,Gazetted Locality,VIC,-37.697468681313765,143.8839623796911
locec50c74f81bc,Durham Ox,Gazetted Locality,VIC,-36.12002354791191,143.91838057336136
loc3eb047673ced,Dutson,Gazetted Locality,VIC,-38.18064526083881,147.2402704550174
loc0f66385b4eb7,Dutson Downs,Gazetted Locality,VIC,-38.1997401822663,147.34256177402392
loc5041aa76a241,Dutton Way,Gazetted Locality,VIC,-38.30124042582952,141.61851910659203
locfc2ed63521e4,Duverney,Gazetted Locality,VIC,-38.037905677752676,143.55894455416257
loc349bb9642578,Eagle Point,Gazetted Locality,VIC,-37.895433016921984,147.68735466074418
locb29f2cfd6756,Eaglehawk,Gazetted Locality,VIC,-36.70774683044566,144.26322579437408
locfa38d72fd4ca,Eaglehawk North,Gazetted Locality,VIC,-36.690695411168804,144.25348390350206
loc2ef00ac196a6,Eaglemont,Gazetted Locality,VIC,-37.76311464503545,145.0660413267289
locf8493a09e58c,Earlston,Gazetted Locality,VIC,-36.53109465495487,145.6814911551411
loce85021b8a41e,East Bairnsdale,Gazetted Locality,VIC,-37.856365976376125,147.65036727264288
loc86b22e8e6ecf,East Bendigo,Gazetted Locality,VIC,-36.73827349482448,144.3269930782272
loc210d5f2116dd,East Geelong,Gazetted Locality,VIC,-38.15373216435269,144.38138248166544
loc7024d58288dd,East Melbourne,Gazetted Locality,VIC,-37.815572712721064,144.9825628923545
loc08a84015fde0,East Sale,Gazetted Locality,VIC,-38.104133325751135,147.14208108094556
loc2174b697a652,East Wangaratta,Gazetted Locality,VIC,-36.3629406992152,146.3785242913212
loca723a335fb3f,East Warburton,Gazetted Locality,VIC,-37.693432825688205,145.7635321585344
loc866808bffd28,Eastern View,Gazetted Locality,VIC,-38.451630253792565,144.04232873838782
loc993600cd47bf,Eastville,Gazetted Locality,VIC,-36.88057802851421,143.93903111551194
loca213a5b9e372,Eastwood,Gazetted Locality,VIC,-37.813067766583956,147.63372818592575
loc0a7798a5de3e,Ebden,Gazetted Locality,VIC,-36.16864625903451,147.0404177257907
loc835e1e181656,Echuca,Gazetted Locality,VIC,-36.15567276354282,144.74892664028144
loc09f72fd2120e,Echuca Village,Gazetted Locality,VIC,-36.14453196923897,144.81382988112347
loca526c5542496,Echuca West,Gazetted Locality,VIC,-36.176047794509216,144.66962996945216
loc1fdee73e6c54,Ecklin South,Gazetted Locality,VIC,-38.385974717277044,142.9021926741874
loc42d32cdaf4c7,Eddington,Gazetted Locality,VIC,-36.91368620654054,143.85662711862616
loc69381be73d8b,Eden Park,Gazetted Locality,VIC,-37.48738556427537,145.06683040214523
loc528888eb2e92,Edenhope,Gazetted Locality,VIC,-37.064085998600845,141.32295508224007
locc39ad13dbec0,Edgecombe,Gazetted Locality,VIC,-37.183824660257685,144.461587067893
loce0829f434397,Edi,Gazetted Locality,VIC,-36.650373123219765,146.41025274397907
locb23f0b23937a,Edi Upper,Gazetted Locality,VIC,-36.74730051226872,146.52353097800324
locc4bf59133c77,Edithvale,Gazetted Locality,VIC,-38.03778896326412,145.1155535096334
locf509b5c4c24d,Eganstown,Gazetted Locality,VIC,-37.36092592272743,144.09378366323082
locc0f525e33d2d,Eildon,Gazetted Locality,VIC,-37.37098650050251,145.9909188182687
loc47d085535853,Elaine,Gazetted Locality,VIC,-37.761565857561365,144.00628012503935
loc1dc8019bf806,Eldorado,Gazetted Locality,VIC,-36.31162155483278,146.5306327617315
locb935740daafb,Elevated Plains,Gazetted Locality,VIC,-37.29483259806153,144.1320416993155
loced1bc91d38e9,Elingamite,Gazetted Locality,VIC,-38.368898251257995,143.00576744470845
loc79e096ba2177,Elingamite North,Gazetted Locality,VIC,-38.35077942873002,142.98000583215077
loc22c70ba9bdf3,Elizabeth Island,Gazetted Locality,VIC,-38.415420789260665,145.3682828192766
loc15a05ecd429e,Ellaswood,Gazetted Locality,VIC,-37.78189626840295,147.5718506997272
loc43adc86056be,Ellerslie,Gazetted Locality,VIC,-38.128089201003405,142.65464965855517
loc7826c37484eb,Elliminyt,Gazetted Locality,VIC,-38.36950770448722,143.57765498884487
locd600a565ca43,Ellinbank,Gazetted Locality,VIC,-38.25322476856499,145.93181298070928
loc7bca0cc3fa35,Elmhurst,Gazetted Locality,VIC,-37.16867722420631,143.2511881839746
loca57dcd26b7fd,Elmore,Gazetted Locality,VIC,-36.4674762579851,144.56154068368636
locc674c76f5afb,Elphinstone,Gazetted Locality,VIC,-37.07555901368082,144.35904480509117
loccbfe7d3f7b9f,Elsternwick,Gazetted Locality,VIC,-37.88738806193794,145.00736985413715
locc7ee8539a72b,Eltham,Gazetted Locality,VIC,-37.71463526346676,145.1546102361507
loc21871af600bf,Eltham North,Gazetted Locality,VIC,-37.69779444852853,145.1426751644364
locf10c34e07e7d,Elwood,Gazetted Locality,VIC,-37.88099871920388,144.9855843018921
loc1787c3eae691,Emerald,Gazetted Locality,VIC,-37.932469479402286,145.44984992467698
loc08293671a98b,Emu,Gazetted Locality,VIC,-36.73164726307405,143.45031837975498
locb34e9b4fa925,Emu Creek,Gazetted Locality,VIC,-36.85175411342257,144.35292893761635
locb10305db77b5,Endeavour Hills,Gazetted Locality,VIC,-37.96962390771761,145.2585088038129
loce4bf9e3f4c7f,Enfield,Gazetted Locality,VIC,-37.7531703141863,143.77434804099255
loc7968ccfbb46e,Englefield,Gazetted Locality,VIC,-37.33035572511945,141.80969978853304
locbc4eb04f6872,Enochs Point,Gazetted Locality,VIC,-37.41926568659365,146.12840518750357
locdb43826e9737,Ensay,Gazetted Locality,VIC,-37.386539754397,147.81203716874091
loce2e7ac5be797,Ensay North,Gazetted Locality,VIC,-37.29688775485495,147.8613812793384
loc489b61204e02,Eppalock,Gazetted Locality,VIC,-36.85421526243806,144.46874963420873
loca1a84d46e52a,Epping,Gazetted Locality,VIC,-37.63834994163242,145.01608391196896
loc66b84c1dbc12,Epsom,Gazetted Locality,VIC,-36.7000033091245,144.308982969883
loc2bf896f88bd4,Ercildoune,Gazetted Locality,VIC,-37.418035385106165,143.60733691840565
locb2aebea008a6,Erica,Gazetted Locality,VIC,-37.97629231463799,146.38016878536004
loc01b50f3cbbef,Errinundra,Gazetted Locality,VIC,-37.48364272147598,148.71635652717237
loc5b8c67e3b281,Eskdale,Gazetted Locality,VIC,-36.52888599346211,147.23152751978344
loc14d6e5129cfb,Esmond,Gazetted Locality,VIC,-36.062229138624176,146.18197759933992
loc8297291648ae,Essendon,Gazetted Locality,VIC,-37.74921007457603,144.90891723475318
loc70900f66d041,Essendon Fields,Gazetted Locality,VIC,-37.72431888860838,144.90041627424438
loc4ce523fe6a7e,Essendon North,Gazetted Locality,VIC,-37.73896508141142,144.9016868351526
loc25d04a001eb2,Essendon West,Gazetted Locality,VIC,-37.754910909715356,144.88310239719078
loc923aef8e6b56,Eumemmerring,Gazetted Locality,VIC,-37.99770219592786,145.24850699035557
loc70176f2123b3,Eurack,Gazetted Locality,VIC,-38.1515880303205,143.73004156808693
loc05a92fdc6b99,Eureka,Gazetted Locality,VIC,-37.564517074398665,143.88233615064016
loca674ab421c49,Euroa,Gazetted Locality,VIC,-36.77333878402361,145.5829138550639
locf4716cf277bf,Eurobin,Gazetted Locality,VIC,-36.63901545547689,146.8407769058934
loce579f2f567b5,Evansford,Gazetted Locality,VIC,-37.26211530291961,143.65203419520157
loc12574db317df,Eversley,Gazetted Locality,VIC,-37.19468971416056,143.17291655044798
loc0de2086617a5,Everton,Gazetted Locality,VIC,-36.44290841546146,146.5618667812103
loc77f5ea3845ee,Everton Upper,Gazetted Locality,VIC,-36.37744505283435,146.56241236667148
loc5313769385e6,Exford,Gazetted Locality,VIC,-37.72841296680755,144.5428124034276
loc4ad964a82468,Eynesbury,Gazetted Locality,VIC,-37.79112343158559,144.53320603833765
loc75d417db8512,Fairbank,Gazetted Locality,VIC,-38.40520067003956,145.92142228760554
loc1032c5d1ed5f,Fairfield,Gazetted Locality,VIC,-37.784398670044354,145.01229519357764
loc2645889317a7,Fairhaven,Gazetted Locality,VIC,-38.4560718946693,144.08544385388018
loc9ea755dc73b5,Fairley,Gazetted Locality,VIC,-35.68522858121429,143.81259287997682
loc0e4b09d9e295,Fairy Dell,Gazetted Locality,VIC,-37.695357929129884,147.74047384975626
loc9331f647b580,Fairy Dell,Gazetted Locality,VIC,-36.32840880651902,144.74111209083435
locd6190ebbe554,Falls Creek,Gazetted Locality,VIC,-36.87866978796003,147.24418444428483
loc90624e351f7d,Faraday,Gazetted Locality,VIC,-37.05217466375292,144.30752307452917
loc2bbe37c90d15,Fawcett,Gazetted Locality,VIC,-37.103115086998756,145.718211198892
loc7213d03738b9,Fawkner,Gazetted Locality,VIC,-37.704771246786805,144.96953990676272
locc71789161edf,Fentons Creek,Gazetted Locality,VIC,-36.55746803852462,143.52880790827825
loc7a9f0f1030d4,Ferguson,Gazetted Locality,VIC,-38.6236221495809,143.52183706097082
loc7857297a552f,Fern Hill,Gazetted Locality,VIC,-37.3714347658824,144.41292762845845
loc523cd9b4949a,Fernbank,Gazetted Locality,VIC,-37.86391333615363,147.30987051603321
loc3ab033da7419,Ferndale,Gazetted Locality,VIC,-38.30855384096158,145.9299083471069
loceaf26e31eb93,Fernihurst,Gazetted Locality,VIC,-36.22868575690601,143.86607234127342
loc5548f3005a10,Fernshaw,Gazetted Locality,VIC,-37.60924338239013,145.61809576467675
loccd13bd88b567,Ferntree Gully,Gazetted Locality,VIC,-37.886227807115674,145.28032538141957
loc8ab0f8663728,Ferny Creek,Gazetted Locality,VIC,-37.87565699652923,145.33237787449468
loccd611f2e999c,Fieldstone,Gazetted Locality,VIC,-37.752232057212765,144.64824071109825
loca5643321b976,Fiery Flat,Gazetted Locality,VIC,-36.4112265476938,143.81215664556424
loce78d8f5bb797,Fingal,Gazetted Locality,VIC,-38.41876932520148,144.85993141714624
loc3db4c51b2e5a,Fish Creek,Gazetted Locality,VIC,-38.72560177835653,146.07132899085417
loc54bcf2e6b3bc,Fish Point,Gazetted Locality,VIC,-35.44308772314308,143.7249954147415
locdb538b68bf4e,Fiskville,Gazetted Locality,VIC,-37.682290624298574,144.23823390493055
loc875118ed8437,Fitzroy,Gazetted Locality,VIC,-37.80007418143343,144.97930401372525
loc7c32e0d95873,Fitzroy North,Gazetted Locality,VIC,-37.78342775483905,144.98578369421995
loc7770ac66ac6c,Flaggy Creek,Gazetted Locality,VIC,-37.752024172771435,147.48199474675988
loc4a3519ed02ed,Flagstaff,Gazetted Locality,VIC,-37.04895747854177,143.77501793202453
loc287bb12221fc,Flamingo Beach,Gazetted Locality,VIC,-38.26980969337956,147.31454819256777
loc92bf5bc798e7,Flemington,Gazetted Locality,VIC,-37.78725793228675,144.9232472557575
loc5c94ac6107ca,Flinders,Gazetted Locality,VIC,-38.4564852494272,144.985903079212
loc8a4f8d6b9718,Flora Hill,Gazetted Locality,VIC,-36.78250468165619,144.29475981813414
locf82637591180,Flowerdale,Gazetted Locality,VIC,-37.329771453542484,145.30346852454193
loccddbad92d002,Flynn,Gazetted Locality,VIC,-38.19705337241625,146.6792206676502
locb99b38cf69af,Flynns Creek,Gazetted Locality,VIC,-38.25479358498658,146.64063405226585
loc67a11408d754,Footscray,Gazetted Locality,VIC,-37.800823707723055,144.8947983482632
loc3f59ecd72d34,Forbes,Gazetted Locality,VIC,-37.314189292684915,144.88784184402675
loc125ac9d5de09,Forest Hill,Gazetted Locality,VIC,-37.841766691051916,145.17105290468675
loc8d13e5004506,Forge Creek,Gazetted Locality,VIC,-37.930447814023594,147.6125570301121
loce892060c92d6,Forrest,Gazetted Locality,VIC,-38.51205354969936,143.7045106889047
loc434f9715196d,Foster,Gazetted Locality,VIC,-38.676250894372714,146.20784589652789
loc4aa1200caf81,Foster North,Gazetted Locality,VIC,-38.611841873112226,146.17412080073882
loc6fdceefe37a2,Fosterville,Gazetted Locality,VIC,-36.69594527077713,144.47123643372035
loc55bc2c2d2a24,Foxhow,Gazetted Locality,VIC,-38.054436150778486,143.47910038874943
loc3511426b388b,Framlingham,Gazetted Locality,VIC,-38.2685328403941,142.69557678468817
loc9121430b290a,Framlingham East,Gazetted Locality,VIC,-38.19903786017916,142.70853329479854
loca43af4e10c53,Franklinford,Gazetted Locality,VIC,-37.239928433078546,144.0912949213984
loc6413994c2b24,Frankston,Gazetted Locality,VIC,-38.15086286828574,145.14224978665112
locf57f2052e543,Frankston North,Gazetted Locality,VIC,-38.12659784593807,145.16763891022867
loc312e1aba6ed5,Frankston South,Gazetted Locality,VIC,-38.17602685240732,145.13296823701432
loc8733d13ded2e,Fraser Rise,Gazetted Locality,VIC,-37.704497534867215,144.71189803645797
loc3e25831f96a8,Freeburgh,Gazetted Locality,VIC,-36.774010773210684,147.0614496403789
loc81e9f0980eb2,French Island,Gazetted Locality,VIC,-38.350485988053094,145.38867426072883
loc56196daa723f,Frenchmans,Gazetted Locality,VIC,-36.997167783155064,143.19795469946882
locea47e3f6990f,Freshwater Creek,Gazetted Locality,VIC,-38.270227023353314,144.25512287584235
locd6fcfb70c8a1,Fryerstown,Gazetted Locality,VIC,-37.1397160764366,144.26132802740005
loce35b0278cf3c,Fulham,Gazetted Locality,VIC,-38.08245491398765,146.96347318397443
loce864c0cb6e1c,Fumina,Gazetted Locality,VIC,-37.910597059459946,146.10153327891737
loc009d0d76ec9c,Fumina South,Gazetted Locality,VIC,-37.95476712924937,146.11389742923654
loc911e5c3c0eb8,Fyans Creek,Gazetted Locality,VIC,-37.09222470399153,142.5738508857532
loc305838be86ce,Fyansford,Gazetted Locality,VIC,-38.13268112953242,144.29072645400146
locc5b7a8a809bf,Gaffneys Creek,Gazetted Locality,VIC,-37.48146368301135,146.27445091883385
loce75b9c8e5495,Gainsborough,Gazetted Locality,VIC,-38.225949491305116,145.97574692693553
loc3ef5d2139c3d,Gannawarra,Gazetted Locality,VIC,-35.716895291643525,144.14604273960794
locbe8f372418bc,Gapsted,Gazetted Locality,VIC,-36.503048368192566,146.6962616297831
loc4195fdfecc8e,Gardenvale,Gazetted Locality,VIC,-37.897878146354316,145.009270911156
locd61c67bb39a6,Garfield,Gazetted Locality,VIC,-38.10116556141914,145.67015902354132
loc3ac7d760a5ce,Garfield North,Gazetted Locality,VIC,-38.04205982745035,145.68591997364754
locd6e269b7e86d,Garibaldi,Gazetted Locality,VIC,-37.73131270705346,143.85324373701414
locaf1c31d527fb,Garvoc,Gazetted Locality,VIC,-38.28343537403823,142.8094317971125
locac29edf21afb,Gateway Island,Gazetted Locality,VIC,-36.096155414489246,146.8939706988952
loc765ecceb773f,Gatum,Gazetted Locality,VIC,-37.38935412539692,141.9579195017464
loc6420f19f334d,Gazette,Gazetted Locality,VIC,-37.91793981469577,142.15819319169253
loc8494a97d1462,Geelong,Gazetted Locality,VIC,-38.14876374799622,144.36332928947354
loc910a14938d48,Geelong West,Gazetted Locality,VIC,-38.139011755039206,144.34535843224003
loc12ffc5a7e771,Gelantipy,Gazetted Locality,VIC,-37.19209650818599,148.22597992993855
loc2820989ce5f9,Gellibrand,Gazetted Locality,VIC,-38.528253931421396,143.55534713513813
locdaa896573724,Gellibrand Lower,Gazetted Locality,VIC,-38.715926416962205,143.22390645736874
loce1e465ede69e,Gelliondale,Gazetted Locality,VIC,-38.62329967806956,146.60373672632755
loc6c458206eabe,Gembrook,Gazetted Locality,VIC,-37.94048593785431,145.63077973895295
locd4b4e989c0bf,Genoa,Gazetted Locality,VIC,-37.48871727589851,149.5641710523177
locfb26a299300c,Gentle Annie,Gazetted Locality,VIC,-37.94746205066158,145.8385289035373
loc665db6f67be8,Georges Creek,Gazetted Locality,VIC,-36.152815456941454,147.2655371078202
loc8b8341479b11,Gerahmin,Gazetted Locality,VIC,-35.18073050383153,142.7955681119291
loc34b09096a4fd,Gerang Gerung,Gazetted Locality,VIC,-36.374169919572225,141.88299780100556
loc423798b8d734,Gerangamete,Gazetted Locality,VIC,-38.45400798224586,143.69176484597662
loc58e63ec1c229,Germania,Gazetted Locality,VIC,-36.97369369993852,142.7585336766248
locfd9fc9892f2c,Germantown,Gazetted Locality,VIC,-36.735185466079976,147.0703924217176
locf50b4feac500,Gerrigerrup,Gazetted Locality,VIC,-37.98509592418354,142.18494080331317
loc8fa101888b1c,Gherang,Gazetted Locality,VIC,-38.3097672269227,144.10674427767748
locb2dd8a5e9e0b,Gheringhap,Gazetted Locality,VIC,-38.073347013009766,144.2251742784799
loce544afa8b677,Ghin Ghin,Gazetted Locality,VIC,-37.1505008445583,145.35237825625987
loc29cfdc11bae8,Giffard,Gazetted Locality,VIC,-38.39078579209779,147.11237874313986
locd14d8c772abe,Giffard West,Gazetted Locality,VIC,-38.38277093489839,147.00956142180559
loc601852f613c7,Gil Gil,Gazetted Locality,VIC,-36.32508820386472,143.03474205353808
locca2236e378fb,Gilderoy,Gazetted Locality,VIC,-37.86450487416213,145.71300273823044
loc009bcef3e14d,Gillieston,Gazetted Locality,VIC,-36.33929635358888,145.209225192257
loc91aa8d533988,Gillum,Gazetted Locality,VIC,-37.76497558653925,146.73058736739347
locf160f966c707,Gipsy Point,Gazetted Locality,VIC,-37.4888667115587,149.68893607836165
locf904e0923e0a,Girgarre,Gazetted Locality,VIC,-36.39281474766307,144.9706331892396
locd4e1e799fc86,Girgarre East,Gazetted Locality,VIC,-36.448574082323844,145.07285233199156
loce11f06c54f46,Gisborne,Gazetted Locality,VIC,-37.505428923558526,144.57889842859342
loc630ef4fec09d,Gisborne South,Gazetted Locality,VIC,-37.54808721365397,144.620546640695
locbfd7a7d82d4c,Gladfield,Gazetted Locality,VIC,-36.05807481709962,143.95371783748544
loc2546709d8859,Gladstone Park,Gazetted Locality,VIC,-37.692504303841126,144.89555558111863
loc4cc8d48657ec,Gladysdale,Gazetted Locality,VIC,-37.84042102837657,145.6356094469727
loc9850a227271e,Glen Alvie,Gazetted Locality,VIC,-38.50036118422011,145.65314282490755
locc9e8f86ebac8,Glen Creek,Gazetted Locality,VIC,-36.43823064162863,146.9399868854909
loca1287e4eeaf3,Glen Forbes,Gazetted Locality,VIC,-38.44900924386259,145.51392383006709
loc2c805e9e142d,Glen Huntly,Gazetted Locality,VIC,-37.89202400404993,145.041348257454
locadc5cabaa80e,Glen Iris,Gazetted Locality,VIC,-37.85645420051053,145.06777374474862
locec2807a69725,Glen Park,Gazetted Locality,VIC,-37.50753571667153,143.9230814162129
loc3928b1e64478,Glen Valley,Gazetted Locality,VIC,-36.90933000270665,147.51960761297897
loc00d1503504f1,Glen Waverley,Gazetted Locality,VIC,-37.88231242169729,145.16976205345298
loc5e7c09895b74,Glen Wills,Gazetted Locality,VIC,-36.835494994218735,147.47756566040715
locab436b86eb1a,Glenaire,Gazetted Locality,VIC,-38.74806092139569,143.46793669919234
loc529b6286fdc7,Glenaladale,Gazetted Locality,VIC,-37.74990459747853,147.31721777420694
locbd3b6450a40f,Glenalbyn,Gazetted Locality,VIC,-36.486980518139106,143.7170790094727
locd7169b15ad00,Glenaroua,Gazetted Locality,VIC,-37.11110167616434,144.9594175308547
loc14acc699b489,Glenbrae,Gazetted Locality,VIC,-37.34982072826313,143.5543362552114
loc4148ecc0fc7b,Glenburn,Gazetted Locality,VIC,-37.418218448788,145.43070133554994
loc9dd098b542eb,Glendaruel,Gazetted Locality,VIC,-37.34575262645831,143.73160753695356
locd639043bae3d,Glendonald,Gazetted Locality,VIC,-37.36151613523156,143.84458825943196
loc5b37bd2ddb5a,Glenfalloch,Gazetted Locality,VIC,-37.69292989153326,146.60440029699348
locbae4bb2760e2,Glenfyne,Gazetted Locality,VIC,-38.41329141788785,143.00593697482412
loce160899f1697,Glengarry,Gazetted Locality,VIC,-38.12511648053487,146.6422626071432
loc2ea4df7897aa,Glengarry North,Gazetted Locality,VIC,-38.08929354178456,146.5597287694202
loc32796261b6b3,Glengarry West,Gazetted Locality,VIC,-38.12227531595458,146.52575255296898
loc66ab0f35ca59,Glengower,Gazetted Locality,VIC,-37.210615539368604,143.8761630524105
loc4d6e7b5d445f,Glenhope,Gazetted Locality,VIC,-37.07426931518048,144.6118003544471
locc6f190ca6a1f,Glenhope East,Gazetted Locality,VIC,-37.07403362080227,144.70544472777226
locbb8a7c7df49d,Glenisla,Gazetted Locality,VIC,-37.21718000264451,142.26190982679586
loc4db89035538c,Glenlee,Gazetted Locality,VIC,-36.23301311849989,141.82601049001028
loc39f206f78c0f,Glenlofty,Gazetted Locality,VIC,-37.11220525546885,143.18987576722435
loc7fb944adf3d5,Glenlogie,Gazetted Locality,VIC,-37.24449075419969,143.2993011142296
loc4c94116cab90,Glenloth,Gazetted Locality,VIC,-36.13147991579652,143.3347296380323
loc092616900f43,Glenloth East,Gazetted Locality,VIC,-36.052029277620164,143.45900897209356
loc22af9465d3c4,Glenluce,Gazetted Locality,VIC,-37.17985022014799,144.2440041883853
locdf4e25f54490,Glenlyon,Gazetted Locality,VIC,-37.26851279936703,144.24362021182282
locecc835731953,Glenmaggie,Gazetted Locality,VIC,-37.82498334825665,146.71061571493698
loc4ce848d7bb3e,Glenmore,Gazetted Locality,VIC,-37.71503553701868,144.29860676790938
loc3999a03160cc,Glenorchy,Gazetted Locality,VIC,-36.92088837955656,142.6454627877633
locad0b06c859ad,Glenormiston North,Gazetted Locality,VIC,-38.139692546818765,142.98909380935498
loc93fd506dd56b,Glenormiston South,Gazetted Locality,VIC,-38.1604654960013,142.95830738320726
loca418b672424b,Glenpatrick,Gazetted Locality,VIC,-37.15335922848485,143.33166121309844
loc88a71999fe7a,Glenrowan,Gazetted Locality,VIC,-36.455623907343295,146.21522483497372
loc112438eea330,Glenrowan West,Gazetted Locality,VIC,-36.51498855939738,146.166737882959
loc4858bcc1d912,Glenroy,Gazetted Locality,VIC,-37.704097116531955,144.92100293244184
locd176b799eaa9,Glenthompson,Gazetted Locality,VIC,-37.70144765764243,142.53037246132925
loc2c495a5debcb,Glomar Beach,Gazetted Locality,VIC,-38.29849599072159,147.27745032889786
loc575c993bcaf4,Gnarwarre,Gazetted Locality,VIC,-38.15402771907979,144.14488270203162
locb5123e2a6d10,Gnotuk,Gazetted Locality,VIC,-38.20220082408041,143.0755079563441
loccd8279411a58,Gobarup,Gazetted Locality,VIC,-36.68197361032547,144.87426107223695
loc05b44ed16d5d,Gobur,Gazetted Locality,VIC,-37.01033760760463,145.6150983644242
loc8c14c93b253e,Golden Beach,Gazetted Locality,VIC,-38.230093980810466,147.36309501114118
loc2aab588344a9,Golden Gully,Gazetted Locality,VIC,-36.792669299379966,144.26601900148967
loc3959bdee6933,Golden Point,Gazetted Locality,VIC,-37.08992663874196,143.76363331790952
locd87c4781e8a4,Golden Point,Gazetted Locality,VIC,-37.06483289275636,144.27409377027
loce62011ba995d,Golden Point,Gazetted Locality,VIC,-37.57449754987991,143.86518383156596
loc338a35dd09f0,Golden Square,Gazetted Locality,VIC,-36.77501653269627,144.25437176892524
loc82a322117eb9,Goldie,Gazetted Locality,VIC,-37.256157299553124,144.80286451128217
loc10795bf0cca1,Goldsborough,Gazetted Locality,VIC,-36.81615437790812,143.65522624477285
loc59be83ef6f70,Gong Gong,Gazetted Locality,VIC,-37.546523724331905,143.93813246007412
locd94786e9e3ac,Gonn Crossing,Gazetted Locality,VIC,-35.509931791064304,143.92573254483392
locc8ba50393823,Goomalibee,Gazetted Locality,VIC,-36.48542554278083,145.88216121094263
locc90ab58112e3,Goon Nure,Gazetted Locality,VIC,-37.98138906464185,147.5423926626894
loc1b03782e0ea2,Goongerah,Gazetted Locality,VIC,-37.348692393320604,148.69981982333562
locd00cdea60da8,Gooram,Gazetted Locality,VIC,-36.89491426536368,145.60181232542544
locac6f355aaafe,Gooramadda,Gazetted Locality,VIC,-35.99484846923342,146.56622601060212
locdceb1195f0ca,Goorambat,Gazetted Locality,VIC,-36.4141543839815,145.95319028870546
loc108cde6354d4,Goornong,Gazetted Locality,VIC,-36.62233679785567,144.50414217331985
loc4ecc428721f9,Gooroc,Gazetted Locality,VIC,-36.46733972765552,143.20903808584055
loca7fad34e0de9,Gorae,Gazetted Locality,VIC,-38.23699394734669,141.5582897826738
loc31794010a40b,Gorae West,Gazetted Locality,VIC,-38.243343112594914,141.46488178829946
loc370f1842ae98,Gordon,Gazetted Locality,VIC,-37.57052386993946,144.10764006577557
loc9b3a5c5664a0,Gormandale,Gazetted Locality,VIC,-38.303299640915746,146.70136937240164
locc946f8136f9b,Goroke,Gazetted Locality,VIC,-36.662679566808734,141.47097042270065
loc89da05c8787d,Goschen,Gazetted Locality,VIC,-35.49652220804535,143.4334014402082
locea401be8d5d9,Goughs Bay,Gazetted Locality,VIC,-37.15206241902051,146.07805808977838
loc48776dde54f4,Goulburn Weir,Gazetted Locality,VIC,-36.715201329894484,145.17334352631357
loc93dc0822fb9e,Gowanbrae,Gazetted Locality,VIC,-37.701912239674265,144.89834590715594
locb5e58c390fb7,Gowanford,Gazetted Locality,VIC,-35.41054162546166,143.19168532845578
loc9425fde181a5,Gowangardie,Gazetted Locality,VIC,-36.47181869459287,145.6995668083057
loc14b23015f16c,Gowar East,Gazetted Locality,VIC,-36.54182430941533,143.39908244734573
loc631445166691,Gower,Gazetted Locality,VIC,-37.03171380989858,144.0972520811248
locb767b2dd1e8c,Grahamvale,Gazetted Locality,VIC,-36.350991730086044,145.43795463887477
loced94267c7cd7,Grampians,Gazetted Locality,VIC,-37.37323590840945,142.2788736825693
loccb75ffb71099,Grand Ridge,Gazetted Locality,VIC,-38.488934964618835,146.39502078918338
loc2bac131c9af5,Grangefields,Gazetted Locality,VIC,-37.702265670363985,144.63912468528983
loc5cb9bd9d50c8,Granite Flat,Gazetted Locality,VIC,-36.20822071915596,143.13251580718827
loc9602956ceb0d,Granite Rock,Gazetted Locality,VIC,-37.75710017597588,147.6653384134566
loc67314492da0e,Grantville,Gazetted Locality,VIC,-38.41209421979535,145.53517242080312
locc685ae3b4deb,Granya,Gazetted Locality,VIC,-36.09488762325513,147.31041917909232
loc5792a8993627,Grass Flat,Gazetted Locality,VIC,-36.654622742816585,141.8260497514475
loc34a2badd9b20,Grassdale,Gazetted Locality,VIC,-37.82192089728295,141.65735060105737
loce3953c6520b6,Grassmere,Gazetted Locality,VIC,-38.2551438093005,142.5534849264992
loca9a54ffb4a52,Grays Bridge,Gazetted Locality,VIC,-36.61980462461968,142.89926882951028
loc579e8ef0a8a7,Graytown,Gazetted Locality,VIC,-36.82901861072915,144.944232649681
loc0244edb29dea,Gre Gre,Gazetted Locality,VIC,-36.676565706919305,143.09106198323025
loc6282a6b321cd,Gre Gre North,Gazetted Locality,VIC,-36.60889005294972,143.0707181205982
locce2345b77c0f,Gre Gre South,Gazetted Locality,VIC,-36.67948069184854,143.01384838545818
locb53ace4ff1b6,Great Western,Gazetted Locality,VIC,-37.1620818648869,142.88726217808363
loc58ed21f010b4,Gredgwin,Gazetted Locality,VIC,-35.96006787914081,143.61371432379616
loc4f479d86677e,Green Gully,Gazetted Locality,VIC,-37.11208317471815,144.0996885318467
loc8ddcedf1a133,Greendale,Gazetted Locality,VIC,-37.53491422780217,144.33494125333158
loc5815a283d0ce,Greenhill,Gazetted Locality,VIC,-37.1741804202329,144.4369753013093
loc0816a2403cef,Greens Creek,Gazetted Locality,VIC,-36.92739419673659,142.94129680204935
loc6047e494e110,Greensborough,Gazetted Locality,VIC,-37.69976238359686,145.11005157180864
loc4883549a5421,Greenvale,Gazetted Locality,VIC,-37.63493300516439,144.8730745818074
locf969a09a6e3b,Greenwald,Gazetted Locality,VIC,-37.991029147380516,141.40266608823612
loc2d968a2b2b3c,Grenville,Gazetted Locality,VIC,-37.75765754751859,143.91012085450888
locbe0e7873863a,Greta,Gazetted Locality,VIC,-36.538367923331506,146.29482688884383
loc3628eeaae56a,Greta South,Gazetted Locality,VIC,-36.652059388695285,146.24536675698755
locaa5b42cdf8d7,Greta West,Gazetted Locality,VIC,-36.54211429682489,146.22877693288177
locf39bf31cfec8,Grey River,Gazetted Locality,VIC,-38.68034861776116,143.83360992270087
loc5327e68ca00c,Gringegalgona,Gazetted Locality,VIC,-37.42399059675965,141.82243388007097
loc5566efee769a,Gritjurk,Gazetted Locality,VIC,-37.56456356899345,141.8105526404795
loc098e933e1fd2,Grovedale,Gazetted Locality,VIC,-38.20273596619454,144.33196718474062
loc21d2a43ddc0f,Gruyere,Gazetted Locality,VIC,-37.72891476662704,145.46348442576982
loc2ec56077d62c,Guildford,Gazetted Locality,VIC,-37.188852810252804,144.16439126576887
loc4f5a9781c984,Gunbower,Gazetted Locality,VIC,-35.943604029117274,144.34031582991042
loc8f1124adee14,Gundowring,Gazetted Locality,VIC,-36.36516261464692,147.07061927732312
loc12c7484564e2,Gunyah,Gazetted Locality,VIC,-38.543632280501626,146.28814992103406
locc025a21e3c9f,Guys Forest,Gazetted Locality,VIC,-36.08354860515658,147.67469306722586
locb40a5fe44ca9,Guys Hill,Gazetted Locality,VIC,-38.014091577839025,145.39281200907277
loc5707c98729ce,Gymbowen,Gazetted Locality,VIC,-36.75608376889194,141.62125959793127
loc9a06f5290fb4,Haddon,Gazetted Locality,VIC,-37.58782711404172,143.701222250654
loc4dfb8458b2e2,Hadfield,Gazetted Locality,VIC,-37.710435769998526,144.94932543636452
locf066999b6a14,Hallam,Gazetted Locality,VIC,-38.00434033901845,145.2699959857345
loc34b7d2e462f4,Hallora,Gazetted Locality,VIC,-38.25390977204427,145.83856652635836
loc3a101e861955,Halls Gap,Gazetted Locality,VIC,-37.131316172097286,142.53302208898629
locddbd490a70cc,Hallston,Gazetted Locality,VIC,-38.35852987626126,146.03316163710275
loc4423238fcdd8,Hamilton,Gazetted Locality,VIC,-37.74166984974582,142.0217687212188
loc780d4ed4ca46,Hamlyn Heights,Gazetted Locality,VIC,-38.11871659763543,144.32301896676262
loce42a110faa48,Hampton,Gazetted Locality,VIC,-37.93780394446162,145.01104447007143
loc71ab0a32dd36,Hampton East,Gazetted Locality,VIC,-37.938508121287455,145.03034170252292
loc82e9519dd9b6,Hampton Park,Gazetted Locality,VIC,-38.04211399753828,145.26844688184897
loc678f9b26e1c1,Hansonville,Gazetted Locality,VIC,-36.619535922910885,146.30015327001033
loc387d5bc28436,Happy Valley,Gazetted Locality,VIC,-34.695204614538525,142.71747689969675
loc9bea7e21cfca,Happy Valley,Gazetted Locality,VIC,-37.72692226259296,143.5966558461705
loc87af61b59301,Harcourt,Gazetted Locality,VIC,-36.99552886632132,144.26050502374946
locce71ca279c3c,Harcourt North,Gazetted Locality,VIC,-36.95425618393654,144.27668841839917
loc2aba432ff405,Harkaway,Gazetted Locality,VIC,-37.9926818421564,145.35618629154993
loc0de9fd520875,Harkness,Gazetted Locality,VIC,-37.654489741442674,144.54626635058847
loc8e02f05b333c,Harmers Haven,Gazetted Locality,VIC,-38.65552800084334,145.57778155622162
loce09b8dfb3038,Harrietville,Gazetted Locality,VIC,-36.89280779410505,147.05013518052718
loc2df92a23fcea,Harrow,Gazetted Locality,VIC,-37.142115615195,141.62266788941324
locba9f0ed98652,Harston,Gazetted Locality,VIC,-36.45927274601888,145.118235816619
loc7c934a667999,Hastings,Gazetted Locality,VIC,-38.29788968248893,145.1856790674149
loc13154a28f04b,Hattah,Gazetted Locality,VIC,-34.7109774526471,142.27981957917882
loc5ab8335a665c,Havelock,Gazetted Locality,VIC,-36.969042126337484,143.78562638374925
locb65ad1ac6e27,Haven,Gazetted Locality,VIC,-36.75688190516051,142.19243025966492
loc654f22e15171,Havilah,Gazetted Locality,VIC,-36.61957845174594,146.89475495359633
locf00a01fc543b,Hawkesdale,Gazetted Locality,VIC,-38.08681526697889,142.27921369602342
locf18db8cf34c2,Hawkhurst,Gazetted Locality,VIC,-37.448806152599836,147.1673854998001
loc5c27e3f22fc1,Hawthorn,Gazetted Locality,VIC,-37.82859089169172,145.03439339988276
loc4fa4b090ce9e,Hawthorn East,Gazetted Locality,VIC,-37.83195399446637,145.0498310370781
loce7ef37fe34a8,Hazel Park,Gazetted Locality,VIC,-38.63443798851222,146.38741024719144
loc47e9d5554e9d,Hazelwood,Gazetted Locality,VIC,-38.288934434373814,146.37390287618456
loc3e010de7b16c,Hazelwood North,Gazetted Locality,VIC,-38.27084084458117,146.4788240933862
locf8535280718c,Hazelwood South,Gazetted Locality,VIC,-38.31838719224448,146.46024611492075
locc84be248155b,Healesville,Gazetted Locality,VIC,-37.66661359680596,145.55900374444263
loc4f1528620c86,Heath Hill,Gazetted Locality,VIC,-38.239224103136365,145.70732474656398
loc0e534d470df9,Heathcote,Gazetted Locality,VIC,-36.90973077890166,144.7250589697896
locf09eea4c4a58,Heathcote Junction,Gazetted Locality,VIC,-37.38060874302545,145.04797211166758
locc8f89e3be9f3,Heathcote South,Gazetted Locality,VIC,-37.00511008988998,144.70335228436048
loc3d949ab3c987,Heatherton,Gazetted Locality,VIC,-37.95587179288691,145.0895955042237
loc2133c86b0d6e,Heathmere,Gazetted Locality,VIC,-38.21362339733669,141.6386513742247
locab56fbb21cf8,Heathmont,Gazetted Locality,VIC,-37.828932692008124,145.24605110512044
loceae7c3fdb417,Hedley,Gazetted Locality,VIC,-38.66961817146506,146.5594268036621
locac7743d369bc,Heidelberg,Gazetted Locality,VIC,-37.751351355207504,145.06974139448488
loccaca39f133a7,Heidelberg Heights,Gazetted Locality,VIC,-37.74268651464401,145.05320435782784
loc1492a23dbc74,Heidelberg West,Gazetted Locality,VIC,-37.73922084924055,145.04034900906208
loc85e4166d9d5b,Hensley Park,Gazetted Locality,VIC,-37.62366930137897,142.04420828746703
locfd6054f31680,Henty,Gazetted Locality,VIC,-37.6519967736149,141.5336187989193
loc245c69160468,Hepburn,Gazetted Locality,VIC,-37.31272721572279,144.1281264794545
loc85e82c7c178e,Hepburn Springs,Gazetted Locality,VIC,-37.31621635768052,144.14677449146834
loc961ba83e9723,Herne Hill,Gazetted Locality,VIC,-38.134461576548844,144.32381321601684
loc12e784b16dde,Hernes Oak,Gazetted Locality,VIC,-38.220981759144465,146.30767981679708
loce21ef8eb86c0,Hesket,Gazetted Locality,VIC,-37.35591033731659,144.63285882752052
loc543a91698085,Hesse,Gazetted Locality,VIC,-38.084837631271775,143.88230516846014
locc4aed31d8b3e,Hexham,Gazetted Locality,VIC,-37.98973952714016,142.68809100229925
loc18bac2dc5b38,Heyfield,Gazetted Locality,VIC,-37.97195411883155,146.76638817449424
loc1b491d302103,Heytesbury Lower,Gazetted Locality,VIC,-38.5643655712503,142.89191102606824
loc4d3aca8b4bf5,Heywood,Gazetted Locality,VIC,-38.134489835314156,141.6277711659811
loc5b52fe751a30,Hiamdale,Gazetted Locality,VIC,-38.26839230150877,146.74422109630052
loca332456246d6,Hiawatha,Gazetted Locality,VIC,-38.53302614378915,146.44130674158214
loc9e24da38cba4,High Camp,Gazetted Locality,VIC,-37.191301967515074,144.86353561796028
locf16910f90fb9,Highett,Gazetted Locality,VIC,-37.95088773526111,145.03984341699544
loce3dbe1f6fe77,Highlands,Gazetted Locality,VIC,-37.084556040833,145.41860201133693
locf49b5afa8d59,Highton,Gazetted Locality,VIC,-38.17338266378147,144.31651681742304
loc9f160a494e5a,Hilgay,Gazetted Locality,VIC,-37.6206724579673,141.63295498023064
locea3cc721659e,Hill End,Gazetted Locality,VIC,-38.011672078445066,146.14043042325972
loc0bbfb85f674a,Hillcrest,Gazetted Locality,VIC,-37.61834523771951,143.63374834105994
loccb9dc053bf3e,Hilldene,Gazetted Locality,VIC,-37.04064909220109,145.0587751032252
loc518f8efa17e7,Hillside,Gazetted Locality,VIC,-37.8464103697035,147.5148599185911
loce6085a4cf5c8,Hillside,Gazetted Locality,VIC,-37.69112003713538,144.74117422100954
loc9afcf2192d36,Hinnomunjie,Gazetted Locality,VIC,-37.01041012944267,147.65364343618512
loc39ab57920b9d,Hmas Cerberus,Gazetted Locality,VIC,-38.381479706828685,145.19378940937605
loc7266cdede9a4,Hoddles Creek,Gazetted Locality,VIC,-37.85203005912901,145.5875548535162
loc4afbc1996bb4,Hollands Landing,Gazetted Locality,VIC,-38.04889155119911,147.46734618641574
loc46d546ef7db2,Homebush,Gazetted Locality,VIC,-37.040838401950566,143.5310080970656
loc9961b5cc8db0,Homerton,Gazetted Locality,VIC,-38.13248139212985,141.8018697700699
loc9f4bb0df0703,Homewood,Gazetted Locality,VIC,-37.19698339282891,145.3149130304183
loc1a120a92975c,Hopetoun,Gazetted Locality,VIC,-35.702719268621976,142.3302028945309
locfd0ac2a1c5e8,Hopetoun Park,Gazetted Locality,VIC,-37.6942944120492,144.50113048140776
locf72490d7eaa6,Hoppers Crossing,Gazetted Locality,VIC,-37.86898454174219,144.70010849129199
loc240717c050b0,Hordern Vale,Gazetted Locality,VIC,-38.79994532244254,143.49482620183392
loc1693aeac104d,Horfield,Gazetted Locality,VIC,-35.89043337809834,144.21286098490245
loc1aad23bceb79,Horsham,Gazetted Locality,VIC,-36.71764425274564,142.19621433137235
locc89924437933,Hotham Heights,Gazetted Locality,VIC,-36.99908259870989,147.16360827280891
loc8e2a94b1ebfe,Hotspur,Gazetted Locality,VIC,-37.94712734006724,141.56389816602967
loc692ebcbd748b,Howes Creek,Gazetted Locality,VIC,-37.1417269002728,146.01028450045368
locf27adad3ec91,Howitt Plains,Gazetted Locality,VIC,-37.19442797839799,146.7000415725631
locdf1748f3f781,Howqua,Gazetted Locality,VIC,-37.244057938390455,146.1952738215004
loc4612f375ea9f,Howqua Hills,Gazetted Locality,VIC,-37.18378357365869,146.30318937253355
loce9d7e49d200e,Howqua Inlet,Gazetted Locality,VIC,-37.232082959721446,146.13269807963854
loc65593405a665,Hughesdale,Gazetted Locality,VIC,-37.89776462945879,145.08178305967635
loc343ba90469e6,Humevale,Gazetted Locality,VIC,-37.50369427719092,145.17374912723216
loc6dda61f87ad1,Hunter,Gazetted Locality,VIC,-36.4374576961052,144.5229175766463
loc9bce57db9b14,Hunterston,Gazetted Locality,VIC,-38.61852565259761,146.80890087447753
loc1dc61fd429f4,Huntingdale,Gazetted Locality,VIC,-37.90778981481772,145.1087922809563
loc5c94c6a8d364,Huntly,Gazetted Locality,VIC,-36.65929571650064,144.33083375095958
loc80d630874e7d,Huntly North,Gazetted Locality,VIC,-36.5869494715007,144.34083270802765
loc553164f6c50c,Huon,Gazetted Locality,VIC,-36.22958624724683,147.094889009417
loc0cb55cb965ad,Huon Creek,Gazetted Locality,VIC,-36.156323761464364,146.82246159417468
locaf79961f04bc,Hurstbridge,Gazetted Locality,VIC,-37.63716442927543,145.19301708747713
loc6190d62a7771,Icy Creek,Gazetted Locality,VIC,-37.886640125684316,146.09531236433423
loc7d1bdc3a3269,Iguana Creek,Gazetted Locality,VIC,-37.70083874028654,147.3507428664639
loc2063c96ef070,Illabarook,Gazetted Locality,VIC,-37.82512951453478,143.64023873058125
loc083c52776ea6,Illawarra,Gazetted Locality,VIC,-37.06903416595806,142.68881811583486
locf814140ce988,Illowa,Gazetted Locality,VIC,-38.33642224085433,142.39911090742902
loc02a3a330fe2f,Indented Head,Gazetted Locality,VIC,-38.13540037424255,144.7000501674408
loc47d6c4f1ca81,Indigo Valley,Gazetted Locality,VIC,-36.19017048032531,146.7453625557161
locaa59c02681d9,Inglewood,Gazetted Locality,VIC,-36.59261960066315,143.8400854901066
locc38231fee5ef,Ingliston,Gazetted Locality,VIC,-37.66006322238287,144.308391590087
locb258b248d48e,Inkerman,Gazetted Locality,VIC,-36.7943575335793,143.6778169482872
loc3e856881cc79,Invergordon,Gazetted Locality,VIC,-36.151011378940694,145.57819279220922
loc5f554e877a66,Inverleigh,Gazetted Locality,VIC,-38.1083535953643,144.0041232490292
loc1954186172da,Inverloch,Gazetted Locality,VIC,-38.61905800680884,145.71165343594865
locc5fedbc8033c,Invermay,Gazetted Locality,VIC,-37.4993879806259,143.87648692567097
loc9fb39b0cfaee,Invermay Park,Gazetted Locality,VIC,-37.529076131433484,143.8603940979022
loc0389d45a51bc,Iona,Gazetted Locality,VIC,-38.152864736802286,145.69057604461568
locbe2f070f9d1b,Iraak,Gazetted Locality,VIC,-34.423045540190714,142.29158705325227
loc85b749d731d7,Irishtown,Gazetted Locality,VIC,-37.14760331224636,144.22741106463468
locd7ab572b3677,Ironbark,Gazetted Locality,VIC,-36.75507092449724,144.2638953644065
loc1daac247c893,Irrewarra,Gazetted Locality,VIC,-38.272021353854626,143.68218209056016
loc53b0078a6923,Irrewillipe,Gazetted Locality,VIC,-38.44830701346947,143.40851958277977
loc7327466997d1,Irrewillipe East,Gazetted Locality,VIC,-38.433578720078145,143.48401277282093
loc9fb289b0a33e,Irymple,Gazetted Locality,VIC,-34.24581376411675,142.18134495291145
loc201e214973bd,Ivanhoe,Gazetted Locality,VIC,-37.76810072469076,145.04156460767643
locb17fb225139f,Ivanhoe East,Gazetted Locality,VIC,-37.77448818527837,145.0595718269274
locf07f0a553979,Jacana,Gazetted Locality,VIC,-37.68769974716574,144.91072460001902
loc5a5c727d090e,Jack River,Gazetted Locality,VIC,-38.57018354223322,146.56806633380984
loc9a86c6faf562,Jackass Flat,Gazetted Locality,VIC,-36.718124250561836,144.28376118305175
loc8785660361d0,Jacob Creek,Gazetted Locality,VIC,-37.99863769764882,146.40881304962772
locebfebf39d314,Jam Jerrup,Gazetted Locality,VIC,-38.33592131751256,145.546555063573
loc729e2fc98e77,Jamieson,Gazetted Locality,VIC,-37.271076313941414,146.1142897158357
locca4ba0d70672,Jan Juc,Gazetted Locality,VIC,-38.34491693158736,144.30107010775274
loc249b31e8e2c3,Jancourt,Gazetted Locality,VIC,-38.366830268995386,143.0937250997174
loc44405b92b407,Jancourt East,Gazetted Locality,VIC,-38.414056883445475,143.19173140936948
loc5c4e0f455856,Jarklin,Gazetted Locality,VIC,-36.24908590171728,143.95531002223078
loccd45f0190fed,Jarrahmond,Gazetted Locality,VIC,-37.67298447432737,148.40987928110627
loc3c80cc6dc750,Jarvis Creek,Gazetted Locality,VIC,-36.176198609507324,147.19875429497372
loc981290e23152,Jeeralang,Gazetted Locality,VIC,-38.362067997988156,146.4603424310714
loc8de99db1f17f,Jeeralang Junction,Gazetted Locality,VIC,-38.348566464985595,146.41838012750077
locbccf59fe94a3,Jeetho,Gazetted Locality,VIC,-38.40167192114261,145.72968305163684
loccd9a104f4bf1,Jeffcott,Gazetted Locality,VIC,-36.31645475439464,143.14102653405635
loc8b1eae00903e,Jeffcott North,Gazetted Locality,VIC,-36.265904210789515,143.0708491043901
loc386e23527a3f,Jeparit,Gazetted Locality,VIC,-36.11840182237931,141.99478688723428
loc022e6c3c638e,Jericho,Gazetted Locality,VIC,-37.66819655335466,146.22282757487142
locb7291cae5946,Jeruk,Gazetted Locality,VIC,-36.01399355887516,143.44454646363053
loced38962439b2,Jil Jil,Gazetted Locality,VIC,-35.8246702081563,142.978342151258
loc1b22cdef3a19,Jilpanger,Gazetted Locality,VIC,-36.91064351205509,141.73927965739608
loc6b2a09afdcbb,Jindivick,Gazetted Locality,VIC,-38.02577536726422,145.88892458219664
locb1cf50dbae2b,Joel Joel,Gazetted Locality,VIC,-37.009004860396175,142.98681279352436
loc06ca90921859,Joel South,Gazetted Locality,VIC,-37.06573372995216,142.9921427937341
loc4e5ce0c423cc,Johanna,Gazetted Locality,VIC,-38.73256238779062,143.39898244385842
loc6dbf3f4ff5cd,Johnsonville,Gazetted Locality,VIC,-37.82088664227925,147.81112118718664
loc248b98674e83,Joyces Creek,Gazetted Locality,VIC,-37.084648344612056,143.99220565457068
loc5e1d7d34045a,Jumbuk,Gazetted Locality,VIC,-38.39850494296901,146.42063291364633
loc63a46e63a71a,Jumbunna,Gazetted Locality,VIC,-38.472140957762704,145.76213304113617
loc1a22f173d7f3,Junction Village,Gazetted Locality,VIC,-38.133941449450305,145.29115173192554
locf8385a441321,Jung,Gazetted Locality,VIC,-36.58057813460289,142.34931911429894
loc367fd161b873,Jungaburra,Gazetted Locality,VIC,-36.055744962435654,144.28350939825344
locf44a583273a6,Junortoun,Gazetted Locality,VIC,-36.77138478787438,144.36048987024907
loc261325081d5e,Kaarimba,Gazetted Locality,VIC,-36.13916248973025,145.27768642008732
loc4be7292f21af,Kadnook,Gazetted Locality,VIC,-37.1699145981351,141.40479003097295
loc3cba912d7970,Kalimna,Gazetted Locality,VIC,-37.86980627152897,147.96157905167726
locbaff86480f71,Kalimna West,Gazetted Locality,VIC,-37.81568304866734,147.9421784299576
loce511a62cea4b,Kalkallo,Gazetted Locality,VIC,-37.52646868138271,144.96089518144197
loc8d6f3b84e720,Kalkee,Gazetted Locality,VIC,-36.55064412087586,142.22276326711432
loceda4748b8142,Kallista,Gazetted Locality,VIC,-37.8977866606151,145.38221717371184
locc4cc828c785c,Kalorama,Gazetted Locality,VIC,-37.820038574768,145.3805532435063
loc2768e2055433,Kalpienung,Gazetted Locality,VIC,-35.84490561763166,143.27639961091683
loc8e7c71a2a320,Kamarooka,Gazetted Locality,VIC,-36.4962686739904,144.39058131746106
locefa39c3aa2af,Kamarooka North,Gazetted Locality,VIC,-36.392791288508896,144.3177905504706
loc2da3c5cf4854,Kanagulk,Gazetted Locality,VIC,-37.117654613517054,141.83861421340356
locc6e4c59f9a01,Kancoona,Gazetted Locality,VIC,-36.59031545355826,147.01624920730399
loc60657db3db42,Kangaroo Flat,Gazetted Locality,VIC,-36.806220099123685,144.24077832611385
loc13e364e33a8a,Kangaroo Ground,Gazetted Locality,VIC,-37.691147361556084,145.2311135149485
loc39d1a8d0ad19,Kaniva,Gazetted Locality,VIC,-36.40395715081286,141.29503305365978
loc479381464d4d,Kanumbra,Gazetted Locality,VIC,-37.051982992941184,145.67765561974227
loce26b097dff55,Kanya,Gazetted Locality,VIC,-36.77854922561134,142.98142300636323
locc5a2df903fc1,Kanyapella,Gazetted Locality,VIC,-36.12013229956444,144.89090410518483
loc36cc38fbeca0,Karabeal,Gazetted Locality,VIC,-37.60087644519417,142.19409063118846
locc25e23d3036a,Kardella,Gazetted Locality,VIC,-38.421260834887576,145.87506042993198
loca27c9809ab3c,Kardella South,Gazetted Locality,VIC,-38.45631095414845,145.87131721082056
loc3b49632bc87e,Kariah,Gazetted Locality,VIC,-38.145869155223664,143.222037465717
loc5ca57f243e25,Karnak,Gazetted Locality,VIC,-36.850887586116194,141.49580099686358
loc6db19a9c4d30,Karramomus,Gazetted Locality,VIC,-36.52761176563729,145.49385291655182
loc7066f38ee0bb,Karyrie,Gazetted Locality,VIC,-35.92880718085599,142.86854324375298
loc859262576ae5,Katamatite,Gazetted Locality,VIC,-36.062441209442156,145.68171922803774
loccd45d7d3f8eb,Katamatite East,Gazetted Locality,VIC,-36.04805250319036,145.7546230886158
loc4694f95a8dc1,Katandra,Gazetted Locality,VIC,-36.248665849581556,145.607008958771
loc0815a3496708,Katandra West,Gazetted Locality,VIC,-36.250196965419704,145.57078395966346
locb50d4777576b,Katunga,Gazetted Locality,VIC,-35.98957847428983,145.47265486405058
loc39859c309a59,Kawarren,Gazetted Locality,VIC,-38.50070344733842,143.59830234432928
locda8805a3e9bb,Kealba,Gazetted Locality,VIC,-37.73817096073842,144.82884718670232
loc6dac7364b2f8,Keely,Gazetted Locality,VIC,-35.853381293532124,144.24775549901045
loc129f19b99706,Keilor,Gazetted Locality,VIC,-37.70910058093659,144.82664863700214
loc133dbb57fdfa,Keilor Downs,Gazetted Locality,VIC,-37.72043242154119,144.80429919560135
loc4f357d27d902,Keilor East,Gazetted Locality,VIC,-37.73672312018453,144.85671172512824
loc59a00d8fcb2e,Keilor Lodge,Gazetted Locality,VIC,-37.697546834620965,144.7990629103275
loc4bb64766c12a,Keilor North,Gazetted Locality,VIC,-37.6810775088952,144.7922478910316
loc5e1166b18e85,Keilor Park,Gazetted Locality,VIC,-37.718795133076455,144.85117287928918
loc66a9eded04e8,Kellalac,Gazetted Locality,VIC,-36.363598312128445,142.40633389492163
loc949ba8e90a2d,Kelvin View,Gazetted Locality,VIC,-36.828570772231366,145.66422704901254
loc2cba4d255509,Kenley,Gazetted Locality,VIC,-34.832116273692925,143.30859839588715
loc43f5ecc17c2b,Kenmare,Gazetted Locality,VIC,-35.93605652981128,142.2031017090212
locdec932aa80db,Kennedys Creek,Gazetted Locality,VIC,-38.59484368147834,143.25781060668373
loc5a006d5e1e3d,Kennett River,Gazetted Locality,VIC,-38.64180649894811,143.8040501486223
loc9fc9cdac1e1a,Kennington,Gazetted Locality,VIC,-36.77483769977695,144.30466378219666
loceea4a7d012b2,Kensington,Gazetted Locality,VIC,-37.79485954817677,144.92466323492908
loccdfc709471ce,Kerang,Gazetted Locality,VIC,-35.72150280155772,143.93733728254193
loc076543f8c80c,Kerang East,Gazetted Locality,VIC,-35.77174035386586,144.01299542886798
locdaa883f42b05,Kergunyah,Gazetted Locality,VIC,-36.34495573894876,146.9848554486846
loccc67f8d76605,Kergunyah South,Gazetted Locality,VIC,-36.4372578050144,147.02909481142444
loca291d09bd697,Kernot,Gazetted Locality,VIC,-38.43974427189053,145.61357871140052
loc7c970583e8e4,Kerrie,Gazetted Locality,VIC,-37.380442196545616,144.67160839530015
locf51cf8883180,Kerrisdale,Gazetted Locality,VIC,-37.173386860654034,145.25767944631434
loc22d7825c3923,Kevington,Gazetted Locality,VIC,-37.35264355492281,146.16889083316912
loc00a9769647d7,Kew,Gazetted Locality,VIC,-37.80138005505761,145.04110884308108
loc39ed15931919,Kew East,Gazetted Locality,VIC,-37.79060188743635,145.05289073754875
locd66997d536ff,Kewell,Gazetted Locality,VIC,-36.45701718891224,142.4203829963225
loc7767bba5f04d,Keysborough,Gazetted Locality,VIC,-38.00646870359871,145.16659252819264
loc1fcd28cddafe,Kialla,Gazetted Locality,VIC,-36.445060159075595,145.40645653707173
loc1243b7c605af,Kialla East,Gazetted Locality,VIC,-36.46635493494678,145.49676955140276
loce4ddfd86b92c,Kialla West,Gazetted Locality,VIC,-36.47803548751822,145.38818480976533
locf3d3bfc11564,Kiata,Gazetted Locality,VIC,-36.357552116991,141.78453627587675
loc5c16bef59fdf,Kiewa,Gazetted Locality,VIC,-36.26958460887204,147.0133496002122
loc33d3d31fba80,Kilcunda,Gazetted Locality,VIC,-38.557222144629506,145.50585652775163
loc28f4eef8b749,Killara,Gazetted Locality,VIC,-37.757892351644564,141.4044144642927
loc9bd275a8b123,Killara,Gazetted Locality,VIC,-36.14072570563195,146.94835118765246
loceac315b089c7,Killarney,Gazetted Locality,VIC,-38.34444737179139,142.31919748612262
loc09a99bf786b9,Killawarra,Gazetted Locality,VIC,-36.25124299029342,146.21586186626814
locc90f5a47ecef,Killingworth,Gazetted Locality,VIC,-37.18155306562397,145.4239235628478
loce39f7c2aadef,Kilmany,Gazetted Locality,VIC,-38.1242379995889,146.91210992068778
loce25dfc481765,Kilmore,Gazetted Locality,VIC,-37.29824745997673,144.951487207359
locce3df103519c,Kilmore East,Gazetted Locality,VIC,-37.27331994201904,145.0106405449396
loc38cbe92d1159,Kilsyth,Gazetted Locality,VIC,-37.81919320410546,145.30882880583948
loc558550055434,Kilsyth South,Gazetted Locality,VIC,-37.82974964102995,145.3105867529569
loca37d9a7b347e,Kimbolton,Gazetted Locality,VIC,-36.920183689278616,144.49975403574575
loccf96f4cdd950,King Valley,Gazetted Locality,VIC,-36.695147465483714,146.4081168610611
loce6abf5095200,Kinglake,Gazetted Locality,VIC,-37.5200856844478,145.36299865546567
loc70862ade30ed,Kinglake Central,Gazetted Locality,VIC,-37.46942913406578,145.32532210136486
loc0797fb864ee9,Kinglake West,Gazetted Locality,VIC,-37.47817195603479,145.25565541794737
loc77e48eba848d,Kingower,Gazetted Locality,VIC,-36.617212218746346,143.75384620364872
loca307cf61ba97,Kings Park,Gazetted Locality,VIC,-37.73368072031815,144.77197717183648
loce3f8de63f06a,Kingsbury,Gazetted Locality,VIC,-37.71701633963506,145.03461015456102
loc89aeba1beba9,Kingston,Gazetted Locality,VIC,-37.37986936011034,143.95861527525904
loc2380192cce6d,Kingsville,Gazetted Locality,VIC,-37.80750570194204,144.88030898512025
loc4b173adb0b64,Kinnabulla,Gazetted Locality,VIC,-35.90028632251541,142.72012395661585
loc13a6ec04747e,Kinypanial,Gazetted Locality,VIC,-36.35589573076927,143.79554032000908
loc7a6239513f7b,Kirkstall,Gazetted Locality,VIC,-38.267753310711456,142.27911722673667
locbf553ce41d73,Kirwans Bridge,Gazetted Locality,VIC,-36.72856533742381,145.14344814383526
loc09ce121b5e0a,Kithbrook,Gazetted Locality,VIC,-36.80178486717645,145.73171163880005
loc0660d4b4e6f6,Knebsworth,Gazetted Locality,VIC,-37.99069445012168,141.87359745322806
loc2a421a3cedca,Knockwood,Gazetted Locality,VIC,-37.41936731759388,146.26766483007242
loc72beefdc7335,Knowsley,Gazetted Locality,VIC,-36.82728457147182,144.5977484863003
locd6f79866f950,Knoxfield,Gazetted Locality,VIC,-37.886766401618814,145.24836889486448
locf9456e79d725,Koallah,Gazetted Locality,VIC,-38.29364838313392,143.23360870221052
loc08dabd377b13,Koetong,Gazetted Locality,VIC,-36.16468580640955,147.45943273013933
loc34e0d204d7dd,Kolora,Gazetted Locality,VIC,-38.12063473389082,142.92902827647762
locd2f3bf9062c0,Kongwak,Gazetted Locality,VIC,-38.50918520142564,145.71216788291127
loce75f5f053931,Konongwootong,Gazetted Locality,VIC,-37.472312800832846,141.66545303701582
locf15ceaee4f05,Koo Wee Rup,Gazetted Locality,VIC,-38.18980812728265,145.49827916625355
loc10bbee6c6788,Koo Wee Rup North,Gazetted Locality,VIC,-38.148270374822445,145.53657476638887
loc0d602e60ff60,Kooloonong,Gazetted Locality,VIC,-34.85982622539045,143.13166200606992
loc05305b7a9d6e,Koonda,Gazetted Locality,VIC,-36.492616221307436,145.7511624738686
locd4213d15d4c3,Koondrook,Gazetted Locality,VIC,-35.64358753438382,144.09465813649086
loc9f63a6b86c91,Koonoomoo,Gazetted Locality,VIC,-35.85052689880724,145.5626478097899
loc04fce2e09359,Koonwarra,Gazetted Locality,VIC,-38.558357000240775,145.95323252195374
locd045c4291cdd,Kooreh,Gazetted Locality,VIC,-36.651022348091864,143.39514235378556
loc0a8087d68433,Koorlong,Gazetted Locality,VIC,-34.29831444950934,142.04123922482478
loc8d2ec36eab33,Koornalla,Gazetted Locality,VIC,-38.34827852863991,146.52619468378367
locb337dd8f97ea,Kooroocheang,Gazetted Locality,VIC,-37.30380531555302,144.046504941645
loc6f4bcc047116,Koorool,Gazetted Locality,VIC,-37.72988281342819,146.9458071155541
locba52fafa71f9,Koorooman,Gazetted Locality,VIC,-38.46787156320444,146.02826553525313
loc8c9914c41758,Kooyong,Gazetted Locality,VIC,-37.84109992376581,145.0358350318084
loc598e04e8e12d,Koriella,Gazetted Locality,VIC,-37.15677702968721,145.6534791073803
loc88919eceab29,Korobeit,Gazetted Locality,VIC,-37.57632506639267,144.34294674957448
loc306bfb7df77b,Koroit,Gazetted Locality,VIC,-38.27623406781233,142.3663020954095
loc0ed03bec5aea,Korong Vale,Gazetted Locality,VIC,-36.365065515764,143.69757950411167
loc0697a21b44b0,Koroop,Gazetted Locality,VIC,-35.738573777127534,144.07082680859804
loc0067a4549ed1,Korumburra,Gazetted Locality,VIC,-38.43891397410681,145.82207073039535
loc44e7525b33ad,Korumburra South,Gazetted Locality,VIC,-38.47860986651499,145.85890452339817
loc9d6a73c437cd,Korweinguboora,Gazetted Locality,VIC,-37.44122932102873,144.1301019977796
loc5fbe25830449,Kotta,Gazetted Locality,VIC,-36.195506275712845,144.52626909673194
loc213ad0f6d4aa,Kotupna,Gazetted Locality,VIC,-36.13372654696606,145.11122090370924
locf0ccda83e5d5,Koyuga,Gazetted Locality,VIC,-36.23239781750907,144.8911072596959
loc0800e7f490f8,Krowera,Gazetted Locality,VIC,-38.45634130033295,145.66468578980903
loc1159c06f29dd,Kulwin,Gazetted Locality,VIC,-34.988664659701,142.61145115389158
locdd4b19860bc4,Kunat,Gazetted Locality,VIC,-35.52213016980619,143.54706647094744
loccee80c2bd11f,Kurraca,Gazetted Locality,VIC,-36.51970964949393,143.61423867179502
locd73939c77783,Kurraca West,Gazetted Locality,VIC,-36.510977723602096,143.5615220664859
loca928636b0af2,Kurting,Gazetted Locality,VIC,-36.539805743730966,143.8141903419031
locabdfa0718385,Kurunjang,Gazetted Locality,VIC,-37.66208740628103,144.59269175748315
loc62ed665318da,Kyabram,Gazetted Locality,VIC,-36.327265810894204,145.01780332845564
locaaae9e603891,Kyabram South,Gazetted Locality,VIC,-36.38571338911742,145.06787918053902
locd2925d04c249,Kyneton,Gazetted Locality,VIC,-37.22336545112409,144.45610119482922
locfb34b8ac194f,Kyneton South,Gazetted Locality,VIC,-37.29072880639587,144.43275264474295
locf1f0ff374a2f,Kyvalley,Gazetted Locality,VIC,-36.282868807457,145.00669174387562
loc8d74d3bb472f,Laanecoorie,Gazetted Locality,VIC,-36.82571632166875,143.91182321164595
loc0cbef7d87c81,Laang,Gazetted Locality,VIC,-38.36672324537039,142.81286751153417
loc935623b27586,Labertouche,Gazetted Locality,VIC,-38.02620077028391,145.79880781654384
loc5c43c0f368e0,Laceby,Gazetted Locality,VIC,-36.448582700972416,146.303670523837
locfe57383287a4,Ladys Pass,Gazetted Locality,VIC,-36.82179778477984,144.68963914519594
locab89f4abbdd0,Laen,Gazetted Locality,VIC,-36.444658205074504,142.8279814214796
loca62f36a00de0,Laen East,Gazetted Locality,VIC,-36.39981566165285,142.90024797055253
loce9163a1a8d89,Laen North,Gazetted Locality,VIC,-36.376601702180494,142.8322970853104
loccf4fadf8fece,Lah,Gazetted Locality,VIC,-36.12783407150387,142.42103173399516
loc72a4b5e515ad,Laharum,Gazetted Locality,VIC,-36.9236227859564,142.3410562731691
loc6e0cdb803a9c,Lake Boga,Gazetted Locality,VIC,-35.45080084589538,143.6388338961275
locf7b90080e71b,Lake Bolac,Gazetted Locality,VIC,-37.69849998222598,142.84668451110838
loc1d8cbeaa3ffc,Lake Bunga,Gazetted Locality,VIC,-37.86258633507723,148.037094277285
loc0c45fc2e1daa,Lake Charm,Gazetted Locality,VIC,-35.597150726348474,143.8236956114023
loccd0ac270eb63,Lake Condah,Gazetted Locality,VIC,-38.08541516723988,141.8197661644988
loc8cebad1db2f1,Lake Eildon,Gazetted Locality,VIC,-37.187831060814545,145.96235471214203
loc9154637132c3,Lake Eppalock,Gazetted Locality,VIC,-36.90778575864005,144.54778051061203
loc36cfe5df1128,Lake Fyans,Gazetted Locality,VIC,-37.13871497242334,142.62589713824576
locb364a12c94c3,Lake Gardens,Gazetted Locality,VIC,-37.54757793493064,143.81726566436112
loc7beb3890f7ba,Lake Goldsmith,Gazetted Locality,VIC,-37.53448143215918,143.3884816961637
loccc25e63cbf78,Lake Lonsdale,Gazetted Locality,VIC,-37.03665128516016,142.6266195626377
loc2fbdf8e15673,Lake Marmal,Gazetted Locality,VIC,-36.129710628412425,143.51858729702778
loc34745fdd0acd,Lake Meran,Gazetted Locality,VIC,-35.898943980403686,143.7908652943546
loca578418821cb,Lake Mundi,Gazetted Locality,VIC,-37.49122096775858,141.08992319757112
locddbc0b514d73,Lake Powell,Gazetted Locality,VIC,-34.71515870870108,142.93390783218257
locc33da472017e,Lake Rowan,Gazetted Locality,VIC,-36.26176890425046,145.98124508357043
loce7c648de07bb,Lake Tyers,Gazetted Locality,VIC,-37.84088321071853,148.1269707090595
locf864dd8999a1,Lake Tyers Beach,Gazetted Locality,VIC,-37.85893837627568,148.06574846181442
locdb89386bc8c7,Lake Tyrrell,Gazetted Locality,VIC,-35.33935577778202,142.83254727777404
loc5df22855de41,Lake Wellington,Gazetted Locality,VIC,-38.09354345365094,147.31786124902405
loc99690f6c580c,Lake Wendouree,Gazetted Locality,VIC,-37.549909814189895,143.83466709589516
loc781f6d7c97ea,Lake Wongan,Gazetted Locality,VIC,-37.603335387833084,143.15641191096333
loc139be07fe5da,Lakes Entrance,Gazetted Locality,VIC,-37.85595808135331,148.00517344402937
loc0ee2cddbdaeb,Lal Lal,Gazetted Locality,VIC,-37.66712156326976,144.0263758344871
loc809aa4d8ed76,Lalbert,Gazetted Locality,VIC,-35.65181718116422,143.4466371723526
loced93b3da3f2b,Lalor,Gazetted Locality,VIC,-37.66597329600657,145.00611646937594
locdb6c00aabb3a,Lamplough,Gazetted Locality,VIC,-37.14866026749563,143.5196314622516
loc3d451791a2bc,Lancaster,Gazetted Locality,VIC,-36.29892969671778,145.13608197507125
loc112da4d15d74,Lance Creek,Gazetted Locality,VIC,-38.54388252783854,145.6711347695341
loc204f0f0ca6e2,Lancefield,Gazetted Locality,VIC,-37.26404309818919,144.71540496895852
locc08a019ba3c6,Landsborough,Gazetted Locality,VIC,-37.019010638011565,143.1461328836686
loc2bcdff81a9f2,Landsborough West,Gazetted Locality,VIC,-37.007860122493035,143.07231780415935
loc650098ccb87c,Lang Lang,Gazetted Locality,VIC,-38.297664038714416,145.5739110951239
loc804d24593a47,Lang Lang East,Gazetted Locality,VIC,-38.270183165675576,145.65649861695874
loc8d4204d2b5b1,Langdons Hill,Gazetted Locality,VIC,-37.415294716202155,144.06317134893004
loc4f833f9c41a4,Langi Kal Kal,Gazetted Locality,VIC,-37.3775182631293,143.49970575913034
loc0de83d4679bb,Langi Logan,Gazetted Locality,VIC,-37.3957374374363,142.92803117632604
loc1cfea42bb7cf,Langkoop,Gazetted Locality,VIC,-37.101081418129894,141.07908373967538
locaabf9abbaf65,Langley,Gazetted Locality,VIC,-37.15093407726057,144.50285566750932
locb87b4b3639f3,Langsborough,Gazetted Locality,VIC,-38.649782188916404,146.66714791960337
locbcb60f6b546d,Langwarrin,Gazetted Locality,VIC,-38.15435021052056,145.19688283945644
loc846cf797318d,Langwarrin South,Gazetted Locality,VIC,-38.18946806989955,145.19350291331267
loce16236caf708,Lara,Gazetted Locality,VIC,-38.01208071263794,144.41062691158038
loccb3683433bb4,Lardner,Gazetted Locality,VIC,-38.21813171923749,145.87393368970243
loc7e7614f47cb2,Larpent,Gazetted Locality,VIC,-38.35246705147221,143.50618523456882
locee36b1c85d5b,Larralea,Gazetted Locality,VIC,-38.04781431481691,143.24383407529723
locbe10a546a891,Lascelles,Gazetted Locality,VIC,-35.56239081874386,142.60757914419975
loc18d1054ccbb7,Launching Place,Gazetted Locality,VIC,-37.780946424039044,145.57762670421386
loc8d30c44dcdcb,Lauriston,Gazetted Locality,VIC,-37.24941596279387,144.36329970729565
loc86fa7f9e8d97,Lavers Hill,Gazetted Locality,VIC,-38.667384089429575,143.3876621760009
loc098ac8eaabef,Laverton,Gazetted Locality,VIC,-37.856880023518265,144.76645733188784
locaf6f4327a65a,Laverton North,Gazetted Locality,VIC,-37.83331367416317,144.78769768140498
loc42accd81ddbb,Lawler,Gazetted Locality,VIC,-36.366478696947546,142.74531298357886
loc0e0b8685214f,Lawloit,Gazetted Locality,VIC,-36.45870922595326,141.45122468707336
loc731ad1733475,Lawrence,Gazetted Locality,VIC,-37.32567464979493,143.8957238048264
locfeeac820639c,Leaghur,Gazetted Locality,VIC,-35.984915346824266,143.807323793041
loc0d50c2dd088b,Learmonth,Gazetted Locality,VIC,-37.42024514556676,143.72385952461343
loca2fb9eae1da0,Ledcourt,Gazetted Locality,VIC,-36.987205704950085,142.56629029315215
loc244b2e5d1207,Leichardt,Gazetted Locality,VIC,-36.681425618441224,144.07046258759883
loc4b3031001da4,Leigh Creek,Gazetted Locality,VIC,-37.56043376260358,143.96250829769073
loc8a2c57a8fa9c,Leitchville,Gazetted Locality,VIC,-35.9165449459776,144.2920021230505
loc14534c1552c1,Lemnos,Gazetted Locality,VIC,-36.344619356993135,145.47497536835436
loc3253b162ad37,Leneva,Gazetted Locality,VIC,-36.20472848240436,146.85942879880838
loc13af1189d9ba,Leonards Hill,Gazetted Locality,VIC,-37.41295852023332,144.1384353687347
loc5900b8cc74c8,Leongatha,Gazetted Locality,VIC,-38.47213918386653,145.93744491679263
locf9fb01474d0a,Leongatha North,Gazetted Locality,VIC,-38.421691728688714,145.9720844222773
loc7bf3a4364d08,Leongatha South,Gazetted Locality,VIC,-38.54201692079655,145.85483306381718
loc5ba812288f5b,Leopold,Gazetted Locality,VIC,-38.196854722499864,144.46967416740551
loc3a3a789c9ea7,Lerderderg,Gazetted Locality,VIC,-37.51726002725161,144.4203520193365
loc1111a15918e6,Leslie Manor,Gazetted Locality,VIC,-38.10314073208206,143.38144831004047
locc4aada78d233,Lethbridge,Gazetted Locality,VIC,-37.95025806838156,144.0890667677599
loc2ab80fa3bdc8,Lexton,Gazetted Locality,VIC,-37.25517869438469,143.51647233274298
loc7555cfa30928,Licola,Gazetted Locality,VIC,-37.60294555843579,146.5695720344341
locf13848e11d5e,Licola North,Gazetted Locality,VIC,-37.52050194845539,146.52060058701977
loc45862f2c9521,Lillico,Gazetted Locality,VIC,-38.124709633420736,145.96489947938147
loc2bb4636b50e3,Lillicur,Gazetted Locality,VIC,-37.169615248080035,143.60171031489384
loc1b395324b50b,Lillimur,Gazetted Locality,VIC,-36.4501660915104,141.11380582641237
loc6709996ea1e2,Lilliput,Gazetted Locality,VIC,-36.12883205828052,146.45653538696098
loc1d8e4b29407f,Lilydale,Gazetted Locality,VIC,-37.762596826668954,145.37147758951477
locb2d171996ed8,Lima,Gazetted Locality,VIC,-36.74899447201431,145.94899119894072
loc521b11d16f9b,Lima East,Gazetted Locality,VIC,-36.81418380163254,145.96504814983854
loc3e15ddd9a4a1,Lima South,Gazetted Locality,VIC,-36.83499897023271,146.01266430748007
loca1d84432e284,Limestone,Gazetted Locality,VIC,-37.271331109095584,145.54916226926883
loc72e49a3e76da,Lindenow,Gazetted Locality,VIC,-37.79660422941617,147.46754879048336
loc5342c610f201,Lindenow South,Gazetted Locality,VIC,-37.86937819644835,147.40646749431784
loce8a744d64835,Lindsay,Gazetted Locality,VIC,-37.60005707437257,141.11922741717285
loc315d6d0ed532,Lindsay Point,Gazetted Locality,VIC,-34.09202474599539,141.01494870868765
locee66af3ae1ef,Linga,Gazetted Locality,VIC,-35.17322445234226,141.69519078035916
loc73d7543f474c,Linton,Gazetted Locality,VIC,-37.69362326148131,143.5620908477573
loc9a46b437fb47,Liparoo,Gazetted Locality,VIC,-34.81188093115178,142.57290596766484
loc13e8152545c4,Lismore,Gazetted Locality,VIC,-37.957746235187926,143.36155715757747
loc4d483c47c7d2,Litchfield,Gazetted Locality,VIC,-36.29530819686085,142.837433817339
locb8e29c5ea314,Little Desert,Gazetted Locality,VIC,-36.485495105759,141.74487712257314
loc8024257e183f,Little Hampton,Gazetted Locality,VIC,-37.35902221384737,144.29354984051167
locb778a527feda,Little River,Gazetted Locality,VIC,-37.93405504126518,144.46993057090248
locc2fcd28664fb,Llanelly,Gazetted Locality,VIC,-36.72804760114043,143.83335994217305
loc1d12a7b074fe,Llowalong,Gazetted Locality,VIC,-37.90523141612594,147.04138777711586
loc38acfa921aa5,Loch,Gazetted Locality,VIC,-38.377512269143324,145.6789949272283
locd0536722fffc,Loch Sport,Gazetted Locality,VIC,-38.04370751787954,147.59513448873798
loc1c93de52cb72,Loch Valley,Gazetted Locality,VIC,-37.80688685283187,146.0091148058716
loc8a1ff79e32d8,Lockington,Gazetted Locality,VIC,-36.26631182628301,144.49740109901938
locb74efcea775d,Locksley,Gazetted Locality,VIC,-36.841766840072246,145.3184122997293
loc13554647591e,Lockwood,Gazetted Locality,VIC,-36.81432887623431,144.16940520752433
loc3def6eff924a,Lockwood South,Gazetted Locality,VIC,-36.87823916347553,144.14412228359419
loc615372afaa2e,Loddon Vale,Gazetted Locality,VIC,-35.99857240161144,143.9538839353778
loc2717785b5f20,Logan,Gazetted Locality,VIC,-36.62595523398582,143.4965617768541
loc1febaa85c005,Londrigan,Gazetted Locality,VIC,-36.343937490544704,146.43722169700936
loc0f418377e392,Long Forest,Gazetted Locality,VIC,-37.65803807029555,144.50846623033755
loc51f77eba864c,Long Gully,Gazetted Locality,VIC,-36.74338111166474,144.2593066454345
locd3fbb32397b4,Longerenong,Gazetted Locality,VIC,-36.681305316926405,142.33976574995756
locb8d22c0e701d,Longford,Gazetted Locality,VIC,-38.23795552467266,147.15509973131202
loc48c6f7d1f300,Longlea,Gazetted Locality,VIC,-36.75937308587615,144.4255156071457
loceb41e8eec3ee,Longwarry,Gazetted Locality,VIC,-38.12397795228836,145.7660592197266
loc0a64ce1e836f,Longwarry North,Gazetted Locality,VIC,-38.078038732462645,145.77311475191217
loc7816a5f66ad7,Longwood,Gazetted Locality,VIC,-36.80644988959631,145.40485091986818
loc063ba48baa63,Longwood East,Gazetted Locality,VIC,-36.82986276843684,145.4457522311424
locc672a234fa5a,Lorne,Gazetted Locality,VIC,-38.5232168749672,143.9213435456451
loc45527aebf87a,Lorquon,Gazetted Locality,VIC,-36.14112067572906,141.76716712688068
loc668a2937fcd8,Lovely Banks,Gazetted Locality,VIC,-38.049902944806064,144.3283750990641
loc00ac0096ae70,Lower Moira,Gazetted Locality,VIC,-36.08887240401505,144.97552014357194
loc5762f656e2fb,Lower Norton,Gazetted Locality,VIC,-36.80334314455572,142.07363063881627
loc08f132cbeca5,Lower Plenty,Gazetted Locality,VIC,-37.73843638176825,145.12026410295005
locb59f0be3fd6d,Loy Yang,Gazetted Locality,VIC,-38.24961112945098,146.57930956090595
loc0d6d25712d7a,Lubeck,Gazetted Locality,VIC,-36.74756808315588,142.5501863486847
loc98325a7e67bf,Lucas,Gazetted Locality,VIC,-37.55258533914878,143.76945653829512
loc2509f7276f3e,Lucknow,Gazetted Locality,VIC,-37.80454320283745,147.6702661007165
loc5cf52be89241,Lucyvale,Gazetted Locality,VIC,-36.314128330550574,147.58421181121548
locc89198ff476b,Lurg,Gazetted Locality,VIC,-36.58057740263067,146.11892405543523
loc6a58ffb032fe,Lyal,Gazetted Locality,VIC,-36.9300003014732,144.45562712040882
loc2f79d3187e1a,Lynbrook,Gazetted Locality,VIC,-38.0540857284658,145.25553442032424
loc6849c4e53590,Lyndhurst,Gazetted Locality,VIC,-38.06414420774078,145.22699136927974
loc4306de88c798,Lyons,Gazetted Locality,VIC,-37.99998710883978,141.4769311172437
loc850319e1547f,Lyonville,Gazetted Locality,VIC,-37.39667850188153,144.26586580055746
loce94c02bf1598,Lysterfield,Gazetted Locality,VIC,-37.93604742017122,145.29855461035908
loc43b106f3f7f3,Lysterfield South,Gazetted Locality,VIC,-37.95321370921303,145.26694434803977
loc601486aa21c7,Macarthur,Gazetted Locality,VIC,-38.04205235735347,142.04354904836813
loce52eb72cc075,Macclesfield,Gazetted Locality,VIC,-37.88183985681788,145.48983097924184
loca29090f76301,Macedon,Gazetted Locality,VIC,-37.424277580137264,144.56409545271157
locad06a18d5552,Macks Creek,Gazetted Locality,VIC,-38.467051690998666,146.63903631675237
loce578d6ccca3a,Macleod,Gazetted Locality,VIC,-37.7207356229685,145.0686441265797
locbe604f170b81,Macorna,Gazetted Locality,VIC,-35.91656017560957,143.9933494817754
loc4e98b2249feb,Macorna North,Gazetted Locality,VIC,-35.84177183736009,144.07038032995638
loc3265758ba9b7,Macs Cove,Gazetted Locality,VIC,-37.20589530621628,146.1449138841231
loc7e95f17ca96c,Madalya,Gazetted Locality,VIC,-38.50805347611448,146.51007484113094
loccabf2d0215b8,Maddingley,Gazetted Locality,VIC,-37.70076583918302,144.42736563956794
loc2694fbd53193,Mafeking,Gazetted Locality,VIC,-37.3829376829503,142.57587340664654
loc596f5173f734,Maffra,Gazetted Locality,VIC,-37.96380035706308,147.0022485848759
loc6d28add3184b,Maffra West Upper,Gazetted Locality,VIC,-37.87249893553211,146.8203921934728
loc9f7af461be53,Magpie,Gazetted Locality,VIC,-37.63240494543663,143.84507452046608
loc30d885ad4b78,Maiden Gully,Gazetted Locality,VIC,-36.75584001192924,144.20755042490833
locf4512129a85e,Maidstone,Gazetted Locality,VIC,-37.78210231419308,144.87477988924672
loc4ae321c5bbb4,Mailors Flat,Gazetted Locality,VIC,-38.29009085942058,142.46723732057626
loc65134684daa4,Main Lead,Gazetted Locality,VIC,-37.38690307001931,143.37686646880616
loceb4ecf2e7464,Main Ridge,Gazetted Locality,VIC,-38.402089359374,144.96707421372193
loc0425405c5bfd,Maindample,Gazetted Locality,VIC,-37.03007764208519,145.9526772548506
loc1c0bff719940,Maintongoon,Gazetted Locality,VIC,-37.12639473601969,145.79026944156038
locfff116ec9abd,Major Plains,Gazetted Locality,VIC,-36.36667846543237,145.77956725926143
loc6150c4d5cb3d,Majorca,Gazetted Locality,VIC,-37.12820795417079,143.82346316578185
loc736a986172a0,Maldon,Gazetted Locality,VIC,-36.997141395682526,144.06218105641628
locbd605b309fd5,Mallacoota,Gazetted Locality,VIC,-37.52423931293886,149.80906725646952
locbd2a32bdc216,Malmsbury,Gazetted Locality,VIC,-37.18478898605869,144.3916285629323
loc76dea039b41f,Malvern,Gazetted Locality,VIC,-37.85841432457775,145.03477044672215
loc2d817b7080e2,Malvern East,Gazetted Locality,VIC,-37.87788207757686,145.0692291477407
locffa1c8993b70,Mambourin,Gazetted Locality,VIC,-37.90007893510177,144.55200337670522
loc8545a7496e22,Manangatang,Gazetted Locality,VIC,-35.044876174918144,142.90059351971541
loce991f1dc2338,Mandurang,Gazetted Locality,VIC,-36.826045450780356,144.29463629190826
loc9da3ee8a8561,Mandurang South,Gazetted Locality,VIC,-36.86893604117819,144.27692864149935
loc2516ae8c529a,Mangalore,Gazetted Locality,VIC,-36.924609762661326,145.17090425731072
loc346283553b3d,Manifold Heights,Gazetted Locality,VIC,-38.137442428195484,144.33374592420898
loc44075823cebd,Mannerim,Gazetted Locality,VIC,-38.220897784553,144.60821883933846
loc2421194a9d31,Mannibadar,Gazetted Locality,VIC,-37.774174057522785,143.51101402061468
loc0fecb09c7cc1,Manns Beach,Gazetted Locality,VIC,-38.66249755195489,146.80109700219253
loc875f8bb64843,Manor Lakes,Gazetted Locality,VIC,-37.86616148901892,144.58045616200036
loc001969119bde,Manorina,Gazetted Locality,VIC,-37.69157378371969,148.7996067922746
loc515028b0f98a,Mansfield,Gazetted Locality,VIC,-37.04964289308371,146.11235080861047
loc739ac5a51669,Maramingo Creek,Gazetted Locality,VIC,-37.39496040608253,149.61564405501505
locb110c53383ed,Marcus Hill,Gazetted Locality,VIC,-38.24109210575779,144.57094102903
loc5112c2912b18,Mardan,Gazetted Locality,VIC,-38.47023285733904,146.13393902698073
loccf6da4b0b37b,Marengo,Gazetted Locality,VIC,-38.77954176355321,143.65538500461835
locebf4f333240b,Maribyrnong,Gazetted Locality,VIC,-37.772324130986064,144.88445888469414
loc71e9299ac5ba,Marionvale,Gazetted Locality,VIC,-36.26648718881009,145.52729297103343
loc2a07d1186bc2,Markwood,Gazetted Locality,VIC,-36.47168029212542,146.51019227444962
loc9a291b1b9850,Marlbed,Gazetted Locality,VIC,-35.82215153038427,142.86114824911354
loc20a16539cdfe,Marlo,Gazetted Locality,VIC,-37.76366770041358,148.7318806954301
loc50b5f8b89961,Marnoo,Gazetted Locality,VIC,-36.69279620212744,142.89846093796962
loc0a8f3937bda4,Marnoo East,Gazetted Locality,VIC,-36.652455068192154,142.95937003477422
loc9af58092fabc,Marnoo West,Gazetted Locality,VIC,-36.701345689186866,142.78169093371173
locb48ce003b11e,Marong,Gazetted Locality,VIC,-36.75104288713345,144.13690161644615
loc16c5e3c25371,Maroona,Gazetted Locality,VIC,-37.422443225221755,142.8464457331757
loca252450c70db,Marraweeney,Gazetted Locality,VIC,-36.767852154859526,145.7332286302198
loc22deaf46b773,Marshall,Gazetted Locality,VIC,-38.196032902356066,144.35691474231055
loc088fedc00c0b,Marthavale,Gazetted Locality,VIC,-37.447857583967675,147.50948450889592
loc67685ffae50c,Marungi,Gazetted Locality,VIC,-36.20186079476605,145.51793531161252
loc320247db6936,Maryborough,Gazetted Locality,VIC,-37.05018274938459,143.7301869985775
locf2732d0be571,Maryknoll,Gazetted Locality,VIC,-38.03436643622098,145.6019920425192
loc031103f26b51,Marysville,Gazetted Locality,VIC,-37.5241018197743,145.81888486551765
locb219cc0746f5,Maryvale,Gazetted Locality,VIC,-38.18319871023691,146.4313181737032
loc724dd05310af,Massey,Gazetted Locality,VIC,-36.222257682407616,142.85986767849113
loce5f9b4a90ace,Matlock,Gazetted Locality,VIC,-37.591211139229664,146.2481354039507
loc61dc37733759,Maude,Gazetted Locality,VIC,-37.94488840597287,144.19696054278157
loc819aeb5db205,McCrae,Gazetted Locality,VIC,-38.354541294197716,144.93316396305266
loc8d4d6f625c1d,McIntyre,Gazetted Locality,VIC,-36.68901154596701,143.67812271475003
locde356ed90726,McKenzie Creek,Gazetted Locality,VIC,-36.802843654548056,142.16608372686403
locd89df6319efd,McKenzie Hill,Gazetted Locality,VIC,-37.06928532707971,144.18396345510263
loc8415ce7f7160,McKinnon,Gazetted Locality,VIC,-37.910562082241,145.0390627695321
loc51df588ea2b8,McLoughlins Beach,Gazetted Locality,VIC,-38.605333391139325,146.9022087304287
locadc2f8530e7a,McMahons Creek,Gazetted Locality,VIC,-37.69594900446309,145.83764397743192
loc056f69293d66,McMillans,Gazetted Locality,VIC,-35.847588936269695,144.15730338895952
loc90db0ae417fb,Mead,Gazetted Locality,VIC,-35.80191480370725,144.12272264014905
loc43bb57380698,Meadow Creek,Gazetted Locality,VIC,-36.60167098633073,146.45638606744245
locc67851215f08,Meadow Heights,Gazetted Locality,VIC,-37.65123373491022,144.91941111082554
loc6dfe4c7d1b71,Meatian,Gazetted Locality,VIC,-35.56530083760612,143.36271115386876
loc13ba6cf011be,Meeniyan,Gazetted Locality,VIC,-38.580401691111646,146.00994870092043
locc5a0ddeabe4a,Meering West,Gazetted Locality,VIC,-35.88266126118961,143.70251709501764
loce1bc0c71620f,Meerlieu,Gazetted Locality,VIC,-38.01490158732901,147.4048130568064
loc9901d119afda,Melbourne,Gazetted Locality,VIC,-37.82747980464285,144.97988331344015
loc1556821a864f,Melbourne Airport,Gazetted Locality,VIC,-37.675738145691085,144.8350740827422
loc556974a8bc81,Melton,Gazetted Locality,VIC,-37.675452228579076,144.62348985921886
locb3584a0e11e8,Melton South,Gazetted Locality,VIC,-37.70541895337406,144.5717525294903
loc6f542385dd44,Melton West,Gazetted Locality,VIC,-37.67850342620349,144.54096406043135
locf9e0319ae87a,Melville Forest,Gazetted Locality,VIC,-37.48552531845618,141.8673514586864
loc0bc77e8370b3,Melwood,Gazetted Locality,VIC,-37.73985478168386,147.50535612773487
loc7d3736ec1352,Mena Park,Gazetted Locality,VIC,-37.53676320659204,143.479928620392
locdd716f1059c5,Mentone,Gazetted Locality,VIC,-37.98423310391536,145.06157982121923
loc23852a0ecbdb,Menzies Creek,Gazetted Locality,VIC,-37.92067027364177,145.4060363136771
locfdef16d8d1f6,Mepunga,Gazetted Locality,VIC,-38.45686053562215,142.6742543076437
loc751f8d251375,Mepunga East,Gazetted Locality,VIC,-38.44416791628744,142.71327313042707
loca48fd37ca6c8,Mepunga West,Gazetted Locality,VIC,-38.44030335339575,142.64632429198832
loc63a05a113f90,Merbein,Gazetted Locality,VIC,-34.16088880224861,142.04834133049457
loc0f38b5d63616,Merbein South,Gazetted Locality,VIC,-34.23293144302085,142.01402059185347
loc016f1437298f,Merbein West,Gazetted Locality,VIC,-34.16667180782791,142.00728920588656
loc4459957ed7ff,Meredith,Gazetted Locality,VIC,-37.86714205419433,144.03350005613927
loc2b914c17d68a,Meringur,Gazetted Locality,VIC,-34.4163051226179,141.29533945917032
locf0df8e0484a4,Merino,Gazetted Locality,VIC,-37.73322306396324,141.53061243288317
loceb44a3a54ace,Mernda,Gazetted Locality,VIC,-37.5922126855302,145.08551847470346
loca90ee208d326,Merriang,Gazetted Locality,VIC,-36.56433913722512,146.68636017984184
loc7821545884b8,Merriang South,Gazetted Locality,VIC,-36.59504449365488,146.6678926134004
loc819952384c85,Merricks,Gazetted Locality,VIC,-38.39422662766445,145.08213525874584
loc8cce38e90dec,Merricks Beach,Gazetted Locality,VIC,-38.39292996587645,145.10739534324216
loca868732226b1,Merricks North,Gazetted Locality,VIC,-38.34133459576044,145.07188948030256
loc1d422408d336,Merrigum,Gazetted Locality,VIC,-36.36509478857833,145.15417455091574
loca6c74c103aed,Merrijig,Gazetted Locality,VIC,-37.658195038301315,147.43163032353428
locfdb55e6f8522,Merrijig,Gazetted Locality,VIC,-37.07770890634419,146.2801154844683
loc7dfeba59b581,Merrimu,Gazetted Locality,VIC,-37.65752732142579,144.47467383166918
loc86d9a613f84b,Merrinee,Gazetted Locality,VIC,-34.390174486358546,141.8470650942518
loce4c4c5a172b5,Merton,Gazetted Locality,VIC,-36.98342793487264,145.7083681982458
loc04eca875d636,Metcalfe,Gazetted Locality,VIC,-37.09399927474853,144.43712744176023
loce72dc0a5e538,Metcalfe East,Gazetted Locality,VIC,-37.14589045566536,144.45733238119408
locc3c94a052142,Metung,Gazetted Locality,VIC,-37.865850272917086,147.80889049723407
loc62382d5f8851,Mia Mia,Gazetted Locality,VIC,-36.98484040439803,144.61060863252737
loc1b271c01e3dc,Mickleham,Gazetted Locality,VIC,-37.54633081928117,144.898961809321
loc781d3f9a18c9,Middle Creek,Gazetted Locality,VIC,-37.39777541886668,143.2464612051843
loc7ea958f6824d,Middle Park,Gazetted Locality,VIC,-37.85060619988252,144.96076391460488
locb9c40fb9488d,Middle Tarwin,Gazetted Locality,VIC,-38.67296192969623,145.9228536544015
loc6597d444ca5c,Miepoll,Gazetted Locality,VIC,-36.61775345336086,145.47260372024925
loc271979e7c873,Miga Lake,Gazetted Locality,VIC,-36.85286240605953,141.63966379640698
loc59c95f4b0c1d,Milawa,Gazetted Locality,VIC,-36.4618169492243,146.440178561398
locb71d10cf3b7c,Mildura,Gazetted Locality,VIC,-34.210950472300325,142.13543202136958
loc49fb687cbcb9,Mill Park,Gazetted Locality,VIC,-37.6641609104033,145.06273733626688
locece4b7c3d4bb,Millbrook,Gazetted Locality,VIC,-37.61172738680503,144.04411414675008
loc6507f3478740,Millgrove,Gazetted Locality,VIC,-37.745118830189654,145.65069555018067
loc668bbb760814,Milloo,Gazetted Locality,VIC,-36.3635338191794,144.3691911798811
loccf44d5141215,Milltown,Gazetted Locality,VIC,-38.05316066697811,141.69523051085883
locaaea854ed703,Milnes Bridge,Gazetted Locality,VIC,-35.78739807520578,144.08768614030407
loc7e346daea33a,Mincha,Gazetted Locality,VIC,-35.998320240014586,144.05276411750881
loc73be2879ab2d,Mincha West,Gazetted Locality,VIC,-35.91243966862149,144.13317187762223
loceeb479c05f38,Miners Rest,Gazetted Locality,VIC,-37.48599786358176,143.79738109397525
loc0e3c71fddfcf,Mingay,Gazetted Locality,VIC,-37.85256157603339,143.32736173788157
locbf43a2560543,Minhamite,Gazetted Locality,VIC,-37.98803373336963,142.34650808838325
loc74fcc5fb7cf4,Minimay,Gazetted Locality,VIC,-36.71042407863409,141.21835908279374
loc8dcf0a7eeed7,Mininera,Gazetted Locality,VIC,-37.603842337825824,142.96009289300758
locc028d9dc2517,Minjah,Gazetted Locality,VIC,-38.04158389266236,142.47736263948914
loc56e10dd2bfe8,Minmindie,Gazetted Locality,VIC,-36.022060111898426,143.755237436884
loc0c53e18ad756,Minyip,Gazetted Locality,VIC,-36.45592790369791,142.65600900248785
loc3dcfbccecd1c,Miowera,Gazetted Locality,VIC,-37.47741932769568,147.0859905797053
loc0fb8f6d42c91,Miralie,Gazetted Locality,VIC,-35.12233771372243,143.32155500993565
loce69fe79f1fe4,Miram,Gazetted Locality,VIC,-36.37065559026601,141.38241292059416
loc8fe34cac4e95,Mirboo,Gazetted Locality,VIC,-38.48254132404452,146.2358967366887
locd48f9059520d,Mirboo North,Gazetted Locality,VIC,-38.394682752859424,146.15550802235032
loca8d2b4d0b1b2,Mirimbah,Gazetted Locality,VIC,-37.11501713736821,146.39913153766508
loc642c3a9a1e52,Mirranatwa,Gazetted Locality,VIC,-37.39994456275241,142.40117752089282
loc37f7d645fb7e,Mitcham,Gazetted Locality,VIC,-37.8160907766982,145.1996395659881
loc73baa9f9a486,Mitchell Park,Gazetted Locality,VIC,-37.50920459882711,143.77725602223558
loc96a2cf1f703c,Mitchellstown,Gazetted Locality,VIC,-36.842323849661774,145.03516066673927
locc4f5be22debf,Mitiamo,Gazetted Locality,VIC,-36.21463796747656,144.23583208137154
loc21a2beae08ea,Mitre,Gazetted Locality,VIC,-36.712431932957855,141.78900194534862
loc68daedd0258b,Mitta Mitta,Gazetted Locality,VIC,-36.61420547840291,147.32936975726952
loc0bccc4fd3df4,Mittyack,Gazetted Locality,VIC,-35.15124504839595,142.6211322226951
locdfe3643db12c,Mockinya,Gazetted Locality,VIC,-36.96005617779993,142.17677811958902
loc7847de196bbe,Modella,Gazetted Locality,VIC,-38.17664815664973,145.722823770165
loc928fc8ce46d0,Modewarre,Gazetted Locality,VIC,-38.26813830387796,144.12194162402298
loc92ee61d26f06,Moe,Gazetted Locality,VIC,-38.17502651611959,146.247184642266
loc3abd53f95fcf,Moe South,Gazetted Locality,VIC,-38.21323213526048,146.2474539662917
loca4adaeb4a273,Moggs Creek,Gazetted Locality,VIC,-38.45550510529134,144.06602273465623
loc8a8629abf63d,Moglonemby,Gazetted Locality,VIC,-36.649767921849005,145.54248374134295
loc46aa967a8acf,Mokepilly,Gazetted Locality,VIC,-37.08936550971167,142.64227758815468
loc67baa62e1bf3,Molesworth,Gazetted Locality,VIC,-37.162553896662786,145.52004615052144
locec24ebd1e731,Moliagul,Gazetted Locality,VIC,-36.74841324571267,143.67109341517963
loc070655c28fae,Molka,Gazetted Locality,VIC,-36.67983232176245,145.40362037688453
loc1526cd18d5c4,Mollongghip,Gazetted Locality,VIC,-37.467591464573864,144.04202648733963
loc35493747f875,Mologa,Gazetted Locality,VIC,-36.163160461699235,144.13257856655105
loc143aeb12a0a3,Molyullah,Gazetted Locality,VIC,-36.68233665996357,146.15980801871922
loc412769a73057,Monbulk,Gazetted Locality,VIC,-37.87502351311582,145.42602073236276
loc273baad8537b,Monegeetta,Gazetted Locality,VIC,-37.393453183941716,144.78514346368686
loc89a9a2ecd1f9,Mongans Bridge,Gazetted Locality,VIC,-36.58962371731106,147.13023531541694
locbce4e24f8e99,Monomak,Gazetted Locality,VIC,-37.76294547207718,146.83342320210096
loc721c9dae6ea1,Monomeith,Gazetted Locality,VIC,-38.212588788827354,145.53213592916154
locaaacb1131c06,Mont Albert,Gazetted Locality,VIC,-37.818800599375535,145.107819291612
loca1efec8fa041,Mont Albert North,Gazetted Locality,VIC,-37.80268424754725,145.11102449643963
loc5140c52c34d1,Montgomery,Gazetted Locality,VIC,-38.03959065022822,147.06081655578396
locff6258c8ea42,Montmorency,Gazetted Locality,VIC,-37.7202865464789,145.12380002923666
locf9242b623b72,Montrose,Gazetted Locality,VIC,-37.817346807225825,145.34086271783082
loc484201bfd782,Moolap,Gazetted Locality,VIC,-38.17175662845947,144.42840529438092
loc8f0bb15413da,Moolerr,Gazetted Locality,VIC,-36.647320736378376,143.16909975690288
loc48b621858af4,Moolort,Gazetted Locality,VIC,-37.06304676346217,143.9151653870188
loc451a15f81fa0,Moonambel,Gazetted Locality,VIC,-36.9845302521843,143.30411756849387
loc11cb4589b891,Moondarra,Gazetted Locality,VIC,-38.04768196279994,146.35437819152762
loc4a7c5154c298,Moonee Ponds,Gazetted Locality,VIC,-37.765311842156876,144.91987130693497
locd5b7a344284f,Moonlight Flat,Gazetted Locality,VIC,-37.04557737173664,143.6519666459188
loce75783397f38,Moonlight Flat,Gazetted Locality,VIC,-37.060172564957085,144.24869580857649
locabadb21c11e8,Moora,Gazetted Locality,VIC,-36.60739287275589,144.94605489493222
locea2e2e01b99c,Moorabbin,Gazetted Locality,VIC,-37.94163678479209,145.05819338257828
locace3209a1388,Moorabbin Airport,Gazetted Locality,VIC,-37.977971393393645,145.10103228345287
loc7a777bd4db48,Moorabool,Gazetted Locality,VIC,-38.04219478183045,144.28438598011292
locf7bbd3c849d6,Mooralla,Gazetted Locality,VIC,-37.38566665778527,142.1084465701319
loc9148db2e2df5,Moorilim,Gazetted Locality,VIC,-36.62188487443831,145.297067632336
loca537fcb250e1,Moormbool West,Gazetted Locality,VIC,-36.81445742331877,144.85653452022768
loc3145302689c3,Moornapa,Gazetted Locality,VIC,-37.69635360095572,147.1515479275485
loc6e00aed8d598,Moorngag,Gazetted Locality,VIC,-36.73643289757625,146.0547944636714
loc3453b73ac5e6,Moorooduc,Gazetted Locality,VIC,-38.24551923358446,145.11615718310702
loc21df90314583,Mooroolbark,Gazetted Locality,VIC,-37.78057426738826,145.32486127611085
loc097cc7707d4c,Mooroopna,Gazetted Locality,VIC,-36.39864204070335,145.3402241903463
loc1a5355e79b24,Mooroopna North,Gazetted Locality,VIC,-36.32838849350449,145.31770123550962
loc19268b5175fd,Mooroopna North West,Gazetted Locality,VIC,-36.35040182404474,145.25006921159053
loc1b7030deca31,Moranding,Gazetted Locality,VIC,-37.233015995758954,144.94680861597044
loc3b64e6146ff8,Mordialloc,Gazetted Locality,VIC,-37.99834032468692,145.0986937667103
loc36db6ee2d758,Morgiana,Gazetted Locality,VIC,-37.7302398795086,141.8319191637966
locf7e38adae4ca,Moriac,Gazetted Locality,VIC,-38.24457790595206,144.1748307819435
loca2dba6250aa2,Mornington,Gazetted Locality,VIC,-38.22769720574004,145.06091926168102
loc239e61333951,Moroka,Gazetted Locality,VIC,-37.49333838645852,146.95173162745579
locb4296fff6c97,Morrisons,Gazetted Locality,VIC,-37.761565857561365,144.11808085596354
loc65e6e94c0b39,Morrl Morrl,Gazetted Locality,VIC,-36.86595484520495,142.89029851914415
loc12b680495b52,Mortlake,Gazetted Locality,VIC,-38.058369425708754,142.79268253488334
loc1dc491ed4627,Morton Plains,Gazetted Locality,VIC,-36.073589664750585,142.90747491302028
loc11fb0b5df130,Morwell,Gazetted Locality,VIC,-38.231760611128905,146.4091947254459
loc2aca750bbc05,Mossiface,Gazetted Locality,VIC,-37.745076087662696,147.82253692523557
loc09f816562974,Mount Alfred,Gazetted Locality,VIC,-35.998022337555554,147.63148453316703
loc6b1692d65d02,Mount Beauty,Gazetted Locality,VIC,-36.748806991297386,147.22879591234187
loc17d802a342a3,Mount Beckworth,Gazetted Locality,VIC,-37.30420536120667,143.70011385800166
locba11a5f622aa,Mount Best,Gazetted Locality,VIC,-38.58690809308883,146.29778946163526
loc66171e3a2f46,Mount Bolton,Gazetted Locality,VIC,-37.35932599318915,143.68455250768542
loc57796ca45e3b,Mount Bruno,Gazetted Locality,VIC,-36.321294384940416,146.15198602955792
loc10ae825c3060,Mount Buffalo,Gazetted Locality,VIC,-36.7278628882774,146.768549317966
loc8688ba223de1,Mount Buller,Gazetted Locality,VIC,-37.269448454337166,146.4008749695895
loc67e1f09b5998,Mount Burnett,Gazetted Locality,VIC,-37.975711755972775,145.51094213281414
loc21a83cc5abb2,Mount Bute,Gazetted Locality,VIC,-37.876413679723896,143.40961115405537
loc12cc6354a4ba,Mount Camel,Gazetted Locality,VIC,-36.80698802030011,144.7517582340535
locf85d434f31ea,Mount Cameron,Gazetted Locality,VIC,-37.20440913949585,143.81378270495452
locac09c3fe5989,Mount Clear,Gazetted Locality,VIC,-37.60358850300183,143.87281112633443
locdb10dee6ec51,Mount Cole,Gazetted Locality,VIC,-37.248611017798865,143.21048841634897
loc6667ffca340d,Mount Cole Creek,Gazetted Locality,VIC,-37.22014471220828,143.122226736247
loce8f39e233734,Mount Cottrell,Gazetted Locality,VIC,-37.79504230067512,144.62218674465032
loc47aeaa274eb5,Mount Dandenong,Gazetted Locality,VIC,-37.836695995418864,145.35134227956456
loce382ecdf9f25,Mount Doran,Gazetted Locality,VIC,-37.7222667086925,144.04270066901546
loc20f7f0dfe98d,Mount Dryden,Gazetted Locality,VIC,-37.05315109111797,142.53231036072276
loc90b2f4dd8c2d,Mount Duneed,Gazetted Locality,VIC,-38.24950882601753,144.32307766606576
loc82a9bb2267b9,Mount Eccles,Gazetted Locality,VIC,-38.377466978080946,145.9734387486274
loce2b32dd6585d,Mount Eccles South,Gazetted Locality,VIC,-38.413046292682935,145.99440741018032
loc6919f8eb40ca,Mount Egerton,Gazetted Locality,VIC,-37.65475237408437,144.12466804875294
locbd8a22a20dd3,Mount Eliza,Gazetted Locality,VIC,-38.193808308354875,145.09525331308996
locbdc2413fdadb,Mount Emu,Gazetted Locality,VIC,-37.60006472385606,143.39314299422858
loc20a81a4bf246,Mount Evelyn,Gazetted Locality,VIC,-37.78697770163764,145.3854244740474
loc641679e026bf,Mount Franklin,Gazetted Locality,VIC,-37.260065791356865,144.15601764678462
loc0b0bb8b9e3a9,Mount Glasgow,Gazetted Locality,VIC,-37.20242774298505,143.76281337108963
loc4b96f3425221,Mount Helen,Gazetted Locality,VIC,-37.626948900687836,143.8872446366338
locb421e30a8bfa,Mount Hooghly,Gazetted Locality,VIC,-36.908598258509755,143.66283504034044
loc7818c321f0a2,Mount Lonarch,Gazetted Locality,VIC,-37.26502497047593,143.38669734860312
loc0749ce7d63b9,Mount Macedon,Gazetted Locality,VIC,-37.39024839059522,144.59074736231543
loca57aade00ad0,Mount Major,Gazetted Locality,VIC,-36.36800579961914,145.69891010186547
loc5100fc96abff,Mount Martha,Gazetted Locality,VIC,-38.27372682582774,145.03228435070199
locdc708fb671c8,Mount Mercer,Gazetted Locality,VIC,-37.837278381136876,143.86736292925127
locc5ddbf838716,Mount Moriac,Gazetted Locality,VIC,-38.210013448401895,144.19031687557396
loce2f273fa18a4,Mount Napier,Gazetted Locality,VIC,-37.894922859794455,142.05957017027524
loc7b0a16b98291,Mount Pleasant,Gazetted Locality,VIC,-37.58173215588794,143.85506778390157
locb18d065d789f,Mount Prospect,Gazetted Locality,VIC,-37.39946512979448,144.049670692682
loc78402e9d3312,Mount Richmond,Gazetted Locality,VIC,-38.154640299353105,141.32070441959178
loc6c88c792a41f,Mount Rowan,Gazetted Locality,VIC,-37.499775643647126,143.84136227909661
loc2b3470e91a66,Mount Sabine,Gazetted Locality,VIC,-38.633774482423824,143.75072198217094
loc622aa352a0ea,Mount Tassie,Gazetted Locality,VIC,-38.38760233225134,146.56121305713876
loc6863f42316e9,Mount Taylor,Gazetted Locality,VIC,-37.726414920410946,147.58327294063474
loc385f89c30443,Mount Toolebewong,Gazetted Locality,VIC,-37.71921694365679,145.56174915825736
locc08fbad87ac1,Mount Wallace,Gazetted Locality,VIC,-37.73433986976586,144.2176175038866
loca1b6ce72e35a,Mount Waverley,Gazetted Locality,VIC,-37.8783922826727,145.12850104918897
locdb88099306fd,Mountain Bay,Gazetted Locality,VIC,-37.19805228112973,146.10397436979827
loce5ef1817bdb4,Mountain View,Gazetted Locality,VIC,-38.3029210155709,145.86423708544888
loc1b69c6f5e49d,Moutajup,Gazetted Locality,VIC,-37.6844386112127,142.2298059079555
loc0eae3ae50b43,Moyarra,Gazetted Locality,VIC,-38.48447108546131,145.72414647497675
loc1fce6a16d83b,Moyhu,Gazetted Locality,VIC,-36.599307944457294,146.38538010738807
loc4866ea8efb83,Moyreisk,Gazetted Locality,VIC,-36.87923523225447,143.38063420890114
loc53e185e59db9,Moyston,Gazetted Locality,VIC,-37.27611524784852,142.7487554991785
loc4afcb677f0c5,Muckatah,Gazetted Locality,VIC,-36.003582693187425,145.65100784380758
loc77f8249bd999,Muckleford,Gazetted Locality,VIC,-37.054213768932854,144.147925533251
locd8e04a274ec5,Muckleford South,Gazetted Locality,VIC,-37.10606005655518,144.12728853539863
loc07952153427c,Mudgegonga,Gazetted Locality,VIC,-36.48967043572499,146.85656569668555
loc264c2d9ba83e,Mulgrave,Gazetted Locality,VIC,-37.92145329394475,145.16539947511055
loc3c67a8f497df,Mumbannar,Gazetted Locality,VIC,-37.935083564305685,141.09538825820317
loc931b7598e7e2,Mundoona,Gazetted Locality,VIC,-36.14913372840772,145.34731938774613
loc0700020615f8,Munro,Gazetted Locality,VIC,-37.898511642395434,147.21268736729144
locc070cbdd4009,Muntham,Gazetted Locality,VIC,-37.57405961821038,141.5423294719742
locf49966c16a3a,Murchison,Gazetted Locality,VIC,-36.62596782686194,145.18122706894525
loc4a8ff60ef2c5,Murchison East,Gazetted Locality,VIC,-36.61451132680954,145.24616759369636
loc807e1356408d,Murchison North,Gazetted Locality,VIC,-36.57011565009762,145.27056577452237
loc46fd1f96ae97,Murgheboluc,Gazetted Locality,VIC,-38.10019533511277,144.1398307753885
loce1ec0ae31b41,Murmungee,Gazetted Locality,VIC,-36.44896956509294,146.68957825740063
loca0d2fd235790,Murnungin,Gazetted Locality,VIC,-35.61418679181615,143.23868864954176
loc0f76750dc533,Murphys Creek,Gazetted Locality,VIC,-36.73070385607406,143.7547650197492
loc19304f4ef49b,Murra Warra,Gazetted Locality,VIC,-36.436399211343854,142.24662652884024
locdb1dd350133c,Murrabit,Gazetted Locality,VIC,-35.53706927631552,143.93791638690914
loc6bed9247c705,Murrabit West,Gazetted Locality,VIC,-35.50946174938818,143.88084167771748
loc848b39f37561,Murrawee,Gazetted Locality,VIC,-35.30139775786101,143.51405402129365
loc594fb4b80ff0,Murray-Sunset,Gazetted Locality,VIC,-34.56445881483431,141.51683641620033
loc3f8811476d10,Murraydale,Gazetted Locality,VIC,-35.281713311439866,143.56634235766992
loc61830aa53526,Murrayville,Gazetted Locality,VIC,-35.203944752559146,141.2134305026171
loc910740c34dce,Murrindal,Gazetted Locality,VIC,-37.415783134369526,148.2082736748573
loc4b148317d40a,Murrindindi,Gazetted Locality,VIC,-37.36935472660198,145.58216809739588
locac5cb81034c9,Murroon,Gazetted Locality,VIC,-38.427062855300875,143.79733049577513
locc1978682d520,Murrumbeena,Gazetted Locality,VIC,-37.89629277288153,145.0706037647205
locffb43e78ab10,Murtoa,Gazetted Locality,VIC,-36.59675040250969,142.47624129788744
loc2c85a400ed5d,Musk,Gazetted Locality,VIC,-37.36825232463558,144.19655957937297
loc9343bad93a62,Musk Vale,Gazetted Locality,VIC,-37.380454797213275,144.1602419589239
loc859a6c279324,Muskerry,Gazetted Locality,VIC,-36.67409114609414,144.5884893592414
loc33c27dc4a690,Myall,Gazetted Locality,VIC,-35.60522135401994,144.00801000766216
loc9cfb54848359,Myall,Gazetted Locality,VIC,-35.550758240377306,142.75787501134786
loc1fbf6e158c1d,Myamyn,Gazetted Locality,VIC,-38.00638295965531,141.71815222067698
locc0409070f61c,Myers Flat,Gazetted Locality,VIC,-36.700505988479456,144.17802421377
loc794c9d4076ca,Myola,Gazetted Locality,VIC,-36.62500094677,144.60814839288952
locdba41002c9b3,Myrniong,Gazetted Locality,VIC,-37.58596232913814,144.30470343510592
loc52b029f9def6,Myrrhee,Gazetted Locality,VIC,-36.74363892041269,146.3047863814178
loc655c73bd5f86,Myrtle Creek,Gazetted Locality,VIC,-36.93617301357483,144.40321524551865
locaec34a061bc8,Myrtlebank,Gazetted Locality,VIC,-38.06265350700882,147.02216356252603
loc792e32a4d27f,Myrtleford,Gazetted Locality,VIC,-36.5776164597244,146.74808046798455
loca65463a011df,Mysia,Gazetted Locality,VIC,-36.229863727996715,143.75089050613627
loc8a2760a591d1,Mystic Park,Gazetted Locality,VIC,-35.56856776759997,143.7314370757807
loc04270baae142,Mywee,Gazetted Locality,VIC,-35.83858944274071,145.50901875976461
loce01ddbd8c8e5,Nagambie,Gazetted Locality,VIC,-36.79157534605197,145.21396127486085
loc2960b00420d0,Nalangil,Gazetted Locality,VIC,-38.326844233228215,143.45653337475534
loc638f59e94b45,Nalinga,Gazetted Locality,VIC,-36.42710239583337,145.72428618180658
loc1441d5ceb1c4,Nambrok,Gazetted Locality,VIC,-38.087133954759125,146.84671552520473
loc711ed3a9ae83,Nandaly,Gazetted Locality,VIC,-35.31304969765862,142.67819368051477
loc57cbba4e4aec,Nangana,Gazetted Locality,VIC,-37.873899642062696,145.53701486071876
loc2af26341dd7f,Nangeela,Gazetted Locality,VIC,-37.480564768294485,141.33109654196315
loc9247fa9f924e,Nangiloc,Gazetted Locality,VIC,-34.48064851001524,142.30622297010396
loc5fa6edb6830d,Nanneella,Gazetted Locality,VIC,-36.33540032670059,144.79567456474285
locb1ef33febbf2,Nap Nap Marra,Gazetted Locality,VIC,-37.598484147228845,146.84045566773597
locf28996abee51,Napoleons,Gazetted Locality,VIC,-37.69014676845117,143.80526448329425
loc15a8d395ef61,Nar Nar Goon,Gazetted Locality,VIC,-38.113978368467905,145.57539064028344
loc7b6dac86f8e1,Nar Nar Goon North,Gazetted Locality,VIC,-38.02930295395049,145.56367131891537
locfb551bfd6ef1,Narbethong,Gazetted Locality,VIC,-37.54244506703445,145.63873037908706
loca3dd89243c29,Nareeb,Gazetted Locality,VIC,-37.83475872522393,142.54178332452028
locbdaf4c33ca5b,Nareen,Gazetted Locality,VIC,-37.38376052277701,141.5344538659655
locaa8eb335e97e,Nareewillock,Gazetted Locality,VIC,-36.160425784594096,143.43789758543795
loc3fa47a1bc89a,Nariel Valley,Gazetted Locality,VIC,-36.49998696817576,147.86739409875244
locf4dc0f322f45,Naring,Gazetted Locality,VIC,-36.062164351335035,145.5816814574979
loc9e9e1f3695b4,Naringal,Gazetted Locality,VIC,-38.39279463668071,142.72472591718525
loc9f23c28ca9b9,Naringal East,Gazetted Locality,VIC,-38.4084846362151,142.7894890586601
locaa7338e2d91f,Naroghid,Gazetted Locality,VIC,-38.24859517546742,143.064686596484
loc2d9a119e71d0,Narracan,Gazetted Locality,VIC,-38.271609246433044,146.23110099730985
loc0051ff524c27,Narraport,Gazetted Locality,VIC,-36.02423721407535,143.06810160896123
loc7affd5878e4f,Narrapumelap South,Gazetted Locality,VIC,-37.756778101996915,142.64300977043033
locf9fd7c82a5e8,Narrawong,Gazetted Locality,VIC,-38.23716290904484,141.71507077224672
loc5f0c59159354,Narre Warren,Gazetted Locality,VIC,-38.020489485423326,145.30044287652728
loc4e07cec4cde4,Narre Warren East,Gazetted Locality,VIC,-37.962255143098986,145.35820387964807
loc3f54d4127b06,Narre Warren North,Gazetted Locality,VIC,-37.98456165056907,145.3152102326187
loc6280f9052ec0,Narre Warren South,Gazetted Locality,VIC,-38.04975082319722,145.30086700543058
loc71d513d12958,Narrung,Gazetted Locality,VIC,-34.777013717366316,143.2187648911921
loc00a571effff1,Nathalia,Gazetted Locality,VIC,-36.06069134256403,145.1878369495389
loc0115c25c528c,Natimuk,Gazetted Locality,VIC,-36.726110636397465,141.94142613569284
loc4ac6614f9de5,Natte Yallock,Gazetted Locality,VIC,-36.947751816294605,143.4512176656895
loc63ab682bd74b,Natya,Gazetted Locality,VIC,-34.942390147717305,143.17871086650482
locb5b676d2d0ff,Navarre,Gazetted Locality,VIC,-36.89750339193887,143.1067911768625
loc2b62e2ef7738,Navigators,Gazetted Locality,VIC,-37.60977114565196,143.93214156197484
locb395b2e578fb,Nayook,Gazetted Locality,VIC,-37.91456849539327,145.93062122230396
loc8423ff76efe9,Neds Corner,Gazetted Locality,VIC,-34.19351713031038,141.37858746444118
loca5ceb281ec02,Neereman,Gazetted Locality,VIC,-36.92020379638215,143.95307177908956
loc2a78c3e79cb0,Neerim,Gazetted Locality,VIC,-37.95653132746369,145.96061180246085
loc3c056f243f6a,Neerim East,Gazetted Locality,VIC,-38.00031708284831,146.07418911994972
locc24f732f642a,Neerim Junction,Gazetted Locality,VIC,-37.9200133338761,145.9682197952601
loc37642a97d6f7,Neerim North,Gazetted Locality,VIC,-37.92346440025044,146.02863329336506
loc6b7276bdbb75,Neerim South,Gazetted Locality,VIC,-38.01014056086818,145.99403137310264
loc9c4bdfef214e,Neilborough,Gazetted Locality,VIC,-36.55542208901503,144.2651483082429
loc5703a8d074b6,Nelse,Gazetted Locality,VIC,-36.83385500005199,147.38742888079548
loc1bb49194e1b0,Nelson,Gazetted Locality,VIC,-38.07788866272195,141.14187283826794
loc00f17fd098b9,Nerrena,Gazetted Locality,VIC,-38.50697631132974,146.01944859150785
loca34323b1d2b1,Nerrin Nerrin,Gazetted Locality,VIC,-37.75635852812253,143.0387966699519
loc5ab51ed9e6e1,Nerrina,Gazetted Locality,VIC,-37.53871749219483,143.89212214856104
loc78717f96fa74,Nerring,Gazetted Locality,VIC,-37.497526358825084,143.44692146952954
locae7b58d49510,Netherby,Gazetted Locality,VIC,-36.091734436158475,141.65827423553014
loc9beb3bfadcd9,Neuarpurr,Gazetted Locality,VIC,-36.698370988050385,141.01828897461849
locd7f7a27169c2,New Gisborne,Gazetted Locality,VIC,-37.45009631897304,144.60854518938962
loc0fe17d83958b,Newborough,Gazetted Locality,VIC,-38.17743570600928,146.28869166283556
loc3b2e74f20666,Newbridge,Gazetted Locality,VIC,-36.75090607489257,143.92302259607936
locb690abc6c1e1,Newbury,Gazetted Locality,VIC,-37.42090983192749,144.28340804734916
loc91ba08d312cb,Newcomb,Gazetted Locality,VIC,-38.16332900926551,144.39498378953624
loc34e29c762245,Newfield,Gazetted Locality,VIC,-38.560620583938146,143.00882454265337
locb242233d388b,Newham,Gazetted Locality,VIC,-37.29767359156678,144.6117440095961
loc8af2efa53ae5,Newhaven,Gazetted Locality,VIC,-38.516871391792506,145.33239869658146
locc61135c99c81,Newington,Gazetted Locality,VIC,-37.56324652408688,143.8279380544065
locbfc303fff0fa,Newlands Arm,Gazetted Locality,VIC,-37.92702196997378,147.6873121855354
loc300cdae4c3b7,Newlyn,Gazetted Locality,VIC,-37.414796155976354,143.9801097888777
loc9044450a02a4,Newlyn North,Gazetted Locality,VIC,-37.39390677016089,143.99957421509131
loc171fb9ab27e9,Newmerella,Gazetted Locality,VIC,-37.75157413572744,148.45442866040617
locc134b649436c,Newport,Gazetted Locality,VIC,-37.84548175946329,144.87959764270877
loc06c01cb719e9,Newry,Gazetted Locality,VIC,-37.89708278288878,146.90200684533656
loc00055278d626,Newstead,Gazetted Locality,VIC,-37.10881227106738,144.05076203118085
loc277951454068,Newtown,Gazetted Locality,VIC,-38.15370118041017,144.33590587739323
loc8a88d985c5e1,Newtown,Gazetted Locality,VIC,-37.69989641079761,143.6544339171169
loce4e504a7fb1e,Nhill,Gazetted Locality,VIC,-36.30705770521732,141.56254860644032
locc90f113d3978,Nichols Point,Gazetted Locality,VIC,-34.21070214541187,142.21338229777166
loc362ccfbe03bd,Nicholson,Gazetted Locality,VIC,-37.80748469052417,147.74789107152452
loc6ece06903eac,Niddrie,Gazetted Locality,VIC,-37.73942760984439,144.88644933574295
loce2f3ad490448,Nilma,Gazetted Locality,VIC,-38.170938577622536,145.97310775796163
loc3addf29ad792,Nilma North,Gazetted Locality,VIC,-38.12350651622563,146.00945911924495
loc9e330a7a871c,Ninda,Gazetted Locality,VIC,-35.43411327492389,142.70920117543866
locba6fedcec64e,Nine Mile,Gazetted Locality,VIC,-36.45062324448138,143.46710551051385
loc3e89d3a745a9,Nintingbool,Gazetted Locality,VIC,-37.60988175793854,143.7212846610064
locf51265a10fb9,Ninyeunook,Gazetted Locality,VIC,-35.964295551861355,143.4322203632036
locf02f523d51df,Nirranda,Gazetted Locality,VIC,-38.50847011084326,142.77502029628118
loccafcd8b455c9,Nirranda East,Gazetted Locality,VIC,-38.48201271617345,142.85763042952937
locf8260b7dd44d,Nirranda South,Gazetted Locality,VIC,-38.5453527919759,142.79796725164107
loca4e166a620d9,Noble Park,Gazetted Locality,VIC,-37.9661559025012,145.1777213375674
loc9ee54c810992,Noble Park North,Gazetted Locality,VIC,-37.95218037580625,145.18700262135934
loc4b6f885b33aa,Noojee,Gazetted Locality,VIC,-37.83526489607206,145.94432338170228
loc1890b96f9c3f,Noorat,Gazetted Locality,VIC,-38.19401560805631,142.90655350011247
loc7aaa1b617dfb,Noorat East,Gazetted Locality,VIC,-38.20279171671716,142.97651186607578
locd284d79333e2,Noorinbee,Gazetted Locality,VIC,-37.51977062388496,149.21530504068596
locbbb042fa349e,Noorinbee North,Gazetted Locality,VIC,-37.445595835634094,149.2850417095977
loc1d2ba328c8f5,Noradjuha,Gazetted Locality,VIC,-36.844159628072944,141.91135874702977
loce1597eda1cc3,Norlane,Gazetted Locality,VIC,-38.09372068564574,144.35589523814497
loce35fe4991d94,Normanville,Gazetted Locality,VIC,-35.80001373162757,143.72864144344965
loc9ec592a40664,Norong,Gazetted Locality,VIC,-36.089700146270104,146.35845918483926
locd06d20cbea22,North Bendigo,Gazetted Locality,VIC,-36.737699994474966,144.28048660261226
loc8dceecda058f,North Blackwood,Gazetted Locality,VIC,-37.417377826635644,144.36253427111683
loc91ee39d5afd8,North Geelong,Gazetted Locality,VIC,-38.1142594958131,144.35160860526014
loc1e06c486c813,North Melbourne,Gazetted Locality,VIC,-37.796778863435854,144.9435910691138
loc112bde4669f8,North Shore,Gazetted Locality,VIC,-38.096193110558445,144.37383089257133
loc89fc2edfdfe4,North Wangaratta,Gazetted Locality,VIC,-36.32097404765533,146.33002505798578
locb929ada4170a,North Warrandyte,Gazetted Locality,VIC,-37.726206112613454,145.21273244996118
loc1e33f92d8409,North Wonthaggi,Gazetted Locality,VIC,-38.57768086847861,145.59301237410278
locbb6ca08c118e,Northcote,Gazetted Locality,VIC,-37.772284948799665,145.00091589458674
loc9cee2cb165e4,Northwood,Gazetted Locality,VIC,-36.94406574580776,145.09848652115312
loc5d65bafd7419,Norval,Gazetted Locality,VIC,-37.251231683019384,142.85865098154048
loc90b3cd765444,Notting Hill,Gazetted Locality,VIC,-37.90526333692454,145.1412517648992
locfd9060015ded,Nowa Nowa,Gazetted Locality,VIC,-37.69944704258947,148.00848453061553
loc1e4e3b1b6572,Nowhere Creek,Gazetted Locality,VIC,-37.12915771606259,143.29846065162
loc962b242ca82b,Nowie,Gazetted Locality,VIC,-35.326297248014825,143.25799651510823
loce58569683787,Nug Nug,Gazetted Locality,VIC,-36.67018545443417,146.72618410359428
loc3a1355c4e9b8,Nuggetty,Gazetted Locality,VIC,-36.95576124913549,144.0596085618468
locf50b97e9f71c,Nulla Vale,Gazetted Locality,VIC,-37.17010644159406,144.75743308777382
loc7617b973ed97,Nullawarre,Gazetted Locality,VIC,-38.482649904694966,142.8157424346243
locf0f13fe614e7,Nullawarre North,Gazetted Locality,VIC,-38.437875977693224,142.79547915560664
loc0213edea47bf,Nullawil,Gazetted Locality,VIC,-35.85903710155679,143.13826270691908
locbd22af960620,Numurkah,Gazetted Locality,VIC,-36.080683233397686,145.44253587003854
loc3c9dab9168cc,Nunawading,Gazetted Locality,VIC,-37.81656505910305,145.17628349591337
locbf64643d143d,Nungurner,Gazetted Locality,VIC,-37.85239620455194,147.894140119139
loceac12032c4fa,Nunniong,Gazetted Locality,VIC,-37.23763054536717,147.940146059791
loc7c0fc320896e,Nurcoung,Gazetted Locality,VIC,-36.62596281840368,141.6608720095026
loc0156508b3afe,Nurrabiel,Gazetted Locality,VIC,-36.94617216912128,142.05102437619215
loc93a107eb8d5b,Nurran,Gazetted Locality,VIC,-37.492080360945955,148.5529633946711
loc1bf188ed08e6,Nutfield,Gazetted Locality,VIC,-37.601365766002274,145.1859274297418
loccf24fce6e5d7,Nyah,Gazetted Locality,VIC,-35.15257919782225,143.364449725476
locca8050878fe7,Nyah West,Gazetted Locality,VIC,-35.17824458656096,143.33461558228328
locbe008b6c8f91,Nyarrin,Gazetted Locality,VIC,-35.38980968157442,142.67518360860805
locb24e658fc192,Nyerimilang,Gazetted Locality,VIC,-37.890101114526516,147.9277525860228
loc7dc969e796f9,Nyora,Gazetted Locality,VIC,-38.306198494505,145.68211979347547
loce74354093111,Nyrraby,Gazetted Locality,VIC,-35.22920600822423,143.2236749681996
loc51ba976fe589,Oak Park,Gazetted Locality,VIC,-37.718238598222385,144.9198961285197
loccd065e8b9b5f,Oaklands Junction,Gazetted Locality,VIC,-37.57812343235669,144.83374395581882
locfc54031c1c5a,Oakleigh,Gazetted Locality,VIC,-37.89911477547353,145.0950084217596
loc86a790ccadf9,Oakleigh East,Gazetted Locality,VIC,-37.904761701688834,145.11772045724985
loce4c31fa791f4,Oakleigh South,Gazetted Locality,VIC,-37.926838981872656,145.09124234198407
loc5e68bb81d75d,Oakvale,Gazetted Locality,VIC,-35.92897856483713,143.5416684482053
loc808d956bfcb9,Ocean Grange,Gazetted Locality,VIC,-38.00816960863859,147.67062591022304
loc0b665c0fe535,Ocean Grove,Gazetted Locality,VIC,-38.25841140207495,144.5304687517501
loc64c822b0bad5,Officer,Gazetted Locality,VIC,-38.04887101095618,145.4118990409971
loc2b7e9f3441dd,Officer South,Gazetted Locality,VIC,-38.104007046015184,145.4246032967574
locc29ca35c109c,Old Tallangatta,Gazetted Locality,VIC,-36.201207079160426,147.25146607002176
locebfa51cf10a1,Olinda,Gazetted Locality,VIC,-37.854368044297914,145.36947634232806
loc644bdb89d46b,Ombersley,Gazetted Locality,VIC,-38.205910600131446,143.82476214729502
loceb2afe8977e3,Omeo,Gazetted Locality,VIC,-37.10413305211797,147.58224670115186
loc654d8956e5f3,Omeo Valley,Gazetted Locality,VIC,-36.94473500910756,147.61484188715053
locf090555a3c7b,Ondit,Gazetted Locality,VIC,-38.23921395360118,143.62093973194374
loc17fd4ae7853a,Orbost,Gazetted Locality,VIC,-37.65491944482508,148.51008101799638
locce1c402d21ff,Orford,Gazetted Locality,VIC,-38.20638218056592,142.10920242186745
loc0b6e17218dd4,Ormond,Gazetted Locality,VIC,-37.90321795208649,145.04464960033658
loc81fb8801b3c1,Orrvale,Gazetted Locality,VIC,-36.412713869088634,145.44687956793604
locf704f990f060,Osbornes Flat,Gazetted Locality,VIC,-36.31811749908929,146.90148456119914
loc7d26824d03a7,Outtrim,Gazetted Locality,VIC,-38.530685451576076,145.78349549865686
locfe8a70072c86,Ouyen,Gazetted Locality,VIC,-35.045679263474824,142.3143624547618
loc0d64b4ec8653,Ovens,Gazetted Locality,VIC,-36.60506933358796,146.7845741924494
locf3eb6fff8056,Oxley,Gazetted Locality,VIC,-36.448005486242835,146.37324791948816
locdb359fd94a95,Oxley Flats,Gazetted Locality,VIC,-36.39768332209849,146.3933508434182
loc28f91d5d3c03,Ozenkadnook,Gazetted Locality,VIC,-36.83908008606173,141.36223616481269
locfd63fbef3e73,Paaratte,Gazetted Locality,VIC,-38.555327924241396,142.961766078079
loc9a5824c3b271,Painswick,Gazetted Locality,VIC,-36.802794051822,143.7232349944539
loc82baa1179308,Pakenham,Gazetted Locality,VIC,-38.07031309526114,145.4782940530186
loc139c325d29ef,Pakenham South,Gazetted Locality,VIC,-38.14085207292675,145.50284190117543
loca12042a36968,Pakenham Upper,Gazetted Locality,VIC,-38.00847584435839,145.50963738357592
loc0f025a8dd088,Panitya,Gazetted Locality,VIC,-35.14271560669616,141.0057831622455
locce68e64caee9,Panmure,Gazetted Locality,VIC,-38.33148907147041,142.73506063300272
loc37739e0e9c20,Panton Hill,Gazetted Locality,VIC,-37.64058759195852,145.24748877007607
loc1d05e32edd0c,Paradise,Gazetted Locality,VIC,-36.831327729258376,143.06628370527318
locc47e5620c157,Paradise Beach,Gazetted Locality,VIC,-38.191959074682785,147.4212428584225
locfbb0f2722fec,Paraparap,Gazetted Locality,VIC,-38.299023435338,144.1836332474117
loc87a3405b41f2,Park Orchards,Gazetted Locality,VIC,-37.77604876082136,145.2112859122646
loc025dead673cc,Parkdale,Gazetted Locality,VIC,-37.99373353390705,145.08086321396928
loc9e7da77def26,Parkville,Gazetted Locality,VIC,-37.78714688267039,144.9495778946208
loc9f89abda4997,Parwan,Gazetted Locality,VIC,-37.739696390174544,144.4688197365229
locd852a66548a1,Paschendale,Gazetted Locality,VIC,-37.65987714230384,141.61015340706712
loc12c0177d3d38,Pascoe Vale,Gazetted Locality,VIC,-37.72469230904775,144.93607707882512
locbb5f291d781d,Pascoe Vale South,Gazetted Locality,VIC,-37.74315337991561,144.94032021843253
loce8db20c84f9a,Pastoria,Gazetted Locality,VIC,-37.213978047874036,144.58115002793915
locbca7613b84a0,Pastoria East,Gazetted Locality,VIC,-37.17800592594946,144.63077315090115
loc44aee18f259e,Patchewollock,Gazetted Locality,VIC,-35.41746121616367,142.1588364758494
locbe0ebdbfa3f3,Patho,Gazetted Locality,VIC,-36.016414660590286,144.3705256447219
loc28350a6fd21f,Patterson Lakes,Gazetted Locality,VIC,-38.06759158806457,145.1462815550974
locb6fa46cb4355,Patyah,Gazetted Locality,VIC,-36.89212162257493,141.27282134231734
loc5d89a3067958,Paynesville,Gazetted Locality,VIC,-37.905793442051994,147.71409278501062
locb344fc28a060,Pearcedale,Gazetted Locality,VIC,-38.19626796885504,145.24952819074278
loc69354e91c0cc,Pearsondale,Gazetted Locality,VIC,-38.135775075014564,147.02862916197128
loc3d3c12a8d309,Peechelba,Gazetted Locality,VIC,-36.16794724782137,146.18007708863456
locd25529f04104,Peechelba East,Gazetted Locality,VIC,-36.15571402219038,146.25915549721608
locf72e223da25f,Pelluebla,Gazetted Locality,VIC,-36.19931642449744,145.99026055190438
loc7a64f52117c5,Pennyroyal,Gazetted Locality,VIC,-38.43529787511322,143.87274010979132
locb1ee5c92def8,Penshurst,Gazetted Locality,VIC,-37.875915250509436,142.3371931585389
locbab0764027eb,Pental Island,Gazetted Locality,VIC,-35.401326878210185,143.68596182978425
loc72ce64beb561,Pentland Hills,Gazetted Locality,VIC,-37.6527793782665,144.3799850126901
loc0aa9d554aac3,Percydale,Gazetted Locality,VIC,-37.07824666238638,143.38443113877088
loc3d4bdf00589d,Peronne,Gazetted Locality,VIC,-36.6533372019495,141.3542253578775
locb02463a67a91,Perry Bridge,Gazetted Locality,VIC,-37.98307178147208,147.262918311433
loc8d1eb0e83c7f,Peterborough,Gazetted Locality,VIC,-38.58944391298621,142.8921453882023
loc0bc6248d51a2,Petticoat Creek,Gazetted Locality,VIC,-38.71448551830791,143.7338237767604
locbc10573fc6c2,Pheasant Creek,Gazetted Locality,VIC,-37.469350607082504,145.29414517991668
loc3e4911664c7e,Piangil,Gazetted Locality,VIC,-35.05308008907677,143.21722102974326
loc827ebe05ed25,Picola,Gazetted Locality,VIC,-35.95819936970188,145.12590304792383
loc9ec127e75891,Picola West,Gazetted Locality,VIC,-35.965325956756715,145.05141717099968
loc9b500a37a6a0,Piedmont,Gazetted Locality,VIC,-37.895281050167384,145.93821164725023
loce90b843acccf,Pier Milan,Gazetted Locality,VIC,-35.23494373186047,142.69683086361772
loc27c89fb96dd7,Pigeon Ponds,Gazetted Locality,VIC,-37.27905792150175,141.66249470374805
locde9431642f01,Piggoreet,Gazetted Locality,VIC,-37.72331833730911,143.636739867713
loca7504eda0861,Pimpinio,Gazetted Locality,VIC,-36.61047567980325,142.077537655629
locbac72a9b9112,Pine Grove,Gazetted Locality,VIC,-36.2176797850278,144.40669328348503
loc53cae2fa854b,Pine Lodge,Gazetted Locality,VIC,-36.362778750313495,145.54680985840207
loc861861ea2f63,Pine Mountain,Gazetted Locality,VIC,-36.01274514796316,147.83160932136371
locb00e4905e1fa,Pine View,Gazetted Locality,VIC,-35.80376172914207,143.65361850428565
locb8c521a3036a,Pioneer Bay,Gazetted Locality,VIC,-38.38093976032951,145.54918413585358
loc2341bb6ce021,Pipers Creek,Gazetted Locality,VIC,-37.250802533782505,144.5453867488978
loc51294e7717d3,Pira,Gazetted Locality,VIC,-35.25025890667065,143.35616084110512
loc1405f7fa7e41,Piries,Gazetted Locality,VIC,-37.181215114516455,146.13439692994683
loca664e91d2393,Pirron Yallock,Gazetted Locality,VIC,-38.35759869101235,143.4267632605204
locdef1d6c8b509,Pitfield,Gazetted Locality,VIC,-37.828963843151875,143.59729798711749
locfb9b3b79397d,Pittong,Gazetted Locality,VIC,-37.67401742993927,143.47216577978173
loc14b657721382,Plenty,Gazetted Locality,VIC,-37.665445560332984,145.1126665380332
loce2babe59103e,Plumpton,Gazetted Locality,VIC,-37.6649391219699,144.6955083155737
locc5abea08e85d,Point Cook,Gazetted Locality,VIC,-37.90539894678393,144.75687142531257
loc7413fc52f5b9,Point Leo,Gazetted Locality,VIC,-38.41559386866706,145.0694183601948
loc253c87b50989,Point Lonsdale,Gazetted Locality,VIC,-38.26614473986948,144.598205271788
loc334e0041ab72,Point Wilson,Gazetted Locality,VIC,-38.032962751861895,144.52617463731673
loc62d6f9b57503,Polisbet,Gazetted Locality,VIC,-35.265157699008896,143.15366633551858
loc83b283838c34,Pomborneit,Gazetted Locality,VIC,-38.295495670525874,143.29260879290067
loc646be52ddf75,Pomborneit East,Gazetted Locality,VIC,-38.29720282451669,143.39294918355728
locca081118e8cf,Pomborneit North,Gazetted Locality,VIC,-38.21890908726098,143.3292868785897
loc64412b355fba,Pomonal,Gazetted Locality,VIC,-37.248228501841794,142.59127624459114
loc0346991977a3,Pompapiel,Gazetted Locality,VIC,-36.360816309664216,144.0721383673705
loccac5ebb6c840,Poolaijelo,Gazetted Locality,VIC,-37.18358953918114,141.07796412535828
loc8eb80c3d4e89,Pootilla,Gazetted Locality,VIC,-37.5265277576086,143.95876522585132
loc4e0cff58457d,Poowong,Gazetted Locality,VIC,-38.33985817748474,145.76343801381006
loc20875e292053,Poowong East,Gazetted Locality,VIC,-38.32912352961485,145.84171537165554
loc0141dfbad4c8,Poowong North,Gazetted Locality,VIC,-38.284833758150434,145.7851027142538
locd260d2bcebe9,Porcupine Ridge,Gazetted Locality,VIC,-37.277461439389086,144.1968007596219
loc102499fd8e56,Porepunkah,Gazetted Locality,VIC,-36.67991378795823,146.92355109445606
loc8b9f0793f5ab,Port Albert,Gazetted Locality,VIC,-38.69178890048266,146.67058522120442
loc4eb3fb54fa57,Port Campbell,Gazetted Locality,VIC,-38.61268406021317,143.01667013666759
loce829f646f7ca,Port Fairy,Gazetted Locality,VIC,-38.32283596529197,142.16968179739828
loc68e564ef349b,Port Franklin,Gazetted Locality,VIC,-38.687012525413834,146.26742539545683
loc9a48431374e1,Port Melbourne,Gazetted Locality,VIC,-37.83435339682683,144.92332879122966
locf93c4545cace,Port Welshpool,Gazetted Locality,VIC,-38.689860861492974,146.47706736269407
loc956fa85c7b0c,Portarlington,Gazetted Locality,VIC,-38.14053629957928,144.67019376275255
locd665688d0e4d,Portland,Gazetted Locality,VIC,-38.36334353111421,141.60610636987755
loc3dd402b6945d,Portland North,Gazetted Locality,VIC,-38.29933339219982,141.55988564150508
loc410264755cec,Portland West,Gazetted Locality,VIC,-38.37546131136041,141.53832072557913
loc67d2e4d427ab,Portsea,Gazetted Locality,VIC,-38.3237668631038,144.70966180935193
loc69addafe32f8,Pound Creek,Gazetted Locality,VIC,-38.61905800680884,145.8521567994013
loc9480294a32a7,Powelltown,Gazetted Locality,VIC,-37.85938373228696,145.77301023072908
loc25d0560189ac,Powers Creek,Gazetted Locality,VIC,-37.220749072719045,141.24393864292324
loc985d41c71df1,Powlett Plains,Gazetted Locality,VIC,-36.470725755955186,143.8570718094339
loc250adfcbc82d,Prahran,Gazetted Locality,VIC,-37.85288919324874,145.00612429708897
locc31c8ee3782e,Prairie,Gazetted Locality,VIC,-36.29474975821513,144.21251397559092
loc38939a80b87e,Pranjip,Gazetted Locality,VIC,-36.73551923640096,145.383967975655
loc2c4c767ea9b7,Preston,Gazetted Locality,VIC,-37.74162976878681,145.0069171861279
locf328dcebf414,Princes Hill,Gazetted Locality,VIC,-37.781907477224365,144.9666968437257
locc347a4db1b2a,Princetown,Gazetted Locality,VIC,-38.65341119877715,143.16885388845628
loca70615658d27,Puckapunyal,Gazetted Locality,VIC,-36.93110207805448,144.9376579641667
loc4256d0c25a49,Pura Pura,Gazetted Locality,VIC,-37.82804506736436,143.07377768418382
locc6f5e185fc49,Purdeet,Gazetted Locality,VIC,-37.9288735186213,142.39305964432208
loc7ee5f9ab0c5b,Purnim,Gazetted Locality,VIC,-38.27433593779723,142.61272431552754
loc21cff089d9de,Purnim West,Gazetted Locality,VIC,-38.29143055300935,142.55374619174867
locb974a4519d5e,Pyalong,Gazetted Locality,VIC,-37.11044541737502,144.85063215886288
loc474d5ff63731,Pyramid Hill,Gazetted Locality,VIC,-36.039518738711614,144.17587999755114
loc70a31d7a71da,Quambatook,Gazetted Locality,VIC,-35.856802253982934,143.53774461971517
loc1a1d44d067f2,Quandong,Gazetted Locality,VIC,-37.83579683518238,144.50832192567339
locd9d505133150,Quantong,Gazetted Locality,VIC,-36.75161512702492,142.0460341400816
locbd15dbd99fc7,Quarry Hill,Gazetted Locality,VIC,-36.775468454213,144.28041297524518
loc963d16d68c60,Queenscliff,Gazetted Locality,VIC,-38.26623523828186,144.66342463595709
loc4e58e485c160,Queensferry,Gazetted Locality,VIC,-38.41957047403972,145.50087482460413
loccd2b662ef2f4,Raglan,Gazetted Locality,VIC,-37.34149085713194,143.30696357174645
locfa54d96aed22,Rainbow,Gazetted Locality,VIC,-35.90848759042797,141.95823731074037
loc95cab71f5486,Ranceby,Gazetted Locality,VIC,-38.37323523109532,145.84939229464192
loc75fe5cfcd9f5,Rathscar,Gazetted Locality,VIC,-36.97396401381225,143.54472831293793
loc110714c91705,Rathscar West,Gazetted Locality,VIC,-37.011362092857524,143.49120046943943
loc05e50c5030cd,Ravenhall,Gazetted Locality,VIC,-37.77244666708744,144.7376661276964
loc5f898c91f906,Ravenswood,Gazetted Locality,VIC,-36.88902276748577,144.2106971779233
locb87e603e1ad4,Ravenswood South,Gazetted Locality,VIC,-36.94584160053782,144.21383608431347
loc2380ff7cd423,Rawson,Gazetted Locality,VIC,-37.96166265668433,146.40571555406234
locb64b8cf5ed20,Raymond Island,Gazetted Locality,VIC,-37.9213558499614,147.74981457567287
locade1b6546b69,Raywood,Gazetted Locality,VIC,-36.514978371305816,144.1832118838962
loc7940cee91449,Red Cliffs,Gazetted Locality,VIC,-34.339079438540935,142.21812171261382
loc3fe991822440,Red Hill,Gazetted Locality,VIC,-38.36187203974945,145.0132615338921
loc049b23459881,Red Hill South,Gazetted Locality,VIC,-38.38412528943728,145.04186403739368
loccd557e0eae6a,Red Lion,Gazetted Locality,VIC,-37.16576123696683,143.76869615754646
locf1acbec8baed,Redan,Gazetted Locality,VIC,-37.576691568781186,143.8380010020731
loc8debc349081b,Redbank,Gazetted Locality,VIC,-36.90566269042345,143.30010498294052
loc622403923b50,Redcastle,Gazetted Locality,VIC,-36.75267755001732,144.78189619616148
loc3267756bcd76,Redesdale,Gazetted Locality,VIC,-37.0019246824337,144.4723561321459
loc6d225717b521,Reedy Creek,Gazetted Locality,VIC,-37.240280200134166,145.149598558359
loce820d6592ce7,Reedy Dam,Gazetted Locality,VIC,-35.944651413654384,142.64990669888073
loc5de366e45623,Reedy Flat,Gazetted Locality,VIC,-37.406377509563505,147.92785635734225
loc8364b6f15ca0,Reedy Lake,Gazetted Locality,VIC,-35.667154757682475,143.88753023275564
locb448f9d2e41b,Reefton,Gazetted Locality,VIC,-37.66835823698035,145.90143570527306
locf678eadaf2e3,Research,Gazetted Locality,VIC,-37.705567379954246,145.19049279817767
loc656f84726510,Reservoir,Gazetted Locality,VIC,-37.712328264563,145.0023220978154
loc1bd709abefa0,Reynard,Gazetted Locality,VIC,-37.37462710438198,146.63331657840206
loc14c9db2dbbb5,Rheola,Gazetted Locality,VIC,-36.64909104663931,143.69126172557583
loc9525dc779efd,Rhyll,Gazetted Locality,VIC,-38.48005873765777,145.27440708069742
locecad945e7138,Rhymney,Gazetted Locality,VIC,-37.21752326590054,142.77931966122617
loc7f7d93e166f6,Riachella,Gazetted Locality,VIC,-36.832125705120575,142.71312114530718
loc1214f0e36dd0,Rich Avon,Gazetted Locality,VIC,-36.445673675951284,142.90994974999597
locc54326094419,Rich Avon East,Gazetted Locality,VIC,-36.513157469647425,142.8937725795135
loc27f6a70557a1,Rich Avon West,Gazetted Locality,VIC,-36.50465183018692,142.79971718925304
loce48c38ae2d6a,Richmond,Gazetted Locality,VIC,-37.8221073160707,145.00254391508315
loc249d952e7a1d,Richmond Plains,Gazetted Locality,VIC,-36.394901918474275,143.48217171104318
loc2508c9e5a93c,Riddells Creek,Gazetted Locality,VIC,-37.447299927820055,144.67919054026055
locf6551c962b40,Riggs Creek,Gazetted Locality,VIC,-36.66258972249497,145.5892306968363
loc72d1f0339be6,Ringwood,Gazetted Locality,VIC,-37.81008891144769,145.22814863146806
loc46f8f01fbac9,Ringwood East,Gazetted Locality,VIC,-37.81229999880112,145.24858205275348
locde7f91aff148,Ringwood North,Gazetted Locality,VIC,-37.792116059522826,145.23351179500412
loc5746dd073881,Ripplebrook,Gazetted Locality,VIC,-38.19983776727541,145.76565934052655
locf8d9e1a3bf19,Rippleside,Gazetted Locality,VIC,-38.12375196470812,144.35532037755232
loc6c390adc806d,Ripponlea,Gazetted Locality,VIC,-37.87804788256045,144.99558595673915
loc57dda2f7d49e,Riverside,Gazetted Locality,VIC,-36.71628269084657,142.24535280957167
locaa8c6d79355f,Riverslea,Gazetted Locality,VIC,-38.00670147253962,146.9506459012258
locefb75d203c23,Robertsons Beach,Gazetted Locality,VIC,-38.67725057480344,146.74080499590417
loc5836de01c0a7,Robinvale,Gazetted Locality,VIC,-34.614169248177404,142.7523435985011
locf0a2908d4ba6,Rochester,Gazetted Locality,VIC,-36.36528275509053,144.6946461882949
locefdfb6c544cc,Rochford,Gazetted Locality,VIC,-37.31248443075323,144.66681789151858
loccb6b422ce2ea,Rockbank,Gazetted Locality,VIC,-37.72975494550399,144.6483161279134
loc03a57edca7a2,Rocklands,Gazetted Locality,VIC,-37.25694600446957,142.026081732655
locaf938033cc44,Rocklyn,Gazetted Locality,VIC,-37.43858446543668,144.06682964312034
loc603df58cafb2,Rocky Point,Gazetted Locality,VIC,-37.33723392006519,142.85076447121986
loc167ec6f357ad,Rokeby,Gazetted Locality,VIC,-38.066789063378096,145.92844078956864
loc242cedc10c00,Rokewood,Gazetted Locality,VIC,-37.92641096210848,143.74258842954725
loc55df2bbde6c8,Rokewood Junction,Gazetted Locality,VIC,-37.850985782131,143.68494190478657
loc1fbfb471eb7c,Romsey,Gazetted Locality,VIC,-37.355134756302334,144.72589053549584
loc89825e26f3b9,Rosanna,Gazetted Locality,VIC,-37.73978336851842,145.069886311039
loc0eb66be50e45,Rose River,Gazetted Locality,VIC,-36.918176702444946,146.57182493071372
loc27f17301d012,Rosebery,Gazetted Locality,VIC,-35.82941368461217,142.42156399537578
loccc42e4c6be81,Rosebrook,Gazetted Locality,VIC,-38.345305574797536,142.26964953093875
locc81a6ec90a1b,Rosebud,Gazetted Locality,VIC,-38.371141093787855,144.91584915671106
loccc5be4c3f4e2,Rosedale,Gazetted Locality,VIC,-38.184213513453145,146.8267771520288
loc446c6e97b534,Roses Gap,Gazetted Locality,VIC,-36.97603934263984,142.45620837831856
loc714f6f789b8c,Rosewhite,Gazetted Locality,VIC,-36.57681633975661,146.88450170654636
loc1e1a054408cd,Roslynmead,Gazetted Locality,VIC,-36.13699434299216,144.5257114948185
locf58c627a550b,Ross Creek,Gazetted Locality,VIC,-37.64796167065151,143.7605639223608
loc624d0d0c0a70,Rossbridge,Gazetted Locality,VIC,-37.52497371100476,142.86026816168166
loc50eafec77b4c,Rostron,Gazetted Locality,VIC,-36.76569635502344,143.17090834606196
loc5524fe9b9f36,Rowsley,Gazetted Locality,VIC,-37.71746867157165,144.36807625174623
locfd8472c41cbe,Rowville,Gazetted Locality,VIC,-37.926332421935015,145.2362660334555
loc3754c5fc3408,Roxburgh Park,Gazetted Locality,VIC,-37.62573825545469,144.92648349730922
loc3e80e2045d9c,Rubicon,Gazetted Locality,VIC,-37.38570696953489,145.84690909368172
loc026e47177cdd,Ruby,Gazetted Locality,VIC,-38.43664416905736,145.92068080921314
locef5f8fe68ac2,Ruffy,Gazetted Locality,VIC,-36.946008145007355,145.49733388695634
locc474326381e9,Running Creek,Gazetted Locality,VIC,-36.550806272416295,147.05336431210029
loc1c4cc6b64b03,Runnymede,Gazetted Locality,VIC,-36.547006805328365,144.6712397892349
loc240944a9fd41,Rupanyup,Gazetted Locality,VIC,-36.641849202718504,142.685477019804
loca21ced7ea79c,Rushworth,Gazetted Locality,VIC,-36.58648031422801,145.0039410654448
loc7f2f0af4fcf0,Russells Bridge,Gazetted Locality,VIC,-38.00736445578633,144.1825698258645
loc6d3b4562e728,Rutherglen,Gazetted Locality,VIC,-36.06394213374925,146.48857672933232
loc63ef7c66c9c1,Ryans,Gazetted Locality,VIC,-37.55201816450352,147.47018071147164
locd0498f1fb276,Ryanston,Gazetted Locality,VIC,-38.50852953670834,145.58736567932948
loc9f3cac243db7,Rye,Gazetted Locality,VIC,-38.386963151048406,144.81188903852785
locf12d110b23cb,Rythdale,Gazetted Locality,VIC,-38.14085207292675,145.4618781710256
loc91cd8110d36c,Safety Beach,Gazetted Locality,VIC,-38.31608912010113,145.0010250919649
loc00e6e39d335b,Sailors Falls,Gazetted Locality,VIC,-37.392446326429294,144.11473253124603
loc098913697649,Sailors Gully,Gazetted Locality,VIC,-36.706127222756976,144.23283719288315
loc39bb55e0ae43,Sailors Hill,Gazetted Locality,VIC,-37.35926693078444,144.12550078940782
locc586266ef8cc,Sale,Gazetted Locality,VIC,-38.10606212390362,147.08129942511007
loc8befb396f9eb,Salisbury West,Gazetted Locality,VIC,-36.51782587833377,143.93904600419495
loccf0914ee3c08,Samaria,Gazetted Locality,VIC,-36.80920400713944,146.07484180809985
loc32763df5168c,San Remo,Gazetted Locality,VIC,-38.52926473949975,145.40817918414888
loc54b7476da830,Sandford,Gazetted Locality,VIC,-37.64787457818929,141.46377053396307
loc2bd2e2248a86,Sandhill Lake,Gazetted Locality,VIC,-35.73924024137126,143.6926906031676
locbb2eb3c34acf,Sandhurst,Gazetted Locality,VIC,-38.08125919719769,145.21082300874895
locda794d6d2295,Sandon,Gazetted Locality,VIC,-37.168121749991414,144.03851568539108
loc6f887e0e8e31,Sandringham,Gazetted Locality,VIC,-37.95250131962519,145.01215004216988
loc679429866800,Sandy Creek,Gazetted Locality,VIC,-36.360641477939964,147.12496383239312
loceae1d8365892,Sandy Point,Gazetted Locality,VIC,-38.81875412961304,146.12135680406976
loc2b2acbc81138,Sargood,Gazetted Locality,VIC,-37.588968775748015,146.74169115636778
loc93b0a308d74c,Sarsfield,Gazetted Locality,VIC,-37.755433872674885,147.7440224049543
locb65b06909766,Sassafras,Gazetted Locality,VIC,-37.86422313291618,145.35285339348508
loc9772147aba31,Sawmill Settlement,Gazetted Locality,VIC,-37.121065448849336,146.3674008073287
loc171a7a5b4661,Scarsdale,Gazetted Locality,VIC,-37.67819245526513,143.66205736870444
loc982a183f8eaa,Scoresby,Gazetted Locality,VIC,-37.90535353224097,145.2209659870087
loc930abd97fea8,Scotchmans Lead,Gazetted Locality,VIC,-37.66677954685086,143.84817883611282
locc1d3550695e9,Scotsburn,Gazetted Locality,VIC,-37.686054495370705,143.93263680783144
loccab1af72840b,Scotts Creek,Gazetted Locality,VIC,-38.456626356498326,143.07564667585046
loc91ab470f6b62,Sea Lake,Gazetted Locality,VIC,-35.4840642069583,142.89555873240272
locfbb2aa2cb994,Seabrook,Gazetted Locality,VIC,-37.88081019340764,144.75822110788755
loc276a2eb40904,Seacombe,Gazetted Locality,VIC,-38.12832712986168,147.42302027107428
locccf64b3f1134,Seaford,Gazetted Locality,VIC,-38.10623020730155,145.1423802021327
locf8551c74eecf,Seaholme,Gazetted Locality,VIC,-37.864604519166804,144.8446328106566
loc3b3d9365e89e,Seaspray,Gazetted Locality,VIC,-38.332207073497074,147.16138652831503
loc0e49993c4060,Seaton,Gazetted Locality,VIC,-37.94202449183714,146.68453144891674
loc7647cce9d4c5,Seaview,Gazetted Locality,VIC,-38.284580050078716,145.95746680085853
loc7c740d25f72b,Sebastian,Gazetted Locality,VIC,-36.59236796615667,144.20409005367213
locb948618ae376,Sebastopol,Gazetted Locality,VIC,-37.60210062753245,143.83634351500712
loce01794437106,Seddon,Gazetted Locality,VIC,-37.80667974701401,144.89197699626772
loc8dd564c07654,Sedgwick,Gazetted Locality,VIC,-36.89524588895409,144.3183040407963
loc2d7496657dea,Selby,Gazetted Locality,VIC,-37.91765350427049,145.38062156967973
locf31704b08db7,Selwyn,Gazetted Locality,VIC,-37.0642138767933,147.00199012399696
loc244a8ca56662,Separation Creek,Gazetted Locality,VIC,-38.59904981545621,143.89384389367177
locfacbd57c724a,Serpentine,Gazetted Locality,VIC,-36.43826887473943,143.99751196070142
loc616bd397f2f4,Serviceton,Gazetted Locality,VIC,-36.390526331374815,141.02318447700114
loc7769aef63ae9,Seville,Gazetted Locality,VIC,-37.798037108292476,145.48764234017074
loca59e61494f96,Seville East,Gazetted Locality,VIC,-37.78255667057813,145.49884202886534
loc79458be072ab,Seymour,Gazetted Locality,VIC,-37.03109471212154,145.1601080778549
locb66e684d7ddf,Shady Creek,Gazetted Locality,VIC,-38.102122949464956,146.0737217173829
loc776fb35064fc,Shannonvale,Gazetted Locality,VIC,-36.93199349418528,147.4227540588466
loc9c418920c62e,Shays Flat,Gazetted Locality,VIC,-37.064780468688824,143.07935137984185
loc5ef80fdea9a1,She Oaks,Gazetted Locality,VIC,-37.89605851204577,144.14752535280317
locf3a32f2950bf,Sheans Creek,Gazetted Locality,VIC,-36.773759888877606,145.6531717166115
loc38f1e91f4801,Sheep Hills,Gazetted Locality,VIC,-36.354934190509525,142.55159310302668
loc202ce2987f6d,Shelbourne,Gazetted Locality,VIC,-36.838068122335216,144.0605167842362
loc48416d8d3423,Shelford,Gazetted Locality,VIC,-37.96140052537469,143.91724997399132
locf01b400a3569,Shelley,Gazetted Locality,VIC,-36.19978172738469,147.54834275724653
locca9f8b1cf0b0,Shepherds Flat,Gazetted Locality,VIC,-37.27394128934934,144.1019057620672
loc1b289d3ff2fc,Shepparton,Gazetted Locality,VIC,-36.37413187227664,145.40324950128883
locfa061fb813bf,Shepparton East,Gazetted Locality,VIC,-36.403702707417395,145.49677315077736
loc9b3965d0a929,Shepparton North,Gazetted Locality,VIC,-36.321959406024405,145.38867733560738
locd1448b370cfe,Sherbrooke,Gazetted Locality,VIC,-37.890217159769584,145.359444755703
loc0a12a9e2e03f,Shoreham,Gazetted Locality,VIC,-38.42700633076474,145.03717371059892
loccc96b1b51a89,Sidonia,Gazetted Locality,VIC,-37.16319039894438,144.55979535640705
loc709dcb832d80,Silvan,Gazetted Locality,VIC,-37.831986659986626,145.44133024001331
loc9ca199182545,Silverleaves,Gazetted Locality,VIC,-38.453314944707884,145.27315609785825
loc1f3e21caaeb9,Simpson,Gazetted Locality,VIC,-38.51039097146677,143.25760562056996
locd45d52812a56,Simpsons Creek,Gazetted Locality,VIC,-37.761835386397806,148.36593675260116
locfad739ef37fb,Simson,Gazetted Locality,VIC,-36.994506748964085,143.7745030258341
loce1bca2a4ef7e,Skenes Creek,Gazetted Locality,VIC,-38.71292241291081,143.7096203550305
loc9c545185aa4c,Skenes Creek North,Gazetted Locality,VIC,-38.69201941303349,143.71576685930052
loc61531be03e87,Skibo,Gazetted Locality,VIC,-38.20570956311787,143.12796384384828
loc1a432b128c5c,Skinners Flat,Gazetted Locality,VIC,-36.35264943848319,143.58632361917114
locafb7b6ad9b7a,Skipton,Gazetted Locality,VIC,-37.69087094711821,143.33129642692546
loc3ccb852d09c7,Skye,Gazetted Locality,VIC,-38.10472774807258,145.21523575968132
loc1d12a73e5ba2,Slaty Creek,Gazetted Locality,VIC,-36.53624021604253,143.2930396782745
loc4818d6d686b4,Smeaton,Gazetted Locality,VIC,-37.3062175647985,143.96337588848644
loc56c5896345b2,Smiths Beach,Gazetted Locality,VIC,-38.50286179701607,145.25599949717565
locfb0d5b58d88d,Smiths Gully,Gazetted Locality,VIC,-37.62872838283066,145.28964397520963
locf036cd2bab96,Smokeytown,Gazetted Locality,VIC,-37.398723196080994,143.91955281744555
loc932a1d24c387,Smoko,Gazetted Locality,VIC,-36.822431518826406,147.06610535751338
loc4a26362045e1,Smythes Creek,Gazetted Locality,VIC,-37.60383258545956,143.76705709189258
loce65a44b81cd8,Smythesdale,Gazetted Locality,VIC,-37.64556079526782,143.66898031635264
loc2609e04c95d5,Snake Island,Gazetted Locality,VIC,-38.747502810228156,146.55136772598166
loc61a03af6b9e5,Snake Valley,Gazetted Locality,VIC,-37.61247574281397,143.5757018613184
locc098f71b2faf,Soldiers Hill,Gazetted Locality,VIC,-37.551136877836186,143.85931355008978
loc3bbceeb99746,Somers,Gazetted Locality,VIC,-38.38057295353635,145.1553927803535
loc6755f6d71124,Somerton,Gazetted Locality,VIC,-37.633718145987174,144.94754003917078
locd1d128ec42fa,Somerville,Gazetted Locality,VIC,-38.230000393616386,145.2038501534729
loc3b6fd5dcd874,Sorrento,Gazetted Locality,VIC,-38.34369464444285,144.7393782775558
loc6f86b30b85f7,South Dudley,Gazetted Locality,VIC,-38.59466159479149,145.5747145363004
locabef03e2a2a0,South Geelong,Gazetted Locality,VIC,-38.167922443336145,144.36516099227072
loc88ebb657408f,South Kingsville,Gazetted Locality,VIC,-37.82950936343859,144.87055921677023
locf51f6cd689bb,South Melbourne,Gazetted Locality,VIC,-37.833992869371734,144.96065658284022
loc22c42e389de3,South Morang,Gazetted Locality,VIC,-37.63764373640869,145.08600837745809
loc62dc63d67e3e,South Purrumbete,Gazetted Locality,VIC,-38.348042229806396,143.20556439902848
locb87676ac9be6,South Wharf,Gazetted Locality,VIC,-37.825332974252305,144.95240081137035
locc2ea2de6af6c,South Yarra,Gazetted Locality,VIC,-37.83799779056143,144.991466374246
loc31f384e524fe,Southbank,Gazetted Locality,VIC,-37.82540226551094,144.9635746655964
loc9472f04b1b97,Southern Cross,Gazetted Locality,VIC,-38.288973275787626,142.40374224031825
locefa5044bd133,Spargo Creek,Gazetted Locality,VIC,-37.48970519166827,144.14557136121897
locac35dbe8fc2a,Speed,Gazetted Locality,VIC,-35.405114107074596,142.424265563193
loce07c10c41329,Speewa,Gazetted Locality,VIC,-35.221154731377126,143.51619186934096
loc7ee7acc30be1,Spotswood,Gazetted Locality,VIC,-37.829322645842225,144.88643339757772
locc9201bcd8c48,Spring Gully,Gazetted Locality,VIC,-36.79924811692614,144.2887505135767
locaa6592c1d4fc,Spring Hill,Gazetted Locality,VIC,-37.297552352936776,144.34860158363193
loc643e0d8ec854,Springbank,Gazetted Locality,VIC,-37.51972998303637,144.05996510504826
locd31bcf6ae26a,Springdallah,Gazetted Locality,VIC,-37.74865293581783,143.62371225435777
loccf31877509f3,Springfield,Gazetted Locality,VIC,-35.573315089102536,143.11570556275234
loceec6ae91e339,Springfield,Gazetted Locality,VIC,-37.32988270259983,144.82559904006877
locb08e3d2d7e4c,Springhurst,Gazetted Locality,VIC,-36.21047798540471,146.47818781627961
loc05cf327a6b0e,Springmount,Gazetted Locality,VIC,-37.41333494094995,143.93387278981186
loc1d6e4fac2710,Springvale,Gazetted Locality,VIC,-37.94396320348188,145.1632758613768
loc3b583afba248,Springvale South,Gazetted Locality,VIC,-37.97181979163708,145.14862230332744
loc34a55c4d0462,St Albans,Gazetted Locality,VIC,-37.74794784819116,144.81161205694988
locb86ef7760cec,St Albans Park,Gazetted Locality,VIC,-38.19750277640683,144.39130374683947
loc574a25331b2f,St Andrews,Gazetted Locality,VIC,-37.579411568282396,145.28584131164428
loc125bace0de7f,St Andrews Beach,Gazetted Locality,VIC,-38.41929374415735,144.83162396636362
loc1ca1172ac69f,St Arnaud,Gazetted Locality,VIC,-36.62361557408356,143.23613955297128
loc70b8d156e417,St Arnaud East,Gazetted Locality,VIC,-36.62984108589147,143.3208275124945
loca3d913873678,St Arnaud North,Gazetted Locality,VIC,-36.59242171232812,143.16605798102546
loc9b22ab8c108e,St Clair,Gazetted Locality,VIC,-38.584051565250505,145.65111807198343
loc82590b303d0c,St Germains,Gazetted Locality,VIC,-36.203475003582746,145.1515467251612
loc407183a9488a,St Helena,Gazetted Locality,VIC,-37.68993346626475,145.12315410572393
loc887ba7f62a74,St Helens,Gazetted Locality,VIC,-38.24951361613297,142.05477842404565
locc101d399fec0,St Helens Plains,Gazetted Locality,VIC,-36.77515481895953,142.42812910437408
loc6564e19d3e03,St James,Gazetted Locality,VIC,-36.25742262182486,145.87919286192655
locfe955a87410d,St Kilda,Gazetted Locality,VIC,-37.86421934196181,144.98121503439756
loc695c9ddc8068,St Kilda East,Gazetted Locality,VIC,-37.8680029248944,145.00441813136848
locac6f70db6abd,St Kilda West,Gazetted Locality,VIC,-37.85847909026967,144.97162504976114
loc2c9ce0acd6de,St Leonards,Gazetted Locality,VIC,-38.181389532899985,144.67977833180223
loc84c3a2eefdee,Staceys Bridge,Gazetted Locality,VIC,-38.556939930917096,146.5164641073556
loc4b2a3968f0df,Staffordshire Reef,Gazetted Locality,VIC,-37.73438516361618,143.68381363801035
loc076ac89bbcfd,Staghorn Flat,Gazetted Locality,VIC,-36.23984639871651,146.9301803923738
loc78627358df5f,Stanhope,Gazetted Locality,VIC,-36.462582873183635,144.9819531397478
loc84eec26e56d3,Stanhope South,Gazetted Locality,VIC,-36.49168518641264,145.04105186128368
loc68ee16baa298,Stanley,Gazetted Locality,VIC,-36.38782064052967,146.77582979712335
locb98c41b63dea,Staughton Vale,Gazetted Locality,VIC,-37.84705190382111,144.25770390612746
loc3ad9c2cc4eed,Stavely,Gazetted Locality,VIC,-37.604141224031814,142.62493285607184
loc4e6d9830aae4,Stawell,Gazetted Locality,VIC,-37.04472442398596,142.769670536208
loc628752a263dc,Steels Creek,Gazetted Locality,VIC,-37.580945897937205,145.38179270635374
loc96f4f39ec0c2,Steiglitz,Gazetted Locality,VIC,-37.86716595099112,144.18681164703537
locf56a10497654,Stewarton,Gazetted Locality,VIC,-36.41533222738478,145.81313729536873
loc90c95b57d1c7,Stirling,Gazetted Locality,VIC,-37.45302916578646,147.70926580552077
loc26638b2030bc,Stockdale,Gazetted Locality,VIC,-37.82454332542253,147.19757445325243
loc49e0e701b462,Stockyard Hill,Gazetted Locality,VIC,-37.5452831570138,143.28809213909665
loc7b73d1e44db8,Stonehaven,Gazetted Locality,VIC,-38.123102243050475,144.22511211255247
loc4065cba3cd86,Stoneleigh,Gazetted Locality,VIC,-37.58356523961929,143.2306554636391
locc05e367b560c,Stony Creek,Gazetted Locality,VIC,-37.225187861147994,143.6854227585738
loccb350279da3d,Stony Creek,Gazetted Locality,VIC,-38.59333885688022,146.07958098743603
locc6dd87f45132,Stonyford,Gazetted Locality,VIC,-38.331403965584215,143.30829346986917
loc1e2a6f665e17,Stradbroke,Gazetted Locality,VIC,-38.27791366405407,147.03849855551266
loc4b54e0a553fa,Strangways,Gazetted Locality,VIC,-37.143913160260865,144.09128832060486
locc273bc1f8464,Straten,Gazetted Locality,VIC,-35.37352557058594,142.57445566889965
loce760613559f5,Stratford,Gazetted Locality,VIC,-37.94625793536122,147.11462473763225
locf072390a4529,Strath Creek,Gazetted Locality,VIC,-37.24663407017957,145.23061664660466
loc4c674194c354,Strathallan,Gazetted Locality,VIC,-36.25997445778232,144.77095439853812
loc497498bf1cc1,Strathbogie,Gazetted Locality,VIC,-36.87721672524761,145.76650383383998
loc4fbe8e7f70da,Strathdale,Gazetted Locality,VIC,-36.76818086767943,144.31868027195083
locee2358671490,Strathdownie,Gazetted Locality,VIC,-37.73841324279948,141.11776171954097
loc1c1d725fe71e,Strathewen,Gazetted Locality,VIC,-37.54021813091421,145.27401299868177
loc13ed320cd188,Strathfieldsaye,Gazetted Locality,VIC,-36.80548305057508,144.36306371150226
locf07cdad512c3,Strathkellar,Gazetted Locality,VIC,-37.70255806243443,142.1169605902174
loc24d557922507,Strathlea,Gazetted Locality,VIC,-37.148909352614865,143.9729222754426
loce0b9b108d16c,Strathmerton,Gazetted Locality,VIC,-35.90463186811082,145.4486549221059
loc731aac9d3e93,Strathmore,Gazetted Locality,VIC,-37.72990146930288,144.92057618505328
loc9721f9d95eee,Strathmore Heights,Gazetted Locality,VIC,-37.71421370295661,144.8995683484157
loc504fa57cb876,Strathtulloh,Gazetted Locality,VIC,-37.73249442989015,144.59691096783325
locac6802581362,Streatham,Gazetted Locality,VIC,-37.63824421166001,143.09060543991677
loca172080d97ae,Strzelecki,Gazetted Locality,VIC,-38.34308235043315,145.89870763748075
loc9f0d65ead68c,Stuart Mill,Gazetted Locality,VIC,-36.794587402043625,143.28273425683676
loc3c784a9e7976,Sugarloaf,Gazetted Locality,VIC,-38.69100830530313,143.7965345796268
loc8d6ecd89ab09,Sugarloaf Creek,Gazetted Locality,VIC,-37.12561219733524,145.02502489580277
loc45da03d937dd,Suggan Buggan,Gazetted Locality,VIC,-36.91654692266796,148.33687772641858
loceded6e0341b3,Sulky,Gazetted Locality,VIC,-37.45872077257124,143.86383659090967
loc1134c6b93255,Summerlands,Gazetted Locality,VIC,-38.50738843140846,145.14520953268232
loc00f0949ea0ad,Sunbury,Gazetted Locality,VIC,-37.55337757518503,144.71353813989464
loc274a11984c33,Sunday Creek,Gazetted Locality,VIC,-37.25436752827172,145.0473905699551
loc1eda86883ae9,Sunderland Bay,Gazetted Locality,VIC,-38.50314385912402,145.2729669823619
loc1fc92c0da5b7,Sunset Strip,Gazetted Locality,VIC,-38.49515624158422,145.26606322479915
loc61addd636cfb,Sunshine,Gazetted Locality,VIC,-37.789704387438306,144.83578522985044
loc37017194a2d7,Sunshine North,Gazetted Locality,VIC,-37.76259353750474,144.83696502174712
loc46443686a430,Sunshine West,Gazetted Locality,VIC,-37.79924306170535,144.805957691318
locbdef0302d160,Surf Beach,Gazetted Locality,VIC,-38.507817479522615,145.29008278219072
loc4add9dd25668,Surrey Hills,Gazetted Locality,VIC,-37.825272296994314,145.10030151269058
loc898cebd58b27,Sutherland,Gazetted Locality,VIC,-36.53606668237738,143.19540682393733
loc5d5e436b32ec,Sutherlands Creek,Gazetted Locality,VIC,-38.01276179062904,144.2181121560231
loc06d8c087370b,Sutton,Gazetted Locality,VIC,-35.722773721457045,142.9735862482375
loc1ef6cd987380,Sutton Grange,Gazetted Locality,VIC,-36.98732063579825,144.37045100214027
locdbb9e644cdbc,Swan Bay,Gazetted Locality,VIC,-38.23394393796184,144.6675961630939
locedacea740a10,Swan Hill,Gazetted Locality,VIC,-35.36210271575122,143.51272110529607
loc8710c53a552c,Swan Hill West,Gazetted Locality,VIC,-35.368747243491384,143.39804765240484
loc80cb8fb990a3,Swan Island,Gazetted Locality,VIC,-38.24958752993854,144.68022822085132
loc94db18332b02,Swan Marsh,Gazetted Locality,VIC,-38.373726809003,143.35415681685035
loc186a20adcf17,Swan Reach,Gazetted Locality,VIC,-37.815230340532416,147.8765528904048
locede7f63fcf49,Swanpool,Gazetted Locality,VIC,-36.727140935528524,145.99128983912732
loc7f07093250fd,Swanwater,Gazetted Locality,VIC,-36.536843219571224,143.10499867405665
loc8f8289189932,Swanwater West,Gazetted Locality,VIC,-36.519454231824625,143.01640277683364
loc78d50d88ce2d,Swifts Creek,Gazetted Locality,VIC,-37.24942323915885,147.7592376891513
loc4b34c45998d4,Sydenham,Gazetted Locality,VIC,-37.696068731104134,144.76303615733264
locf7a35a7782ab,Sylvaterre,Gazetted Locality,VIC,-36.07568677930966,144.23245655249258
locad67800f600e,Tabberabbera,Gazetted Locality,VIC,-37.55805495253899,147.37544056513264
loc3532f7182cf4,Tabilk,Gazetted Locality,VIC,-36.85519335936401,145.17878397329903
locd11391133304,Tabor,Gazetted Locality,VIC,-37.83080389878805,142.18984305015516
loc9730683f20a2,Taggerty,Gazetted Locality,VIC,-37.3498064020602,145.72598803969245
loc310f52d7bc1b,Tahara,Gazetted Locality,VIC,-37.74305015813066,141.73477294144345
loc92c02e6239c4,Tahara Bridge,Gazetted Locality,VIC,-37.68212764474982,141.65652134316917
loc35eee235f791,Tahara West,Gazetted Locality,VIC,-37.73250906696576,141.6266534659033
loc2e8632815597,Talbot,Gazetted Locality,VIC,-37.180722763315664,143.69475853122907
loca35939162749,Talgarno,Gazetted Locality,VIC,-36.06493928925477,147.1594467473477
loc39a81501f6a9,Tallandoon,Gazetted Locality,VIC,-36.41171414402835,147.2319044483767
loc611e5c6e9f93,Tallangatta,Gazetted Locality,VIC,-36.23537650417926,147.18279446153724
locd80b9ab8e1f0,Tallangatta East,Gazetted Locality,VIC,-36.2133249788778,147.27581634624505
loc6f0dc4a4e6a0,Tallangatta South,Gazetted Locality,VIC,-36.33376068570834,147.2758857248772
loc8e2fcc3d7f1c,Tallangatta Valley,Gazetted Locality,VIC,-36.32518504261057,147.43295570927452
loc28af1e0afcb0,Tallarook,Gazetted Locality,VIC,-37.129946975516035,145.12252529653455
locc884f66b9560,Tallygaroopna,Gazetted Locality,VIC,-36.24070473555837,145.44075959523167
loca9d9fb9d90f9,Tambo Crossing,Gazetted Locality,VIC,-37.49793476325186,147.83579340184568
loc18fbc6e8b6c9,Tambo Upper,Gazetted Locality,VIC,-37.76279746705062,147.87913051336213
loc0297eb9fdb05,Tamboon,Gazetted Locality,VIC,-37.68019118154703,149.18705653210137
loc7d88b94c780c,Tamboritha,Gazetted Locality,VIC,-37.43545007833474,146.69092577386152
locf511f8440b74,Taminick,Gazetted Locality,VIC,-36.39511543750004,146.18220709113564
loc85777ed7d4a8,Tamleugh,Gazetted Locality,VIC,-36.58786901396166,145.57892510755138
loca0749b91bc21,Tamleugh North,Gazetted Locality,VIC,-36.53131218835355,145.58352132270454
loc14cde479f31e,Tandarook,Gazetted Locality,VIC,-38.317040256111035,143.18490272801586
loc1b2d6ebece63,Tandarra,Gazetted Locality,VIC,-36.43902880214465,144.20656619437216
loc90c60f5d2011,Tangambalanga,Gazetted Locality,VIC,-36.24165259590927,147.0401971914385
loc4b53ae72109c,Tanjil,Gazetted Locality,VIC,-37.94325015872974,146.21809669502022
loc47bee1afee13,Tanjil Bren,Gazetted Locality,VIC,-37.851817177421125,146.14802846708784
loc9a17abcd62bb,Tanjil South,Gazetted Locality,VIC,-38.0998708471965,146.26550200139667
loc46ac814b3122,Tantaraboo,Gazetted Locality,VIC,-37.24039477841285,144.8247214821527
loc0f1dbfc07b88,Tanwood,Gazetted Locality,VIC,-37.009345213313345,143.38711838071663
locb4edf1d963ad,Tanybryn,Gazetted Locality,VIC,-38.65668306927155,143.71817113577086
loc492d81583a5a,Taradale,Gazetted Locality,VIC,-37.14078251886971,144.34444100785475
loc987a51ef1b8e,Tarcombe,Gazetted Locality,VIC,-36.96574065424534,145.31781586088368
loc108a649ba4ae,Tarilta,Gazetted Locality,VIC,-37.178081306339095,144.1904834960262
loc6819fbf32cef,Tarnagulla,Gazetted Locality,VIC,-36.7753512231907,143.830600764037
loc819a06b032e3,Tarneit,Gazetted Locality,VIC,-37.836325403933046,144.65951504670826
loca8a725aac99c,Tarnook,Gazetted Locality,VIC,-36.53557751461973,145.86141051584696
locf185862fdace,Taroon,Gazetted Locality,VIC,-38.33154700238164,142.8689671857714
loc1483464fe7a4,Tarra Valley,Gazetted Locality,VIC,-38.469607940373514,146.55045557610586
locf21663386d1e,Tarranyurk,Gazetted Locality,VIC,-36.223434864697595,142.09834563876532
loc592fc18044bc,Tarraville,Gazetted Locality,VIC,-38.625936501257485,146.74912823203258
loce718575b31cf,Tarrawarra,Gazetted Locality,VIC,-37.65653082894758,145.44263879617054
loc25273574cf84,Tarrawingee,Gazetted Locality,VIC,-36.38616206616156,146.46110609929127
locc12d00a14d83,Tarrayoukyan,Gazetted Locality,VIC,-37.30463523136277,141.55688640065284
locca627b6056a1,Tarrengower,Gazetted Locality,VIC,-37.0054137932503,144.01510886927167
loc492e00cb5d44,Tarrenlea,Gazetted Locality,VIC,-37.67703385948858,141.73722613370964
loca6b49df57905,Tarrington,Gazetted Locality,VIC,-37.766966974569854,142.12190330510248
loce9332a0b2116,Tarrone,Gazetted Locality,VIC,-38.227139215380966,142.194862353764
loc46e9bd60371b,Tarwin,Gazetted Locality,VIC,-38.59891911928113,145.95363625557331
locc14e6fa711f7,Tarwin Lower,Gazetted Locality,VIC,-38.773569049805104,145.91679111992653
locffba4992fc2a,Tatong,Gazetted Locality,VIC,-36.763943394908566,146.16195378472918
locf054a9836e56,Tatura,Gazetted Locality,VIC,-36.4474661106739,145.22279655754977
loce044fe644655,Tatura East,Gazetted Locality,VIC,-36.4474775749687,145.29555214647462
loc2d49de87a98d,Tatyoon,Gazetted Locality,VIC,-37.50080268377745,142.99395497311164
loc71cd3ca85009,Tawonga,Gazetted Locality,VIC,-36.673780578055585,147.1711974107522
loc6de6554b144b,Tawonga South,Gazetted Locality,VIC,-36.76252706152091,147.13879000598845
loc240b979fad0f,Taylor Bay,Gazetted Locality,VIC,-37.20642761825431,145.88844852872023
locc91f4a31a1bc,Taylors Hill,Gazetted Locality,VIC,-37.71486473245852,144.75337269191454
locf065e41cfac9,Taylors Lakes,Gazetted Locality,VIC,-37.69667377667446,144.78226424604156
locc98c206ba48a,Teal Point,Gazetted Locality,VIC,-35.682154765181004,144.04914655480775
loc438dbf96a52e,Tecoma,Gazetted Locality,VIC,-37.906833101799364,145.3437080566978
locbc413ed72915,Teddywaddy,Gazetted Locality,VIC,-36.19487226771315,143.332113549658
locf090c6542dca,Teddywaddy West,Gazetted Locality,VIC,-36.188807729597755,143.21364751830822
loce208722da6de,Teesdale,Gazetted Locality,VIC,-38.02432209037579,144.04756884356982
loc8b5fb46310cd,Telangatuk East,Gazetted Locality,VIC,-37.120288399318326,142.0161113550177
loc4f3728f8eede,Telford,Gazetted Locality,VIC,-36.10390442887874,145.95189009296422
loc04def1c0ccbb,Telopea Downs,Gazetted Locality,VIC,-36.040588151173054,141.10773779169037
loc406d1f7b5fe3,Templestowe,Gazetted Locality,VIC,-37.75625324538793,145.1443687911817
loc5d01e4efc615,Templestowe Lower,Gazetted Locality,VIC,-37.76427976090695,145.1143255304657
loce73733941979,Tempy,Gazetted Locality,VIC,-35.28883679495051,142.43712670640735
loc4c0492501f3f,Tenby Point,Gazetted Locality,VIC,-38.41402039581417,145.47475594369067
loc75d84680b181,Tennyson,Gazetted Locality,VIC,-36.29463622473763,144.376584978187
loce53fd4b5ef55,Terang,Gazetted Locality,VIC,-38.24619278751355,142.87635027810273
loc969b9d828d8a,Terip Terip,Gazetted Locality,VIC,-37.01497816299287,145.54230282935885
locbd5b1ebf0354,Terrappee,Gazetted Locality,VIC,-36.15320224705168,143.57611743091678
loc793e70bf8b55,Terrick Terrick,Gazetted Locality,VIC,-36.11657834262699,144.25732314726406
locd0290dd0bcb8,Terrick Terrick East,Gazetted Locality,VIC,-36.106049342824065,144.39081429750388
loccf14c50eb2c9,Tesbury,Gazetted Locality,VIC,-38.300183500671025,143.15742086916237
locb4e184e23000,Tetoora Road,Gazetted Locality,VIC,-38.28023108044389,145.88648536858352
loc4334bdd9d51b,Thalia,Gazetted Locality,VIC,-36.10807474634321,143.08413782485837
loc6500417cdbf5,Thalloo,Gazetted Locality,VIC,-38.08382448884806,146.30822423652606
loce47e16b2ae23,The Basin,Gazetted Locality,VIC,-37.85592864773843,145.3186953467656
loc80aa98eb2a93,The Cove,Gazetted Locality,VIC,-38.49260351166677,142.6970801251304
loc9c330bc374d9,The Gurdies,Gazetted Locality,VIC,-38.38976273887084,145.56831790137255
loce76eead3fa8b,The Heart,Gazetted Locality,VIC,-38.11376395395851,147.18531812005375
loc202f42adc35c,The Honeysuckles,Gazetted Locality,VIC,-38.33609570617428,147.23098788608112
locfb3b0109e597,The Patch,Gazetted Locality,VIC,-37.891118189729745,145.40127432079274
loc2a121e227b4e,The Sisters,Gazetted Locality,VIC,-38.18711853905245,142.79028858524998
loc3b19cd634107,Thologolong,Gazetted Locality,VIC,-35.98904795114605,147.42294947377385
loc8f565e81c655,Thomastown,Gazetted Locality,VIC,-37.68320233723502,145.0067341075003
loc1332dec9b76a,Thomson,Gazetted Locality,VIC,-37.76372506944031,146.3359073862154
loce0707ac065f9,Thomson,Gazetted Locality,VIC,-38.17176318171204,144.3808039591974
loc1d0134266998,Thoona,Gazetted Locality,VIC,-36.3511833963735,146.06904614293967
loc82b861dfb765,Thornbury,Gazetted Locality,VIC,-37.758413976923286,145.00481239700378
loc08859c84b2aa,Thornhill Park,Gazetted Locality,VIC,-37.72578581606361,144.62608444198202
locd4e6688eec1a,Thornton,Gazetted Locality,VIC,-37.27256078472007,145.81554054309194
loc7cfab6fabb8d,Thorpdale,Gazetted Locality,VIC,-38.303893625866394,146.18078740900668
loce97dcb0232f8,Thorpdale South,Gazetted Locality,VIC,-38.331864982717434,146.14243546276884
loc3dcfd1bf0f21,Thowgla Valley,Gazetted Locality,VIC,-36.272093127988455,147.92531445560036
loc047bec056954,Three Bridges,Gazetted Locality,VIC,-37.85195573477586,145.6802758210071
loc68f05449381c,Tidal River,Gazetted Locality,VIC,-39.03172219595282,146.32051827685734
loc77836800802e,Timbarra,Gazetted Locality,VIC,-37.490039681513345,147.9370966474491
locd66c17fc6c7d,Timboon,Gazetted Locality,VIC,-38.48430230764659,142.96305316385934
loc295a8be38b71,Timboon West,Gazetted Locality,VIC,-38.53724265583607,142.92306747760438
locfe4a1adfd013,Timmering,Gazetted Locality,VIC,-36.348692427637076,144.88194697629854
loc358591a93112,Timor,Gazetted Locality,VIC,-36.98165842130655,143.72832192497248
loc144a5cd7ea96,Timor West,Gazetted Locality,VIC,-36.957810884870504,143.6730483174734
loc02199e927f06,Tinamba,Gazetted Locality,VIC,-37.973988281798,146.8833753985038
loc67ca10911a99,Tinamba West,Gazetted Locality,VIC,-37.92260428972163,146.8273410247873
locf696ab3aafac,Tintaldra,Gazetted Locality,VIC,-36.05408602627953,147.9211050985106
loc408de2763c24,Tittybong,Gazetted Locality,VIC,-35.755540865434654,143.36409215051387
loc7d6b24d7d761,Tol Tol,Gazetted Locality,VIC,-34.64956295835559,142.81994523238168
loc993c29e386e0,Tolmie,Gazetted Locality,VIC,-36.9120014028006,146.3039784035314
loc423c8982f88f,Tom Groggin,Gazetted Locality,VIC,-36.58279604127114,148.10106563905467
locabb788a18618,Tongala,Gazetted Locality,VIC,-36.247372847875354,144.9683665853783
loccf344091c98c,Tonghi Creek,Gazetted Locality,VIC,-37.6022213106565,149.06239321391655
loc29ab1b3e64ec,Tongio,Gazetted Locality,VIC,-37.16868904517949,147.69881663243393
loc6099461e881c,Tonimbuk,Gazetted Locality,VIC,-38.01502828973065,145.72252095123878
loc31d97c6c71e7,Tooan,Gazetted Locality,VIC,-36.813765200341734,141.7821554489234
loc83fcba1701d6,Tooborac,Gazetted Locality,VIC,-37.047586122524336,144.80323573107717
locd38191a1a288,Toolamba,Gazetted Locality,VIC,-36.49613195542851,145.33421719273554
locd50150f3ea55,Toolamba West,Gazetted Locality,VIC,-36.481844314940815,145.26825417459972
loc376ed9d2771c,Toolangi,Gazetted Locality,VIC,-37.518393836289874,145.50621667211266
locfd2b1f4a0ddc,Toolern Vale,Gazetted Locality,VIC,-37.5984110334669,144.58405608625338
locc2b1ccff24c4,Toolleen,Gazetted Locality,VIC,-36.71638854030169,144.696768120525
loc7c0417df3e45,Toolome,Gazetted Locality,VIC,-37.619528733080486,147.05416661680397
loc290601d17637,Toolondo,Gazetted Locality,VIC,-37.013028936610795,141.8843049478707
loc9259ba2ec6ec,Toolong,Gazetted Locality,VIC,-38.31320830975773,142.24342496200438
loccc088aeafe35,Toombon,Gazetted Locality,VIC,-37.741464903071304,146.44941640579407
loc73a825174d07,Toongabbie,Gazetted Locality,VIC,-38.03543001076939,146.57214003890624
locbdad57a4fcd3,Toora,Gazetted Locality,VIC,-38.65278422963742,146.3041680132277
locb8143705a386,Toora North,Gazetted Locality,VIC,-38.607088287586706,146.3380432537494
loc03401076c33f,Tooradin,Gazetted Locality,VIC,-38.19892927503828,145.38549327349529
loc7e96c43cdd6c,Toorak,Gazetted Locality,VIC,-37.84109992376581,145.01805794364884
loc14e484fa2924,Toorloo Arm,Gazetted Locality,VIC,-37.794724191192245,148.06823694394336
locb2cfe1e7d05b,Toorongo,Gazetted Locality,VIC,-37.77894086958371,146.08319076889447
loca529180576a5,Tootgarook,Gazetted Locality,VIC,-38.37708338961344,144.85023573409762
locba5e689e47f8,Torquay,Gazetted Locality,VIC,-38.31253547613048,144.3264020753145
loccbf0d092f57d,Torrita,Gazetted Locality,VIC,-35.12127773220578,141.93077472714828
loc6c0f29d040f7,Torrumbarry,Gazetted Locality,VIC,-36.02985733034512,144.51932402978736
loc39c11a18ed29,Torwood,Gazetted Locality,VIC,-38.25830334921726,145.8735383458802
locc555de5b45cc,Tostaree,Gazetted Locality,VIC,-37.785501497594815,148.2022594485304
loc4291fa503e5c,Tottenham,Gazetted Locality,VIC,-37.80579684792123,144.85403624687692
loc88333aaf25e7,Tottington,Gazetted Locality,VIC,-36.76631820236608,143.0794384918545
loc7f535c0872f5,Tourello,Gazetted Locality,VIC,-37.35367459404567,143.78805408013454
loc454d8741bceb,Towan,Gazetted Locality,VIC,-35.14794473768422,143.22356497999257
loce38209a752a3,Towaninny,Gazetted Locality,VIC,-35.844250274038984,143.3651474002728
loc88e91e370f1a,Towaninny South,Gazetted Locality,VIC,-35.937850854549204,143.33472086889284
loc21c41120fa31,Tower Hill,Gazetted Locality,VIC,-38.33016662584481,142.35351430421332
loc1c5f2c23fc52,Towong,Gazetted Locality,VIC,-36.119545862417446,147.9569380956168
loccfacf870bf34,Towong Upper,Gazetted Locality,VIC,-36.20987777642938,148.01031646955843
loc5e975e2e1c0e,Trafalgar,Gazetted Locality,VIC,-38.16158738622551,146.1315719305388
loc09a44571c760,Trafalgar East,Gazetted Locality,VIC,-38.17049833157006,146.18857950647924
loce515c2e1a55e,Trafalgar South,Gazetted Locality,VIC,-38.24419685570953,146.16263292762312
loc0787c217a18e,Tragowel,Gazetted Locality,VIC,-35.84295763427424,143.96854527167613
loc8e5a2b16aaaa,Traralgon,Gazetted Locality,VIC,-38.20203940868532,146.519779756971
loc8f498b475ec6,Traralgon East,Gazetted Locality,VIC,-38.18998510963922,146.58702505165917
locb0a03ed92a58,Traralgon South,Gazetted Locality,VIC,-38.286015653495426,146.55425088429553
locc40c10b3741d,Travancore,Gazetted Locality,VIC,-37.78202283967771,144.93617623260735
loc0556383a3fd9,Trawalla,Gazetted Locality,VIC,-37.44637777812537,143.49442635800477
loc84557fce7bd8,Trawool,Gazetted Locality,VIC,-37.130662374501284,145.23914784479317
loc01686b129937,Traynors Lagoon,Gazetted Locality,VIC,-36.5760232229738,142.99173087756134
locf0acc5d27c08,Tremont,Gazetted Locality,VIC,-37.878476916965084,145.31476980186474
loc62155f23f2c5,Trentham,Gazetted Locality,VIC,-37.3849418814777,144.32981309231073
loc8790df0d0aca,Trentham East,Gazetted Locality,VIC,-37.41501998741016,144.40470269569218
loce8c6e6380ad1,Tresco,Gazetted Locality,VIC,-35.499527913933065,143.6882008232884
loc711c97aaa179,Tresco West,Gazetted Locality,VIC,-35.50553927060228,143.6345267484959
locd98adb15580b,Trida,Gazetted Locality,VIC,-38.321420006964665,145.97149174789183
loc7a8cc16cce19,Truganina,Gazetted Locality,VIC,-37.80207407944819,144.71076631360805
locfc85980fff39,Tubbut,Gazetted Locality,VIC,-37.06061725184014,148.59105746920915
loce69259513060,Tuerong,Gazetted Locality,VIC,-38.2975118274486,145.09128137306436
locc22270f9d4ea,Tulkara,Gazetted Locality,VIC,-36.94179672356005,143.04645732155348
loc8fef59c1c585,Tullamarine,Gazetted Locality,VIC,-37.7030299572974,144.87963031068838
loc7991fa7175fe,Tungamah,Gazetted Locality,VIC,-36.163562383878094,145.89091721971732
loc48ca17577683,Turoar,Gazetted Locality,VIC,-35.18051854475323,143.08526966750253
loca0b247890d66,Turriff,Gazetted Locality,VIC,-35.45705846393327,142.44568485369618
loc90db46597d77,Turriff East,Gazetted Locality,VIC,-35.445640698658664,142.58155447338675
loc895e8c019b87,Turtons Creek,Gazetted Locality,VIC,-38.54618533699508,146.23360423096267
loc222c7bdefa35,Tutye,Gazetted Locality,VIC,-35.19179892504869,141.48715610798916
loc899c1d7a9cc2,Tyaak,Gazetted Locality,VIC,-37.220075965780026,145.13894229267277
loc85eb5f11b3d4,Tyabb,Gazetted Locality,VIC,-38.26622995487223,145.18981463775657
loc995f67e29bf4,Tyenna,Gazetted Locality,VIC,-35.32497961035075,142.57598071203927
loc82e1fbce0752,Tyers,Gazetted Locality,VIC,-38.141224594562374,146.47634283070317
loc399d9bd46679,Tylden,Gazetted Locality,VIC,-37.323166364067845,144.4106071538236
loc5a1724a82257,Tylden South,Gazetted Locality,VIC,-37.354183284578625,144.3739691030682
loca4ac31a7c768,Tynong,Gazetted Locality,VIC,-38.094262992696414,145.62202786975357
loc5060abf8fe2d,Tynong North,Gazetted Locality,VIC,-38.028586753489314,145.63780100415698
locc2bb46c0b790,Tyntynder,Gazetted Locality,VIC,-35.24142913959936,143.54005414829356
loc4ddd342eb849,Tyntynder South,Gazetted Locality,VIC,-35.27170935903473,143.5043700792239
locf54231d81f5e,Tyrendarra,Gazetted Locality,VIC,-38.20782450322304,141.78522442087063
loc66100ca987e8,Tyrendarra East,Gazetted Locality,VIC,-38.24866229129787,141.89362778871146
locf272f2c5c3ca,Tyrrell,Gazetted Locality,VIC,-35.43244810538461,142.9868922236216
locb53b57c7e457,Tyrrell Downs,Gazetted Locality,VIC,-35.32538253218339,142.93443604353286
locd09a0639a34a,Ullina,Gazetted Locality,VIC,-37.28071310654285,143.8912152730985
locbe2317b807c7,Ullswater,Gazetted Locality,VIC,-36.91558363372516,141.41597641481837
loc94fdc21035b3,Ultima,Gazetted Locality,VIC,-35.480493197691665,143.26670645487667
locc3c3ee587a70,Ultima East,Gazetted Locality,VIC,-35.430931718887024,143.37309100111034
loc40b783f77df7,Ulupna,Gazetted Locality,VIC,-35.831256182512746,145.46735352506383
loc3a4ef3a459d7,Undera,Gazetted Locality,VIC,-36.24215075208377,145.2138120109071
locd6579d3bfe2a,Underbool,Gazetted Locality,VIC,-35.13766209839517,141.82073372890613
loc90eb8cc4f52f,Upotipotpon,Gazetted Locality,VIC,-36.50292075441307,145.79682209899886
loc645cc36e078e,Upper Ferntree Gully,Gazetted Locality,VIC,-37.898964972398005,145.31001850639973
loc945b94d8a45a,Upper Gundowring,Gazetted Locality,VIC,-36.51657287627471,147.08738965819475
loccaa1dce5b720,Upper Lurg,Gazetted Locality,VIC,-36.58626025681505,146.19664856153847
loc991c414cb6c9,Upper Plenty,Gazetted Locality,VIC,-37.414952413832154,145.06198091508196
loc2726ee2dd40a,Upper Ryans Creek,Gazetted Locality,VIC,-36.67116237705146,146.20534470663262
loc8cd8a503d350,Upton Hill,Gazetted Locality,VIC,-36.8935022753969,145.40675416197826
loca860484b6389,Upwey,Gazetted Locality,VIC,-37.90509814844242,145.32535438018866
loc730a498664b9,Valencia Creek,Gazetted Locality,VIC,-37.77300044412109,146.99941649212812
loc06c6ad3873db,Vasey,Gazetted Locality,VIC,-37.33231359816422,141.88617377519472
loc32e841d50c5c,Vaughan,Gazetted Locality,VIC,-37.159299508958625,144.21620878636247
loce306b2ffdb08,Vectis,Gazetted Locality,VIC,-36.71257812055444,142.07878699813915
locb10932f30a7d,Ventnor,Gazetted Locality,VIC,-38.49290410932732,145.18429240493668
loc4a6dd2077a69,Venus Bay,Gazetted Locality,VIC,-38.67854182243379,145.7938317916022
loc46b3ff1e6b9a,Vermont,Gazetted Locality,VIC,-37.838682724953294,145.19964429558047
loc137c40f435ae,Vermont South,Gazetted Locality,VIC,-37.855312632408385,145.18771849412383
loc5fa8eec49065,Vervale,Gazetted Locality,VIC,-38.13814127266623,145.66163550606564
loc8c710d361161,Vesper,Gazetted Locality,VIC,-37.87516006187829,146.06894149596346
loc548fff272180,Victoria Point,Gazetted Locality,VIC,-37.50661441453923,142.22238844923294
loc88d48b0638b6,Victoria Valley,Gazetted Locality,VIC,-37.522787137543915,142.32200416635908
loc0971566e0102,Viewbank,Gazetted Locality,VIC,-37.74064616700525,145.09176090430236
loc12c509263465,Vinifera,Gazetted Locality,VIC,-35.21218649607658,143.39233833222175
loc80fbbf051518,Violet Town,Gazetted Locality,VIC,-36.61887488680189,145.71051557142926
locfdd161c41b6f,Vite Vite,Gazetted Locality,VIC,-37.85464068985755,143.15550339783738
loc4718db79a2e2,Vite Vite North,Gazetted Locality,VIC,-37.79208570583586,143.18638709243146
loc397dbf1377ad,W Tree,Gazetted Locality,VIC,-37.32968254100755,148.3001775669254
loc98cc44b0b5bd,Waaia,Gazetted Locality,VIC,-36.046127830193974,145.3107463786962
loc6f9394596483,Waanyarra,Gazetted Locality,VIC,-36.82112986929937,143.81373831178018
loca1d72afa3973,Waarre,Gazetted Locality,VIC,-38.57531538957904,143.04611867637232
locced14f419065,Wabonga,Gazetted Locality,VIC,-37.07310739423494,146.59349503157415
loc4900626caaca,Waggarandall,Gazetted Locality,VIC,-36.24916392280724,145.7821519987115
locb9d8a676ccaa,Wahgunyah,Gazetted Locality,VIC,-36.00282306821811,146.42556540404917
loc6b57f730f7be,Wahring,Gazetted Locality,VIC,-36.695228350781676,145.2590913989884
loc6817482044a9,Wail,Gazetted Locality,VIC,-36.53466140118694,142.09405427614567
loc765412c3b33c,Wairewa,Gazetted Locality,VIC,-37.69510004272807,148.16294835637433
loc4ddefd6ecc39,Waitchie,Gazetted Locality,VIC,-35.395981310998835,143.0840844182471
loc3a49029ff679,Wal Wal,Gazetted Locality,VIC,-36.80870815051479,142.59547426041894
loc6881ad99ba61,Waldara,Gazetted Locality,VIC,-36.319645894110494,146.28438803617433
loc2beceab2877e,Walhalla,Gazetted Locality,VIC,-37.938361792577055,146.47035245293637
locc7d5ca12736f,Walhalla East,Gazetted Locality,VIC,-37.93444195834537,146.57975592539046
loca78ea13fe934,Walkerville,Gazetted Locality,VIC,-38.80966571224003,145.99242006733488
loc512e2a051f28,Walkerville North,Gazetted Locality,VIC,-38.84365445178837,145.99839113398284
locd0d2c6ee352b,Walkerville South,Gazetted Locality,VIC,-38.86048386590119,145.9961410029555
loc3673e6bf7496,Wallace,Gazetted Locality,VIC,-37.561623338384706,144.05584804200873
locdbfc682106fa,Wallacedale,Gazetted Locality,VIC,-37.926423478802946,141.81270389241814
loc8077867c0f2b,Wallagaraugh,Gazetted Locality,VIC,-37.43557153199086,149.74499200736722
loc01fcd5e2fb04,Wallaloo,Gazetted Locality,VIC,-36.75609571030823,142.87215018845248
loc376472d972d4,Wallaloo East,Gazetted Locality,VIC,-36.80698357115432,142.9264125425537
locc605118e951a,Wallan,Gazetted Locality,VIC,-37.40726328048514,144.9618636361768
locb75a4dc6e49c,Wallinduc,Gazetted Locality,VIC,-37.873137707789404,143.52403715827654
locf5e258559e72,Wallington,Gazetted Locality,VIC,-38.22851549223313,144.50703935028866
loc827dcfe3d6ac,Wallup,Gazetted Locality,VIC,-36.35998739842329,142.25499571396057
loc532c3dac4248,Walmer,Gazetted Locality,VIC,-36.97723825932263,144.1705979249084
loc800ba8938201,Walpa,Gazetted Locality,VIC,-37.79155098048027,147.38570419039155
loc414fa97a2fe7,Walpeup,Gazetted Locality,VIC,-35.109639128073624,142.04425712594553
loce661a13ec65f,Walwa,Gazetted Locality,VIC,-35.995240514655364,147.72770214919223
locc4098658e153,Wanalta,Gazetted Locality,VIC,-36.59538568103109,144.9086767883097
locfd497c8434da,Wandana Heights,Gazetted Locality,VIC,-38.17718946376911,144.29903772068383
loc1a53a1d670c3,Wandella,Gazetted Locality,VIC,-35.73820405135787,143.82763669316915
locf78355cadd31,Wandiligong,Gazetted Locality,VIC,-36.80741843819394,146.96724064263185
loc2424df148d7d,Wandin East,Gazetted Locality,VIC,-37.8130955480684,145.45541607840573
loc5ca016a59345,Wandin North,Gazetted Locality,VIC,-37.77991122438226,145.4267316236702
loc237929aff20d,Wando Bridge,Gazetted Locality,VIC,-37.44244234643643,141.42327291982565
loc0fdc726d4605,Wando Vale,Gazetted Locality,VIC,-37.487872450576525,141.49134108996708
loce8e8e9e3c9b6,Wandong,Gazetted Locality,VIC,-37.353108148931746,145.0356617909173
loc716dc99be4b9,Wandown,Gazetted Locality,VIC,-34.82076733990159,142.93818621026486
loc91986fb3c2b4,Wangandary,Gazetted Locality,VIC,-36.32819801922004,146.2276831934336
loce07bf29d8134,Wangarabell,Gazetted Locality,VIC,-37.396719685065605,149.4815951158414
loc5c7c3d320a8a,Wangaratta,Gazetted Locality,VIC,-36.36536577899142,146.31212358643648
loc94865d03eaac,Wangaratta South,Gazetted Locality,VIC,-36.39802562179946,146.2507992726229
loc6c2a8b84c086,Wangie,Gazetted Locality,VIC,-35.68966883849587,143.27495645111782
locd3d0aa4dde7c,Wangoom,Gazetted Locality,VIC,-38.33028918270922,142.58109082232392
loc3d31bdfdbf2e,Wannon,Gazetted Locality,VIC,-37.660108917089204,141.83076172173685
loc4a341f4d3e02,Wantirna,Gazetted Locality,VIC,-37.853424765434966,145.22505131147716
loc37efd432abe4,Wantirna South,Gazetted Locality,VIC,-37.87061798907857,145.22104223697977
locbe8d8a37fe79,Waranga,Gazetted Locality,VIC,-36.49173028141616,145.06835258679052
locb9139a4f40dc,Waranga Shores,Gazetted Locality,VIC,-36.5486288971684,145.09087575512098
loc23a90c7a773f,Waratah Bay,Gazetted Locality,VIC,-38.79830769230699,146.0598008335241
locac65b599176b,Warburton,Gazetted Locality,VIC,-37.73468114825869,145.69693445483227
loc6c0189b66bc9,Wareek,Gazetted Locality,VIC,-36.99030802959501,143.61717762213772
loc5f8a77d54615,Wargan,Gazetted Locality,VIC,-34.18444755679839,141.84692304600406
loc65790c5e3753,Warmur,Gazetted Locality,VIC,-36.09097180032147,142.74675015345088
locc17191828a92,Warncoort,Gazetted Locality,VIC,-38.31525519783314,143.71732566669652
loca92dd94466a5,Warne,Gazetted Locality,VIC,-35.7922539657213,143.1109083272652
loc9b28917d6a46,Warneet,Gazetted Locality,VIC,-38.22885433881768,145.32196062588008
loca51f813c1aed,Warrabkook,Gazetted Locality,VIC,-37.984162712969216,142.0617337066955
loca6ef5b7f5516,Warracknabeal,Gazetted Locality,VIC,-36.23534666805751,142.43623818572001
locd724f9a08a75,Warragul,Gazetted Locality,VIC,-38.150445483072076,145.93029108275388
locb967fc3f46bc,Warragul South,Gazetted Locality,VIC,-38.21590161034206,145.92199287817485
loc1bc3a79f96ad,Warragul West,Gazetted Locality,VIC,-38.171175941166695,145.8821842513944
loc81dc449ffeff,Warrak,Gazetted Locality,VIC,-37.28759105724532,143.11299445610894
loc8b861551a212,Warrandyte,Gazetted Locality,VIC,-37.751050578804524,145.2111888598339
locba769f27c374,Warrandyte South,Gazetted Locality,VIC,-37.760216614422646,145.246152684845
locae68612e5fe1,Warranwood,Gazetted Locality,VIC,-37.773099066480505,145.2506431808578
locfb4fecb6d85f,Warrayure,Gazetted Locality,VIC,-37.71799793753223,142.1719524404625
loca0ff70132823,Warrenbayne,Gazetted Locality,VIC,-36.707109010801744,145.892507009526
locc59cbf97a08e,Warrenheip,Gazetted Locality,VIC,-37.577416678232765,143.9252683557126
loc43922399fa8c,Warrenmang,Gazetted Locality,VIC,-37.070846512641914,143.29782358603074
loc746a67ecc804,Warrion,Gazetted Locality,VIC,-38.23026758283237,143.55580033250624
loc1f73672977ce,Warrnambool,Gazetted Locality,VIC,-38.36983888835635,142.49672617758324
loc75a7e2ef9542,Warrock,Gazetted Locality,VIC,-37.43042041752431,141.28371827801448
loc35c2e976b518,Warrong,Gazetted Locality,VIC,-38.196138362105415,142.31142153652834
loc1e67e642330c,Wartook,Gazetted Locality,VIC,-37.003516671178474,142.4012912272762
locd885a5e43cae,Watchem,Gazetted Locality,VIC,-36.14949432326975,142.87465207914755
loc481dff691165,Watchem West,Gazetted Locality,VIC,-36.18821528014331,142.7336054309603
loc55eebbb04d19,Watchupga,Gazetted Locality,VIC,-35.77393067969348,142.69066823574025
locc2de29a7bc29,Waterford Park,Gazetted Locality,VIC,-37.300483866127294,145.0663734106381
locbb0182f35d3e,Waterholes,Gazetted Locality,VIC,-37.64677727073034,147.69492252636044
loc818f6f5911fd,Waterloo,Gazetted Locality,VIC,-37.36416223666315,143.43492896495422
loc6abb7485886c,Waterways,Gazetted Locality,VIC,-38.015673689905384,145.12974122702937
loc06cc48b309e5,Watsonia,Gazetted Locality,VIC,-37.70992267829112,145.08200545334995
locd8a8ad3be01a,Watsonia North,Gazetted Locality,VIC,-37.695405237139646,145.08649831940227
loc2703037928d0,Watsons Creek,Gazetted Locality,VIC,-37.66373180104181,145.26101902643484
locd684c5f8fccd,Wattle Bank,Gazetted Locality,VIC,-38.57591508654352,145.70634770437164
loc4b1ef13fcd99,Wattle Creek,Gazetted Locality,VIC,-36.96218172638356,143.09147970142632
loc279abd7a1458,Wattle Flat,Gazetted Locality,VIC,-37.48079448525884,143.94601194288572
loc5cf81f7c879c,Wattle Glen,Gazetted Locality,VIC,-37.67002617348908,145.1876686059808
loc95b9be0d5003,Wattle Hill,Gazetted Locality,VIC,-38.7543385668848,143.25475866964177
loccd444edbe5d2,Waubra,Gazetted Locality,VIC,-37.33534430609387,143.63178755417874
loc830fece5a42c,Waurn Ponds,Gazetted Locality,VIC,-38.20438312719584,144.27981215237884
loc0e6385dcd0fd,Waygara,Gazetted Locality,VIC,-37.76641105447125,148.31848712799666
loc80b37b4e5c02,Weatherboard,Gazetted Locality,VIC,-37.43454237404065,143.67155961592732
loc4d0105f273bd,Wedderburn,Gazetted Locality,VIC,-36.42396097679307,143.59294941172257
loc78542407f81d,Wedderburn Junction,Gazetted Locality,VIC,-36.43100609219684,143.6999359682581
loc461f48ed43e3,Wee Wee Rup,Gazetted Locality,VIC,-35.861359766712894,144.2917966792221
loc4ea040922166,Weeaproinah,Gazetted Locality,VIC,-38.63164169106247,143.4934370495721
loce97b4080f03d,Weering,Gazetted Locality,VIC,-38.09174683838455,143.70268987626056
locf76719032a59,Weerite,Gazetted Locality,VIC,-38.22057216213854,143.26321925145479
loc8cda2424fe34,Wehla,Gazetted Locality,VIC,-36.61084773598942,143.62110741803096
locbeeb46e9ccb4,Weir Views,Gazetted Locality,VIC,-37.73178024295676,144.57162505955546
locf58dcfe36263,Wellsford,Gazetted Locality,VIC,-36.71815990130651,144.3640231706281
loce36428dd6505,Welshmans Reef,Gazetted Locality,VIC,-37.06561735182529,144.04638770132112
loc2e940b97b44a,Welshpool,Gazetted Locality,VIC,-38.66804750331184,146.43586927790628
loc2943de9d0bc4,Wemen,Gazetted Locality,VIC,-34.804290135146665,142.66219337393284
locf293eac14028,Wendouree,Gazetted Locality,VIC,-37.530971709640085,143.82667145960806
locb1b779e38917,Wensleydale,Gazetted Locality,VIC,-38.37369503440762,144.05182001900528
loce59490b9817d,Wentworth,Gazetted Locality,VIC,-37.301035060393644,147.49615506542557
locb8f1a0692f07,Werneth,Gazetted Locality,VIC,-37.93693923297988,143.60135821524062
locfe1f3820a762,Werona,Gazetted Locality,VIC,-37.23835944129722,144.02176413582427
loc29a798d6921b,Werribee,Gazetted Locality,VIC,-37.90795941363514,144.64168800957216
loc620b77ab764b,Werribee South,Gazetted Locality,VIC,-37.935512903838855,144.70230964535622
loc0d610362fa92,Werrimull,Gazetted Locality,VIC,-34.414080552253765,141.56233658749832
loc71a7f701b292,Wesburn,Gazetted Locality,VIC,-37.7677328706816,145.63657713996668
loc1acb177d8c03,West Bendigo,Gazetted Locality,VIC,-36.75149283478566,144.24556494398553
loc6c5d7b519796,West Creek,Gazetted Locality,VIC,-38.55483167238801,145.60960128980207
loca818c5eaa373,West Footscray,Gazetted Locality,VIC,-37.80160020113682,144.87195905616355
loc0b8afd71fce1,West Melbourne,Gazetted Locality,VIC,-37.81077545277279,144.92036615553772
loc3832b905a97e,West Wodonga,Gazetted Locality,VIC,-36.10074573414535,146.82865594714985
loc9a28bfe6d6b3,Westbury,Gazetted Locality,VIC,-38.14422305969991,146.2230138667593
loc78e7b14fd31c,Westby,Gazetted Locality,VIC,-35.638443261029344,143.96962384829538
locee4a8f85818e,Westmeadows,Gazetted Locality,VIC,-37.67607115739794,144.88809328187676
loc7da120d7ec1e,Westmere,Gazetted Locality,VIC,-37.68100680110846,142.96222029448515
locc1bb7d93ff15,Whanregarwen,Gazetted Locality,VIC,-37.22199805400092,145.6216468457915
loc620b432a2035,Wharparilla,Gazetted Locality,VIC,-36.07993530019532,144.6396004420045
loc65527c90c759,Wheatsheaf,Gazetted Locality,VIC,-37.33724928304156,144.2427984237909
locb8f595af5fb8,Wheelers Hill,Gazetted Locality,VIC,-37.907264082643316,145.182892107751
loc01f59701d602,Whipstick,Gazetted Locality,VIC,-36.65352602610216,144.26582921673537
locfd2e45b6dfad,Whirily,Gazetted Locality,VIC,-35.92301168340629,142.98850731976574
locb2d0013fa2c6,White Hills,Gazetted Locality,VIC,-36.727677784231034,144.30281489295325
loce72076b525b5,Whiteheads Creek,Gazetted Locality,VIC,-37.05164753513636,145.25855207343375
locd17262cd91b9,Whitelaw,Gazetted Locality,VIC,-38.437840132469944,145.7730541167884
loc820becd233d8,Whitfield,Gazetted Locality,VIC,-36.75159793070631,146.4182710492282
locb0d28d295d01,Whitlands,Gazetted Locality,VIC,-36.8127730430369,146.37369657996393
locc63a6c94740e,Whittington,Gazetted Locality,VIC,-38.1769219738038,144.39241854034887
loc69e74375b841,Whittlesea,Gazetted Locality,VIC,-37.46735890984914,145.12043299139967
loc09eeac390ccf,Whoorel,Gazetted Locality,VIC,-38.37120063643201,143.8333555974582
loc0879ced62e91,Whorouly,Gazetted Locality,VIC,-36.51893225378116,146.58561216651205
loce4e25564822a,Whorouly East,Gazetted Locality,VIC,-36.54364875127277,146.63401275994346
locb399782f01fa,Whorouly South,Gazetted Locality,VIC,-36.59245414183378,146.59731537639604
loc33485da56335,Whroo,Gazetted Locality,VIC,-36.68274727714881,145.05030047935236
locfd09f98e40b6,Wickliffe,Gazetted Locality,VIC,-37.705634664246105,142.7206444671808
loc641811797b3d,Wilby,Gazetted Locality,VIC,-36.141576386713226,146.02598334539715
locb16ff3501131,Wild Dog Valley,Gazetted Locality,VIC,-38.36935904107784,145.94466934531263
locf8f89a6f16d1,Wildwood,Gazetted Locality,VIC,-37.564743798815215,144.8015514464228
loc784b807fcd6f,Wilkur,Gazetted Locality,VIC,-36.08415831635813,142.6425953458662
loc02c44cfe1198,Willangie,Gazetted Locality,VIC,-35.724631488193026,142.81790404917365
locdfba3021aa24,Willatook,Gazetted Locality,VIC,-38.151476840182426,142.22688579262598
loc3f8fa8923f38,Willaura,Gazetted Locality,VIC,-37.521031207763265,142.7215655961828
loc6cfb66f3b5fd,Willaura North,Gazetted Locality,VIC,-37.388124988385144,142.74790181076227
loc494b306ea053,Willenabrina,Gazetted Locality,VIC,-36.051473029804484,142.2258903904854
locf5fef268f8cd,Williams Landing,Gazetted Locality,VIC,-37.863061365869726,144.74443086040853
loc8c9f2867857c,Williamstown,Gazetted Locality,VIC,-37.8611353710027,144.88846819315086
loc01c2784fcea2,Williamstown North,Gazetted Locality,VIC,-37.85320188184312,144.86859715867706
loc1ce48a403c33,Willow Grove,Gazetted Locality,VIC,-38.07772066562508,146.1641388226181
loc8ce71441c12b,Willowmavin,Gazetted Locality,VIC,-37.24885717981089,144.87675162094962
loc9ff202bf0a89,Willowvale,Gazetted Locality,VIC,-37.84029884744064,143.46381353150178
loc0ebfc8800c47,Willung,Gazetted Locality,VIC,-38.265507431488786,146.84329942143492
loc72cc344337ec,Willung South,Gazetted Locality,VIC,-38.3229479830172,146.83654814074947
loc08d8263cd319,Wilsons Hill,Gazetted Locality,VIC,-36.73070934958703,144.08909196231713
locbf06a366c795,Wilsons Promontory,Gazetted Locality,VIC,-38.956687603940615,146.35148372190218
loc2cfea8e3bf63,Wimbledon Heights,Gazetted Locality,VIC,-38.48029570606886,145.23457860089684
locf2d2a267a354,Winchelsea,Gazetted Locality,VIC,-38.23346592094698,143.9670005004499
loc362a83851d1d,Winchelsea South,Gazetted Locality,VIC,-38.32324488036802,143.98261284573584
locf32072e62820,Windermere,Gazetted Locality,VIC,-37.48508540091185,143.71574917202258
loc77c523d8c2ba,Windsor,Gazetted Locality,VIC,-37.85472208319685,144.992815595699
loc33a448fd0835,Wingan River,Gazetted Locality,VIC,-37.62958261169755,149.52776308836644
loc2b04944d4c19,Wingeel,Gazetted Locality,VIC,-38.07829794207092,143.80557155479585
loc34d63a89d971,Winjallok,Gazetted Locality,VIC,-36.84024743677138,143.1916382964277
locbfec2ae22e2b,Winlaton,Gazetted Locality,VIC,-35.48232551141974,143.75049556155227
loc00ea79a8a5f6,Winnambool,Gazetted Locality,VIC,-34.95705448379686,142.76891006763913
loc4a8c20883fcd,Winnap,Gazetted Locality,VIC,-37.90681570509082,141.39425620732203
locd4953d67261c,Winnindoo,Gazetted Locality,VIC,-38.074751629698255,146.75599504655588
loc732dd6bb3c45,Winslow,Gazetted Locality,VIC,-38.23808515323167,142.4606719937554
loc6a54ce63b777,Winter Valley,Gazetted Locality,VIC,-37.57938886951125,143.79459930591423
loc04e53eaf32eb,Winton,Gazetted Locality,VIC,-36.51977911326656,146.09311049980073
loc4adf369ac573,Winton North,Gazetted Locality,VIC,-36.45562639338359,146.09285243905595
locda196d84ea1f,Wirrate,Gazetted Locality,VIC,-36.76789228870268,144.9802217282971
loc20709aae5fdc,Wiseleigh,Gazetted Locality,VIC,-37.710116805843015,147.7866130483723
locdf0288b649a4,Wodonga,Gazetted Locality,VIC,-36.125973514592374,146.89328674065302
loc6d7f0d49a3d6,Wollert,Gazetted Locality,VIC,-37.590940520730086,145.0110905183489
loc02cbee2b57e4,Wombat Creek,Gazetted Locality,VIC,-37.767165560712385,148.25301397082785
locd7c86bba3988,Wombelano,Gazetted Locality,VIC,-37.02066908893228,141.56170717849918
locbebc215361bd,Won Wron,Gazetted Locality,VIC,-38.466001595000904,146.7371452875917
loc66419f2a0637,Wonga,Gazetted Locality,VIC,-38.601287424401974,146.25253448252016
loc08c532fb125f,Wonga Park,Gazetted Locality,VIC,-37.735372721743985,145.26501862271
loccd57e2418ace,Wongarra,Gazetted Locality,VIC,-38.67481170283568,143.79859812531413
loc43d2a5c03bbc,Wongungarra,Gazetted Locality,VIC,-37.2543232051953,147.0515750893607
locda6cf5102c8b,Wonnangatta,Gazetted Locality,VIC,-37.13135976593631,146.78196987732326
loc3e1dd0bfd942,Wonthaggi,Gazetted Locality,VIC,-38.6195583797285,145.58829903873894
locc05cd9268dc2,Wonwondah,Gazetted Locality,VIC,-36.88649212678163,142.18257883689404
loc063f0529b60f,Wonyip,Gazetted Locality,VIC,-38.545301496099945,146.38259970674255
loc3c5cdec48288,Wood Wood,Gazetted Locality,VIC,-35.09980755025431,143.3282483130784
locc1a0d959fb46,Woodend,Gazetted Locality,VIC,-37.36915606318679,144.53090462495527
loc21c629eb2c17,Woodend North,Gazetted Locality,VIC,-37.32343660725374,144.52639044910433
loc4164ee863f21,Woodfield,Gazetted Locality,VIC,-37.057685492002506,145.7874567234429
loc6db1a4fe1633,Woodford,Gazetted Locality,VIC,-38.315337201061574,142.48270826984367
loc25b0dc6303b6,Woodglen,Gazetted Locality,VIC,-37.773890787531556,147.38480154527048
loccdb7227b165d,Woodhouse,Gazetted Locality,VIC,-37.807824191035415,142.42282316509514
loca3db4b930e3e,Woodleigh,Gazetted Locality,VIC,-38.39116399529431,145.62036415723065
loc7d6ff2a5c8c5,Woods Point,Gazetted Locality,VIC,-37.56031575586583,146.34248444231108
loc9b37b25e6382,Woodside,Gazetted Locality,VIC,-38.53776658242677,146.8994098901606
loc4726ffb24459,Woodside Beach,Gazetted Locality,VIC,-38.54585162250467,146.97756607087584
locd9b1f77baf8a,Woodside North,Gazetted Locality,VIC,-38.423309975467504,146.8238355943385
loc0fd97b838ab9,Woodstock,Gazetted Locality,VIC,-37.546033384358566,145.05437732128408
locc45e6106affb,Woodstock West,Gazetted Locality,VIC,-36.82023173193808,143.99448764738105
loc2286a8725de5,Woodstock on Loddon,Gazetted Locality,VIC,-36.75149879309117,144.0009083139547
loc3339dbca3055,Woodvale,Gazetted Locality,VIC,-36.66120344437458,144.1866015761007
loc21f51185e602,Wool Wool,Gazetted Locality,VIC,-38.217882902526405,143.4127121069718
loc049209d99b8b,Woolamai,Gazetted Locality,VIC,-38.507907136605915,145.51518240177535
loc29652d00f278,Woolenook,Gazetted Locality,VIC,-37.69098649328892,147.040460379206
loc60dc2c4e9f79,Woolshed Flat,Gazetted Locality,VIC,-36.33054867838421,143.6591004981682
loc4e2c092b0284,Woolsthorpe,Gazetted Locality,VIC,-38.15215009255249,142.45612453542395
locebf447750aab,Woomelang,Gazetted Locality,VIC,-35.6750422154914,142.62521429782925
loc2893e1ad73e3,Wooragee,Gazetted Locality,VIC,-36.291271420894745,146.74338038074524
loc7c69c562afac,Woorarra East,Gazetted Locality,VIC,-38.604960215811126,146.3820501604652
loc91b19da71b61,Woorarra West,Gazetted Locality,VIC,-38.59398683001043,146.22171185352016
locd2283486bfaa,Wooreen,Gazetted Locality,VIC,-38.40675763122147,146.0203987216858
loc4131e469737e,Woori Yallock,Gazetted Locality,VIC,-37.77955172797907,145.53055890051115
loc16f721192ac6,Woorinen,Gazetted Locality,VIC,-35.26372009414047,143.46744488565358
loca3eb6f3c4d38,Woorinen North,Gazetted Locality,VIC,-35.237841882980796,143.432614074101
loc8ba36309839a,Woorinen South,Gazetted Locality,VIC,-35.28852947419456,143.45505363973828
loc7c21a5e6c36c,Woorndoo,Gazetted Locality,VIC,-37.88310127408083,142.80430926715957
locde621e15ebf8,Wooroonook,Gazetted Locality,VIC,-36.26663068947102,143.21362454063825
loc4f860d3757eb,Woosang,Gazetted Locality,VIC,-36.327415989414725,143.4490717664526
loca98457a4f7e9,Wootong Vale,Gazetted Locality,VIC,-37.51886309934862,141.73326030344953
locfe199f86e85d,Worrowing,Gazetted Locality,VIC,-37.67165495617053,146.74245165662862
loc4b848e950599,Wrathung,Gazetted Locality,VIC,-37.59865623986249,146.9495360201148
locdc9508ea81df,Wrixon,Gazetted Locality,VIC,-37.68068190794506,146.85164626398637
locabbc6518521a,Wroxham,Gazetted Locality,VIC,-37.32998509353784,149.48242165518593
locdc6c5548aba7,Wuk Wuk,Gazetted Locality,VIC,-37.7483730913269,147.41898549266327
loc3368b18051af,Wulgulmerang,Gazetted Locality,VIC,-37.0279837253254,148.30213831996463
loc5ed8e3c02bc8,Wulgulmerang East,Gazetted Locality,VIC,-37.100394020234184,148.3081303173552
locc0f67eb81d73,Wulgulmerang West,Gazetted Locality,VIC,-37.237047041857835,148.07391088209164
loc8cc91ff2d385,Wunghnu,Gazetted Locality,VIC,-36.166167370550326,145.4222091979484
loc6583132c3a24,Wurdiboluc,Gazetted Locality,VIC,-38.28831053594698,144.0546280068623
loc245b9b3ede1b,Wurruk,Gazetted Locality,VIC,-38.11283256903365,147.0233683815804
loccb4e3657c256,Wy Yung,Gazetted Locality,VIC,-37.79014242898826,147.61320824235025
loc5300bfb30d9b,Wycheproof,Gazetted Locality,VIC,-36.06782514163497,143.23072814881596
loc09b3f593993b,Wycheproof South,Gazetted Locality,VIC,-36.14040200342076,143.18552952116949
loc24f7f3fc9aff,Wychitella,Gazetted Locality,VIC,-36.26629972646812,143.62542366648418
locdfbfa2d8a5cd,Wychitella North,Gazetted Locality,VIC,-36.19719822258857,143.63741716633035
loc368b402bd5b4,Wye River,Gazetted Locality,VIC,-38.630382571237405,143.8561082027719
locffacfe0fbc5c,Wyelangta,Gazetted Locality,VIC,-38.651858100135385,143.45606438189895
loceac5d85ea01d,Wyndham Vale,Gazetted Locality,VIC,-37.858900855657154,144.6085110687848
locfadf7b35dabf,Wyuna,Gazetted Locality,VIC,-36.20931725746624,145.0687521718902
loc034408f7b756,Wyuna East,Gazetted Locality,VIC,-36.23285210116647,145.09075370684252
locf1472d851d73,Yaapeet,Gazetted Locality,VIC,-35.68785523457154,142.06443408173237
locc0430ef1f3cb,Yabba North,Gazetted Locality,VIC,-36.234209902044945,145.68158738903824
loc0cddfe13fa6e,Yabba South,Gazetted Locality,VIC,-36.281101784851145,145.68161347380322
loca257d5c3eb6a,Yackandandah,Gazetted Locality,VIC,-36.33036371147904,146.8519582812093
loc56d3cf67602d,Yalca,Gazetted Locality,VIC,-35.91979935072587,145.29092524756157
locd095f4ae676c,Yalla-Y-Poora,Gazetted Locality,VIC,-37.52842997785424,143.12668037328393
loc592da3db1b47,Yallambie,Gazetted Locality,VIC,-37.726822364727354,145.09333364355098
loc6f4bb38bc95b,Yallourn,Gazetted Locality,VIC,-38.19287065941693,146.34215575178106
loccb651f0e1d39,Yallourn North,Gazetted Locality,VIC,-38.12892987096727,146.3794797375602
loca82526abf94a,Yalmy,Gazetted Locality,VIC,-37.41543798743653,148.4113946165097
loce249e8840a50,Yambuk,Gazetted Locality,VIC,-38.322785715316066,142.07980117793545
loc422767bd1592,Yambuna,Gazetted Locality,VIC,-36.15276848538177,144.97302266224037
loca39b21782ed2,Yan Yean,Gazetted Locality,VIC,-37.550697376280965,145.13214418027601
loc638c19712eec,Yanac,Gazetted Locality,VIC,-36.09633961038365,141.43347135772052
loc234bc0c72237,Yanakie,Gazetted Locality,VIC,-38.80210980886624,146.19530565757145
loca91f8f1fde06,Yando,Gazetted Locality,VIC,-36.07323826285263,143.81548377690208
loc0215de94ef9e,Yandoit,Gazetted Locality,VIC,-37.19986628410867,144.10524689633735
loc7a52f14324d4,Yandoit Hills,Gazetted Locality,VIC,-37.21299307401054,144.05366065747597
loc8b0cbde7b1f2,Yangery,Gazetted Locality,VIC,-38.319249195871976,142.44071395501146
loc6dd21e9ec5d6,Yangoura,Gazetted Locality,VIC,-37.80026506922961,146.57712915431864
loc25b61434a895,Yannathan,Gazetted Locality,VIC,-38.222832477290495,145.6503079557117
loc2f588e99f013,Yapeen,Gazetted Locality,VIC,-37.11528878088957,144.1661914884467
loc66d1138b07a6,Yarck,Gazetted Locality,VIC,-37.09013510920475,145.61042797542774
locbf2b916f06c5,Yarpturk,Gazetted Locality,VIC,-38.281457166869515,142.42942260777014
loc610e6e8cd167,Yarra Glen,Gazetted Locality,VIC,-37.649964873909624,145.3823820408673
locd89d6cb7e460,Yarra Junction,Gazetted Locality,VIC,-37.79641471230824,145.6268217111
loc6bccc728f0db,Yarraberb,Gazetted Locality,VIC,-36.56489410655726,144.0720639727964
loce5e36539b5f6,Yarragon,Gazetted Locality,VIC,-38.18637328157811,146.08592157431542
locfcabeab829f5,Yarragon South,Gazetted Locality,VIC,-38.25708167799819,146.05860256487512
loc6474648a8c40,Yarram,Gazetted Locality,VIC,-38.56185378692057,146.71469820870607
loc65bfa3da7f89,Yarrambat,Gazetted Locality,VIC,-37.637890746339664,145.13641866571487
loc1e3ac2d49583,Yarraville,Gazetted Locality,VIC,-37.81801470245685,144.8826649928062
locdf97dd5cce96,Yarrawalla,Gazetted Locality,VIC,-36.158355918777644,144.01082801761555
locb0a9c63101c7,Yarrawonga,Gazetted Locality,VIC,-36.03394878414632,145.99914032725218
loc46fc52688371,Yarrawonga South,Gazetted Locality,VIC,-36.08090340215654,146.02673693352182
loc6b5439b79560,Yarroweyah,Gazetted Locality,VIC,-35.94236656247356,145.5666566749085
loc24c3b5111572,Yatchaw,Gazetted Locality,VIC,-37.83988134687186,142.13720511768383
loc141505be84e0,Yawong Hills,Gazetted Locality,VIC,-36.46909155541236,143.38708779983727
locde4077dc8c5f,Yea,Gazetted Locality,VIC,-37.27795532482314,145.40895027750588
loca4213937b191,Yellingbo,Gazetted Locality,VIC,-37.848697022043595,145.521567290039
loc54237c4302db,Yelta,Gazetted Locality,VIC,-34.123765809532564,141.9895701352902
loca2353aa8d646,Yendon,Gazetted Locality,VIC,-37.64490029468344,143.97688972419073
loc80a8f666d8cd,Yeo,Gazetted Locality,VIC,-38.36991551516908,143.64731941863468
locad04a9df5652,Yeodene,Gazetted Locality,VIC,-38.39541594499701,143.7038933687249
loc6751854c9968,Yering,Gazetted Locality,VIC,-37.68402277725316,145.36842906835506
locd5fc35fede75,Yeungroon,Gazetted Locality,VIC,-36.40196760604361,143.34887644077259
loc94e5e49b065d,Yeungroon East,Gazetted Locality,VIC,-36.359549118607035,143.43394576467273
loc569d56d1226e,Yielima,Gazetted Locality,VIC,-35.906709843800556,145.18174050858104
loc4c759768d65b,Yinnar,Gazetted Locality,VIC,-38.33482393171961,146.3012872772478
loc155f02d35a32,Yinnar South,Gazetted Locality,VIC,-38.37052451688982,146.3561409068632
loc2a17114ac12a,York Plains,Gazetted Locality,VIC,-36.59136722958197,142.91673907640387
loc6b8f4e459689,Youanmite,Gazetted Locality,VIC,-36.16391838151564,145.68765409292894
locab53de5acc60,Youarang,Gazetted Locality,VIC,-36.15120789084258,145.7661387780399
loc1895ded7c994,Yulecart,Gazetted Locality,VIC,-37.75464470662243,141.90824600462486
loc81a970cc91ee,Yundool,Gazetted Locality,VIC,-36.27687488775854,145.82057916092162
loc974441b38fa0,Yuroke,Gazetted Locality,VIC,-37.581562500570456,144.86064515587879
locffa8d48503ab,Yuulong,Gazetted Locality,VIC,-38.72261330389047,143.30762344117386
locadbdb687a089,Zeerust,Gazetted Locality,VIC,-36.27453325682933,145.40016767564993
locf9eae74772b7,Zumsteins,Gazetted Locality,VIC,-37.113275080676296,142.3760332173411
