locality_id,suburb_name,locality_class,state,lat,lon
locb0dcb52a6b55,Abbeyard,Gazetted Locality,VIC,-37.024958,146.793662
locb9872f35df41,Abbotsford,Gazetted Locality,VIC,-37.803638,145.000039
loc8123ed12ea8d,Aberfeldie,Gazetted Locality,VIC,-37.759842,144.896948
loc1eb4a229104a,Aberfeldy,Gazetted Locality,VIC,-37.702165,146.379031
locb17be87767e1,Acheron,Gazetted Locality,VIC,-37.270457,145.708368
loc780cc0a1e133,Ada,Gazetted Locality,VIC,-37.84071,145.855289
loc43a16ea286e8,Adams Estate,Gazetted Locality,VIC,-38.424761,145.531464
loc25d754a8eb45,Addington,Gazetted Locality,VIC,-37.393119,143.668571
locb8c6086e7a55,Adelaide Lead,Gazetted Locality,VIC,-37.085538,143.669329
locc80658cf7fb4,Agnes,Gazetted Locality,VIC,-38.684697,146.396234
loc0be4112ae167,Aintree,Gazetted Locality,VIC,-37.71899,144.668422
loc496d70f9c930,Aire Valley,Gazetted Locality,VIC,-38.692913,143.562705
loc36f348555784,Aireys Inlet,Gazetted Locality,VIC,-38.437968,144.09766
locedf39decfb79,Airly,Gazetted Locality,VIC,-38.028437,147.10002
locdeefa3afa7c5,Airport West,Gazetted Locality,VIC,-37.722848,144.880426
loc0a5e71d90f74,Albacutya,Gazetted Locality,VIC,-35.738345,141.968211
locff0c231b0f12,Albanvale,Gazetted Locality,VIC,-37.7459,144.769106
loce7252de87492,Albert Park,Gazetted Locality,VIC,-37.845361,144.951604
loc6e1cfef44ce9,Alberton,Gazetted Locality,VIC,-38.615952,146.662914
loc44145b6072a8,Alberton West,Gazetted Locality,VIC,-38.600792,146.575608
loc631dce7fd76a,Albion,Gazetted Locality,VIC,-37.775736,144.815508
locfa471b99ea58,Alexandra,Gazetted Locality,VIC,-37.196602,145.736062
loc82f5b45a790d,Alfredton,Gazetted Locality,VIC,-37.554286,143.800346
loc275f6ce31843,Allambee,Gazetted Locality,VIC,-38.297813,146.017898
loc2a4f82974197,Allambee Reserve,Gazetted Locality,VIC,-38.304502,146.052064
locde07810d8948,Allambee South,Gazetted Locality,VIC,-38.353631,146.101731
loc69321423c8f1,Allans Flat,Gazetted Locality,VIC,-36.295648,146.943489
loc60566a23e081,Allansford,Gazetted Locality,VIC,-38.403984,142.596333
loc88c9e1570f0b,Allendale,Gazetted Locality,VIC,-37.364063,143.912287
locde6b7d0d529c,Allestree,Gazetted Locality,VIC,-38.273778,141.648666
loc392ad735d93a,Alma,Gazetted Locality,VIC,-37.022806,143.676144
loc5839ad1e33e1,Almonds,Gazetted Locality,VIC,-36.234102,146.056036
locf0cfcff51df9,Almurta,Gazetted Locality,VIC,-38.455196,145.580309
loc61df9930af3b,Alphington,Gazetted Locality,VIC,-37.778102,145.030103
loc65a4fa5b2f2a,Altona,Gazetted Locality,VIC,-37.863243,144.815323
locec99dd6d0979,Altona Meadows,Gazetted Locality,VIC,-37.879529,144.78203
loc08caad3924ee,Altona North,Gazetted Locality,VIC,-37.838329,144.831809
loc50cd9c457bec,Alvie,Gazetted Locality,VIC,-38.236612,143.494361
locbd0f469cb6c7,Amherst,Gazetted Locality,VIC,-37.139833,143.656545
loc33251c36645a,Amor,Gazetted Locality,VIC,-37.939783,146.404639
loc8eb258f7fd5e,Amphitheatre,Gazetted Locality,VIC,-37.200489,143.405568
loc697cc69c0201,Anakie,Gazetted Locality,VIC,-37.941322,144.29193
loc181fd431f029,Ancona,Gazetted Locality,VIC,-36.966854,145.813795
loc891bbdc703a3,Anderson,Gazetted Locality,VIC,-38.52319,145.448363
loc620e3bac5f96,Anglers Rest,Gazetted Locality,VIC,-37.018814,147.472209
loc05cb82a7bc89,Anglesea,Gazetted Locality,VIC,-38.37847,144.153663
loc280972be8416,Annuello,Gazetted Locality,VIC,-34.855276,142.800879
loc08486d57b7ce,Antwerp,Gazetted Locality,VIC,-36.269491,141.975447
loc48b6090e855b,Apollo Bay,Gazetted Locality,VIC,-38.736125,143.640526
loceb4612bb2400,Appin,Gazetted Locality,VIC,-35.875059,143.873916
locb9432ce09125,Appin South,Gazetted Locality,VIC,-35.926624,143.8649
loca8b7e4ac1df1,Apsley,Gazetted Locality,VIC,-36.981527,141.087987
loc2c7c03a351ea,Arapiles,Gazetted Locality,VIC,-36.741192,141.849287
locefdacd147f2f,Ararat,Gazetted Locality,VIC,-37.266069,142.983321
loc2833f5edae08,Arawata,Gazetted Locality,VIC,-38.39537,145.882409
loc132c8f9810de,Arbuckle,Gazetted Locality,VIC,-37.369513,146.819243
loc39fa11f54927,Arcadia,Gazetted Locality,VIC,-36.555542,145.385575
loc50e8faa94787,Arcadia South,Gazetted Locality,VIC,-36.595523,145.380527
locb40632e35a66,Archdale,Gazetted Locality,VIC,-36.834928,143.511691
locb7701b83154b,Archdale Junction,Gazetted Locality,VIC,-36.887429,143.52381
loc6aafafa137a8,Archerton,Gazetted Locality,VIC,-36.869872,146.194005
loc35ec4003079f,Archies Creek,Gazetted Locality,VIC,-38.548851,145.564978
locc7baa224b862,Ardeer,Gazetted Locality,VIC,-37.775671,144.800936
loc0f4e621d57eb,Ardmona,Gazetted Locality,VIC,-36.3824,145.295409
loc9fa52a4f97e1,Areegra,Gazetted Locality,VIC,-36.235716,142.679919
loc615a8cfd40bb,Argyle,Gazetted Locality,VIC,-36.967014,144.715041
loc517fb29cebaa,Armadale,Gazetted Locality,VIC,-37.857712,145.019491
locc8cf2a27e6e0,Armstrong,Gazetted Locality,VIC,-37.214048,142.882229
loc96655641e3a2,Armstrong Creek,Gazetted Locality,VIC,-38.235815,144.363022
loc1ec0d6b096ae,Arnold,Gazetted Locality,VIC,-36.672146,143.858318
locad1ecf5f92a5,Arnold West,Gazetted Locality,VIC,-36.66924,143.777124
loc8c127a27890f,Arthurs Creek,Gazetted Locality,VIC,-37.567846,145.204857
loc4cdd1af01845,Arthurs Seat,Gazetted Locality,VIC,-38.360618,144.959731
loc7dfc13a0fbf3,Ascot,Gazetted Locality,VIC,-36.707041,144.336459
locd5ab416586a2,Ascot,Gazetted Locality,VIC,-37.397226,143.81161
locfdc6079b562f,Ascot Vale,Gazetted Locality,VIC,-37.779811,144.922715
loc45ea5b7f228b,Ashbourne,Gazetted Locality,VIC,-37.411634,144.460362
locff0c4d75067f,Ashburton,Gazetted Locality,VIC,-37.867026,145.078151
loc4ff8c926c940,Ashwood,Gazetted Locality,VIC,-37.865485,145.102546
loc588c867d4a80,Aspendale,Gazetted Locality,VIC,-38.022411,145.103601
loc62bb1a0efe24,Aspendale Gardens,Gazetted Locality,VIC,-38.023463,145.123486
loc6bd6bdb52299,Athlone,Gazetted Locality,VIC,-38.24341,145.78687
locabd4ee5e179a,Attwood,Gazetted Locality,VIC,-37.667178,144.88252
locc7c615646f18,Aubrey,Gazetted Locality,VIC,-36.230445,142.21919
locd1ca5d96e929,Auchmore,Gazetted Locality,VIC,-36.476914,144.092191
loc24a73b7c0f1f,Avalon,Gazetted Locality,VIC,-38.048859,144.447075
loc4125644a3e48,Avenel,Gazetted Locality,VIC,-36.93217,145.312966
loc7a389af5c5f0,Avoca,Gazetted Locality,VIC,-37.069055,143.479821
loc09d5b3d1a041,Avon Plains,Gazetted Locality,VIC,-36.535918,142.940547
loc151f19603153,Avondale Heights,Gazetted Locality,VIC,-37.762861,144.863025
loc17e7f65d9665,Avonmore,Gazetted Locality,VIC,-36.534845,144.541474
locc3526335f3d5,Avonsleigh,Gazetted Locality,VIC,-37.913736,145.482198
locaddb8f975411,Axe Creek,Gazetted Locality,VIC,-36.861464,144.385119
locb6d54ff2bcb7,Axedale,Gazetted Locality,VIC,-36.772841,144.531174
loc8f5284a27c70,Ayrford,Gazetted Locality,VIC,-38.435725,142.853491
locd777103bd088,Bacchus Marsh,Gazetted Locality,VIC,-37.678364,144.441015
locadd0c24c200e,Baddaginnie,Gazetted Locality,VIC,-36.602444,145.859811
loca6d8813738eb,Badger Creek,Gazetted Locality,VIC,-37.688289,145.543365
loc071b37be3d4d,Bael Bael,Gazetted Locality,VIC,-35.684358,143.737059
loc77b84027033d,Bagshot,Gazetted Locality,VIC,-36.654324,144.402907
loce42d1b5e2aab,Bagshot North,Gazetted Locality,VIC,-36.588636,144.410851
loc02143e7526bf,Bahgallah,Gazetted Locality,VIC,-37.702661,141.28301
loc5b05103f6f82,Bailieston,Gazetted Locality,VIC,-36.753346,145.084332
loc232da9d11723,Bairnsdale,Gazetted Locality,VIC,-37.853256,147.603903
loc2c1864e3cbb6,Bakery Hill,Gazetted Locality,VIC,-37.563106,143.865998
loc0e52a8070878,Balaclava,Gazetted Locality,VIC,-37.870524,144.994834
loc579a0e419572,Bald Hills,Gazetted Locality,VIC,-37.446347,143.838309
loc2dfdbcee246f,Balintore,Gazetted Locality,VIC,-38.281937,143.569738
loc9b1b54e515f7,Ballan,Gazetted Locality,VIC,-37.603859,144.214495
loc51c40eb71225,Ballangeich,Gazetted Locality,VIC,-38.186156,142.61344
locb3042bbbc56a,Ballapur,Gazetted Locality,VIC,-35.975184,142.747885
loc76166a14c514,Ballarat Central,Gazetted Locality,VIC,-37.559382,143.850481
loc0da1e4cdebda,Ballarat East,Gazetted Locality,VIC,-37.564329,143.897037
loc387ede10db16,Ballarat North,Gazetted Locality,VIC,-37.537399,143.864867
locbd7d7c19e839,Ballendella,Gazetted Locality,VIC,-36.293249,144.674641
locea13560b3b42,Balliang,Gazetted Locality,VIC,-37.820042,144.358442
locf2158407e353,Balliang East,Gazetted Locality,VIC,-37.8186,144.44374
locd7da627ee418,Ballyrogan,Gazetted Locality,VIC,-37.431561,143.114593
locb7a8a8d0ef4f,Balmattum,Gazetted Locality,VIC,-36.710904,145.656206
loccd9082fe4b16,Balmoral,Gazetted Locality,VIC,-37.216476,141.835
loc0a04b7cc8b07,Balnarring,Gazetted Locality,VIC,-38.355467,145.127099
loc3f71543240dd,Balnarring Beach,Gazetted Locality,VIC,-38.391343,145.121047
loc16c75834002d,Balook,Gazetted Locality,VIC,-38.425087,146.551335
loc64cc79e3a232,Balwyn,Gazetted Locality,VIC,-37.809681,145.087372
loc0621c45c46f4,Balwyn North,Gazetted Locality,VIC,-37.790822,145.084601
loc9aa0e8c528a8,Bamawm,Gazetted Locality,VIC,-36.263787,144.635318
loc5bf3990f31ba,Bamawm Extension,Gazetted Locality,VIC,-36.176089,144.600332
loc31ff0e218c39,Bambra,Gazetted Locality,VIC,-38.361746,143.949143
loc5079fcd52a5f,Bamganie,Gazetted Locality,VIC,-37.939586,144.009363
loc398d22e7ad86,Bandiana,Gazetted Locality,VIC,-36.131086,146.937215
locbddfacc30b0a,Bangerang,Gazetted Locality,VIC,-36.191191,142.581469
locf3fc3fca2acd,Bangholme,Gazetted Locality,VIC,-38.046634,145.175897
loc02d205ec3a0a,Banksia Peninsula,Gazetted Locality,VIC,-37.949778,147.681587
loc4fbbfa844d68,Bannerton,Gazetted Locality,VIC,-34.737629,142.79858
loce2c8ca5c6900,Bannockburn,Gazetted Locality,VIC,-38.049779,144.159426
loca88aa2abd113,Banyan,Gazetted Locality,VIC,-35.614256,142.788281
loc430fadd03c5d,Banyena,Gazetted Locality,VIC,-36.58854,142.842313
locba8f7a4a0c92,Baranduda,Gazetted Locality,VIC,-36.184719,146.951
locb5dffcc94890,Barfold,Gazetted Locality,VIC,-37.10355,144.500553
loc12a521f64361,Baringhup,Gazetted Locality,VIC,-36.975841,143.968624
locd76b7ecdbb02,Baringhup West,Gazetted Locality,VIC,-36.957672,143.902984
loc1d612b58d12f,Barjarg,Gazetted Locality,VIC,-36.921182,146.007452
locd15f477b7685,Barkers Creek,Gazetted Locality,VIC,-37.023043,144.224986
loc25449f1f934e,Barkly,Gazetted Locality,VIC,-36.943078,143.218954
locb5518e2def1e,Barkstead,Gazetted Locality,VIC,-37.477656,144.099242
loce8ad48650312,Barmah,Gazetted Locality,VIC,-35.950028,144.988942
loc480fd83ce7b6,Barnadown,Gazetted Locality,VIC,-36.65004,144.52644
loca33f0b478514,Barnawartha,Gazetted Locality,VIC,-36.081006,146.683338
loce16c47ba0da0,Barnawartha North,Gazetted Locality,VIC,-36.076857,146.750937
loc28f46ad1c65b,Baromi,Gazetted Locality,VIC,-38.403615,146.175422
loc2d72f4eafe40,Barongarook,Gazetted Locality,VIC,-38.43132,143.614617
loc8f4a31e69dd1,Barongarook West,Gazetted Locality,VIC,-38.43132,143.539988
loc5f4b8feb0579,Barrabool,Gazetted Locality,VIC,-38.165983,144.225918
locae6c33956ba3,Barrakee,Gazetted Locality,VIC,-36.266567,143.448723
locdad186d625ec,Barramunga,Gazetted Locality,VIC,-38.58229,143.716537
loc3b062e2dc7ec,Barraport,Gazetted Locality,VIC,-35.992703,143.655648
locf933bb59d13e,Barraport West,Gazetted Locality,VIC,-36.018349,143.55302
loc53e3e6885083,Barrys Reef,Gazetted Locality,VIC,-37.454589,144.312456
loc9083cdebc5de,Barunah Park,Gazetted Locality,VIC,-38.013062,143.822815
loc28842e4b419f,Barunah Plains,Gazetted Locality,VIC,-38.048204,143.768928
loce0a53bd0844c,Barwidgee,Gazetted Locality,VIC,-36.511867,146.780491
loc25122932d6df,Barwite,Gazetted Locality,VIC,-37.010165,146.224163
loc8c28aafe5f9e,Barwon Downs,Gazetted Locality,VIC,-38.507711,143.783699
locbbb93e2c6c42,Barwon Heads,Gazetted Locality,VIC,-38.273629,144.488629
loc1238ab1662bb,Basalt,Gazetted Locality,VIC,-37.308636,144.105362
locc6531a5cfb35,Bass,Gazetted Locality,VIC,-38.47806,145.4707
loc1d20a85119e7,Batesford,Gazetted Locality,VIC,-38.091241,144.277933
loc2e7877cb2c34,Bathumi,Gazetted Locality,VIC,-36.025024,146.085132
loc918f6d0fec8d,Baw Baw,Gazetted Locality,VIC,-37.837635,146.322705
locd6e139dc2ba2,Baw Baw Village,Gazetted Locality,VIC,-37.843924,146.256778
loccc0f4c785f6c,Baxter,Gazetted Locality,VIC,-38.197834,145.155668
loc4ce426882fb2,Bayindeen,Gazetted Locality,VIC,-37.303344,143.183044
loc9e030c68a944,Bayles,Gazetted Locality,VIC,-38.177274,145.575968
loc466d0093284d,Baynton,Gazetted Locality,VIC,-37.13767,144.649638
loc1949fc383925,Baynton East,Gazetted Locality,VIC,-37.123426,144.712929
loc2f9c80de6f7d,Bayswater,Gazetted Locality,VIC,-37.846288,145.266207
loc9165cd64854f,Bayswater North,Gazetted Locality,VIC,-37.825587,145.284074
locfb463ae5ac4b,Beaconsfield,Gazetted Locality,VIC,-38.039649,145.38067
loc88487743ffc5,Beaconsfield Upper,Gazetted Locality,VIC,-37.998515,145.425413
loc639d23ea6a14,Bealiba,Gazetted Locality,VIC,-36.768749,143.556519
loc5806a5235e78,Bearii,Gazetted Locality,VIC,-35.884416,145.342491
loc0b2a40dc4dff,Bears Lagoon,Gazetted Locality,VIC,-36.338335,143.951255
loc737febad85c1,Beauchamp,Gazetted Locality,VIC,-35.639419,143.617262
loc46a1462d7b96,Beaufort,Gazetted Locality,VIC,-37.440317,143.337474
loce237bfb5fc0e,Beaumaris,Gazetted Locality,VIC,-37.983593,145.038215
loc6849a6dc28d8,Beazleys Bridge,Gazetted Locality,VIC,-36.708698,143.147234
loc69b03d2ebc3c,Beeac,Gazetted Locality,VIC,-38.178487,143.63311
locb7bca082fca0,Beech Forest,Gazetted Locality,VIC,-38.635699,143.602265
loc2bbd81287570,Beechworth,Gazetted Locality,VIC,-36.3339,146.672807
locb1503c8e1989,Beenak,Gazetted Locality,VIC,-37.900395,145.636513
loc8230c2a8625c,Belgrave,Gazetted Locality,VIC,-37.91207,145.353896
locf40bda10826e,Belgrave Heights,Gazetted Locality,VIC,-37.92582,145.343365
locb281644d861d,Belgrave South,Gazetted Locality,VIC,-37.942173,145.355816
loc8585329cc409,Bell Park,Gazetted Locality,VIC,-38.10622,144.33836
locc08b3f37ebf5,Bell Post Hill,Gazetted Locality,VIC,-38.096313,144.319746
loc8bbe850fb3d2,Bellarine,Gazetted Locality,VIC,-38.132016,144.622072
loc1e588c515677,Bellbird Creek,Gazetted Locality,VIC,-37.63576,148.816494
locb4db14713fd7,Bellbrae,Gazetted Locality,VIC,-38.343492,144.242344
loc9a08b3bda5f7,Bellbridge,Gazetted Locality,VIC,-36.098171,147.058598
locd3c522b5c415,Bellellen,Gazetted Locality,VIC,-37.135436,142.693903
loc42979bc97c35,Bellfield,Gazetted Locality,VIC,-37.752947,145.038729
loce9efa5a9608b,Bellfield,Gazetted Locality,VIC,-37.227637,142.484082
loca7762c5bab25,Bells Beach,Gazetted Locality,VIC,-38.376987,144.251847
loc315bbea2e96e,Belmont,Gazetted Locality,VIC,-38.18005,144.343888
loc8b205223941d,Bemm River,Gazetted Locality,VIC,-37.716558,148.928705
loc9214f734f5e9,Bena,Gazetted Locality,VIC,-38.432368,145.740002
locff58d0167065,Benalla,Gazetted Locality,VIC,-36.570733,145.991051
locb6fe7c8c5fcf,Benambra,Gazetted Locality,VIC,-36.889163,147.801706
loc8fc20a19bc7c,Benayeo,Gazetted Locality,VIC,-36.842536,141.04283
loc71aec204b2b5,Bend of Islands,Gazetted Locality,VIC,-37.700496,145.277841
loce6098ac5df0c,Bendigo,Gazetted Locality,VIC,-36.755474,144.280868
loc77508b58c35b,Bendoc,Gazetted Locality,VIC,-37.18859,148.89081
loccdbf64bdb7a5,Bengworden,Gazetted Locality,VIC,-37.97442,147.439196
locf566612a5c2b,Benjeroop,Gazetted Locality,VIC,-35.49035,143.840869
loc25025363e687,Benloch,Gazetted Locality,VIC,-37.201265,144.675511
loc6bc38c38afda,Bennison,Gazetted Locality,VIC,-38.66616,146.269166
locd8470b65d64b,Bentleigh,Gazetted Locality,VIC,-37.922781,145.037811
loc89cee4954cc2,Bentleigh East,Gazetted Locality,VIC,-37.922227,145.066912
loc52b530498621,Benwerrin,Gazetted Locality,VIC,-38.491342,143.895686
loc14619c0ba705,Beremboke,Gazetted Locality,VIC,-37.787938,144.217977
loc539ea6329e6a,Berrimal,Gazetted Locality,VIC,-36.49819,143.475647
loc4a7ec2b4b43b,Berringa,Gazetted Locality,VIC,-37.771399,143.668992
loc186e8c505de6,Berringama,Gazetted Locality,VIC,-36.198212,147.651824
locf3b20d55e2bc,Berriwillock,Gazetted Locality,VIC,-35.644363,142.961112
loc8d2c2c331dbf,Berrybank,Gazetted Locality,VIC,-37.969202,143.501777
locb36d276aac72,Berrys Creek,Gazetted Locality,VIC,-38.41276,146.067908
loc4df40037d8c0,Berwick,Gazetted Locality,VIC,-38.042064,145.344298
locc2c8c551a607,Bessiebelle,Gazetted Locality,VIC,-38.149336,141.931294
loca31144ad1f65,Bet Bet,Gazetted Locality,VIC,-36.923698,143.749725
locff3488ad6e7a,Bete Bolong,Gazetted Locality,VIC,-37.688337,148.297236
loc62bcc8f53e0e,Bete Bolong North,Gazetted Locality,VIC,-37.595611,148.293903
locdd89ace20c8e,Bethanga,Gazetted Locality,VIC,-36.151958,147.116253
loc4c3379732a06,Betley,Gazetted Locality,VIC,-36.917726,143.794426
loc755170fc7fc4,Beulah,Gazetted Locality,VIC,-35.921568,142.420058
locecb296d87bd2,Beverford,Gazetted Locality,VIC,-35.221575,143.479464
loc4161e46afd2f,Beveridge,Gazetted Locality,VIC,-37.475602,144.974244
loc02aee4626a98,Big Desert,Gazetted Locality,VIC,-35.641709,141.480128
loceea9a0018be6,Big Hill,Gazetted Locality,VIC,-36.836486,144.232217
locfa8eb1577adf,Big Hill,Gazetted Locality,VIC,-38.479458,144.00921
locb682b64a0bfb,Big Pats Creek,Gazetted Locality,VIC,-37.767596,145.760023
loca01824678e86,Biggara,Gazetted Locality,VIC,-36.342073,148.012304
locbd756139d2b9,Billabong,Gazetted Locality,VIC,-37.251516,146.816983
loc4a5fcd265b2b,Bimbourie,Gazetted Locality,VIC,-35.335426,142.762513
locdc5327a32b66,Bindi,Gazetted Locality,VIC,-37.109622,147.845054
locf30e0cf1b9e1,Binginwarri,Gazetted Locality,VIC,-38.59424,146.448101
loc799b31df8dcd,Bingo Munjie,Gazetted Locality,VIC,-37.007756,147.562958
locc04e3faec15a,Birchip,Gazetted Locality,VIC,-35.998626,142.924516
loc02d3c319cfb8,Birchip West,Gazetted Locality,VIC,-36.015928,142.81565
loc325c0b30e951,Birdwoodton,Gazetted Locality,VIC,-34.199689,142.068618
loc01699d7adbaa,Birregurra,Gazetted Locality,VIC,-38.34292,143.823507
loca04892bcffe9,Bittern,Gazetted Locality,VIC,-38.338317,145.174837
loc29baf1548f7a,Black Hill,Gazetted Locality,VIC,-37.549855,143.873257
locab2619c6639f,Black Range,Gazetted Locality,VIC,-37.132773,142.765853
locad899e5d272f,Black Rock,Gazetted Locality,VIC,-37.973476,145.024347
loc10fc59c40668,Blackburn,Gazetted Locality,VIC,-37.821482,145.151009
loc786911d8fa57,Blackburn North,Gazetted Locality,VIC,-37.804702,145.155322
loc693599a76582,Blackburn South,Gazetted Locality,VIC,-37.839684,145.147005
loc4c8a477b2232,Blackheath,Gazetted Locality,VIC,-36.481354,142.286202
loc8309ee2d6d31,Blackwarry,Gazetted Locality,VIC,-38.413089,146.617009
loca1adbd73e198,Blackwood,Gazetted Locality,VIC,-37.488816,144.286908
loc7f158a48110c,Blairgowrie,Gazetted Locality,VIC,-38.370648,144.773556
loc0e644525b036,Blakeville,Gazetted Locality,VIC,-37.477582,144.208097
loc8db5d9e879c9,Blampied,Gazetted Locality,VIC,-37.352088,144.02191
loc8c47868d94a0,Blind Bight,Gazetted Locality,VIC,-38.214496,145.334643
locb22346216815,Blowhard,Gazetted Locality,VIC,-37.429004,143.787751
locd822612ba174,Bo Peep,Gazetted Locality,VIC,-37.545554,143.666137
loc81b0633f239e,Bobinawarrah,Gazetted Locality,VIC,-36.536086,146.489471
loc25349ac08f9b,Bochara,Gazetted Locality,VIC,-37.69033,141.900819
loc58fa3791b4e9,Bogong,Gazetted Locality,VIC,-36.796948,147.221549
locc7e7e73ee8e7,Boho,Gazetted Locality,VIC,-36.66863,145.795879
loc1680fce821e6,Boho South,Gazetted Locality,VIC,-36.772774,145.827126
loc3be37dd4e9f1,Boigbeat,Gazetted Locality,VIC,-35.561491,142.957227
loccdd24cb9215b,Boinka,Gazetted Locality,VIC,-35.157515,141.588695
loca861f6ca2ab3,Boisdale,Gazetted Locality,VIC,-37.856375,146.96545
loc6eda168c3798,Bolangum,Gazetted Locality,VIC,-36.71538,142.998082
loc488293f7746c,Bolinda,Gazetted Locality,VIC,-37.438338,144.779558
loc05777dd8ea68,Bolton,Gazetted Locality,VIC,-34.959754,142.937539
loc2c89f2c72b52,Bolwarra,Gazetted Locality,VIC,-38.280574,141.603715
loca767c07ce8b6,Bolwarrah,Gazetted Locality,VIC,-37.509503,144.107991
loc5a5cdc0d3a63,Bona Vista,Gazetted Locality,VIC,-38.206719,145.969225
loc5899edefdaff,Bonang,Gazetted Locality,VIC,-37.148893,148.64785
locc70453923b8e,Bonbeach,Gazetted Locality,VIC,-38.062998,145.127938
locaedc1a0bcb5a,Bonegilla,Gazetted Locality,VIC,-36.144418,146.985556
loced6917ed9b9b,Boneo,Gazetted Locality,VIC,-38.408331,144.901819
loc46f79f2dbf45,Bonn,Gazetted Locality,VIC,-36.413066,144.718296
loccaf1b7ac7ed3,Bonnie Brook,Gazetted Locality,VIC,-37.700239,144.677095
loc4dcb7972b14a,Bonnie Doon,Gazetted Locality,VIC,-37.013997,145.864775
locb2505e62d563,Bonshaw,Gazetted Locality,VIC,-37.603773,143.81349
locd3986508c3f1,Bookaar,Gazetted Locality,VIC,-38.110734,143.080816
locd7929741c9ff,Boola,Gazetted Locality,VIC,-38.051943,146.466802
loc2cdd54fb79b9,Boolarong,Gazetted Locality,VIC,-38.565654,146.258962
loc961e71bc6343,Boolarra,Gazetted Locality,VIC,-38.382282,146.277389
locf7795df093e6,Boolarra South,Gazetted Locality,VIC,-38.462552,146.306786
loc40fbd30880ae,Boole Poole,Gazetted Locality,VIC,-37.923353,147.820676
locd1298bdee5ff,Boolite,Gazetted Locality,VIC,-36.340983,142.681683
loc7c9eb51c7250,Boomahnoomoonah,Gazetted Locality,VIC,-36.123892,146.099174
locb8362b45aa02,Boonah,Gazetted Locality,VIC,-38.427583,143.983782
loc2f38eaefd410,Boorcan,Gazetted Locality,VIC,-38.22207,143.028662
loce7aa43e88406,Boorhaman,Gazetted Locality,VIC,-36.229331,146.321414
locb07c29f18cea,Boorhaman East,Gazetted Locality,VIC,-36.164437,146.334754
loc3dac62971ad3,Boorhaman North,Gazetted Locality,VIC,-36.102938,146.250374
locd7ad53b0d1eb,Boorolite,Gazetted Locality,VIC,-37.15964,146.20494
locea070fc7b4b7,Boorool,Gazetted Locality,VIC,-38.451538,146.055705
loc7017099bf77a,Boort,Gazetted Locality,VIC,-36.123555,143.741931
loc933e2fc51c06,Boosey,Gazetted Locality,VIC,-36.048053,145.795782
loc90cfc568ec13,Boralma,Gazetted Locality,VIC,-36.236339,146.406774
loc4de93c9d945d,Bornes Hill,Gazetted Locality,VIC,-37.529484,142.489865
loc7d9d9818d4b9,Boronia,Gazetted Locality,VIC,-37.853818,145.289567
loce543f29759c6,Borung,Gazetted Locality,VIC,-36.287499,143.776463
loc0786a28dd2a5,Bostocks Creek,Gazetted Locality,VIC,-38.301871,143.117548
locc24586754a19,Botanic Ridge,Gazetted Locality,VIC,-38.135935,145.254264
loc32648f5f8779,Boundary Bend,Gazetted Locality,VIC,-34.72981,143.098047
loc51073e66e2d2,Bowenvale,Gazetted Locality,VIC,-37.004665,143.701727
loc195f12d6882f,Boweya,Gazetted Locality,VIC,-36.276854,146.115238
loc3549fec27c38,Boweya North,Gazetted Locality,VIC,-36.234418,146.106009
loce7c31dfc7645,Bowmans Forest,Gazetted Locality,VIC,-36.469921,146.623425
locb055480620d6,Bowser,Gazetted Locality,VIC,-36.309321,146.362051
loca5de38b84720,Box Hill,Gazetted Locality,VIC,-37.821321,145.126127
locc89665bfa152,Box Hill North,Gazetted Locality,VIC,-37.805906,145.129092
loc6ae7eaa3c1f3,Box Hill South,Gazetted Locality,VIC,-37.836063,145.123475
loc04430bdf0f64,Boxwood,Gazetted Locality,VIC,-36.320949,145.806204
loce5c522e6590e,Bradford,Gazetted Locality,VIC,-36.921688,144.059758
locad5720b52b51,Bradvale,Gazetted Locality,VIC,-37.794795,143.365663
loc0ea7f7dc5047,Braeside,Gazetted Locality,VIC,-38.001989,145.12373
loca2d931c486c4,Brandy Creek,Gazetted Locality,VIC,-38.103691,145.915179
loc387e057eab15,Branxholme,Gazetted Locality,VIC,-37.843087,141.809552
locf731bb317ccc,Bravington,Gazetted Locality,VIC,-38.082492,145.923126
loc01478eda4021,Braybrook,Gazetted Locality,VIC,-37.784634,144.855553
loc7f67133a4bdf,Breakaway Creek,Gazetted Locality,VIC,-38.032768,141.83025
loc8a97c8ce83aa,Breakwater,Gazetted Locality,VIC,-38.177189,144.37412
loc96c2ce4280fb,Breamlea,Gazetted Locality,VIC,-38.294182,144.387504
locb0f9b4b6df74,Brenanah,Gazetted Locality,VIC,-36.566824,143.715289
loc8403c5bea054,Brewster,Gazetted Locality,VIC,-37.496176,143.529398
loce787c138c232,Briagolong,Gazetted Locality,VIC,-37.809555,147.085089
locf1ab93029011,Briar Hill,Gazetted Locality,VIC,-37.70607,145.123544
loc806561c3d7fa,Bridge Creek,Gazetted Locality,VIC,-36.904028,146.102942
loc58cf1d0913b0,Bridgewater,Gazetted Locality,VIC,-36.638127,143.942774
locd2bbaede3007,Bridgewater North,Gazetted Locality,VIC,-36.549376,144.006231
loc2df26d0f8bd6,Bridgewater on Loddon,Gazetted Locality,VIC,-36.602091,143.939056
loc6795ba7e3dbf,Bright,Gazetted Locality,VIC,-36.702772,147.044084
loc3319215a0a10,Brighton,Gazetted Locality,VIC,-37.908028,144.994701
loc65b04ce00376,Brighton East,Gazetted Locality,VIC,-37.916461,145.015175
loc3322016e972a,Brim,Gazetted Locality,VIC,-36.072228,142.443808
loc436e47a2dad6,Brimboal,Gazetted Locality,VIC,-37.394377,141.406604
loc4d9f263285cb,Brimin,Gazetted Locality,VIC,-36.051905,146.260022
loc685cbe0cb06c,Brimpaen,Gazetted Locality,VIC,-37.063362,142.19676
loce0f4ecea9c10,Bringalbert,Gazetted Locality,VIC,-36.840992,141.157194
loc11880983d120,Brit Brit,Gazetted Locality,VIC,-37.408786,141.73451
loc86921449ddd2,Broadford,Gazetted Locality,VIC,-37.215565,145.053345
loc339968b06dbf,Broadlands,Gazetted Locality,VIC,-37.859476,147.690206
loc74f8893fb76e,Broadmeadows,Gazetted Locality,VIC,-37.678898,144.928256
loc491ef560b552,Broadwater,Gazetted Locality,VIC,-38.121545,142.061859
loc481ae25601aa,Brodribb River,Gazetted Locality,VIC,-37.697617,148.589933
loc78aaa13d84a5,Broken Creek,Gazetted Locality,VIC,-36.434688,145.882534
loc40c698ca1b68,Bromley,Gazetted Locality,VIC,-36.886915,143.787527
loc29841cc6d6f1,Brookfield,Gazetted Locality,VIC,-37.701062,144.541364
loc41819ba29eb2,Brooklyn,Gazetted Locality,VIC,-37.814132,144.84183
loc5a317354ba31,Brookville,Gazetted Locality,VIC,-37.351962,147.648933
locbf6382130f40,Broomfield,Gazetted Locality,VIC,-37.384986,143.90634
locd4046f51bb46,Broughton,Gazetted Locality,VIC,-36.154565,141.316148
loc9e5f9467aed1,Brown Hill,Gazetted Locality,VIC,-37.546524,143.915566
loc6c2f18ef0303,Browns Plains,Gazetted Locality,VIC,-36.035223,146.627126
loc3fed493d4fe1,Bruarong,Gazetted Locality,VIC,-36.419993,146.870749
loc82861b657874,Brucknell,Gazetted Locality,VIC,-38.459369,142.903874
loce458669c9f50,Brumby,Gazetted Locality,VIC,-37.019373,148.03964
loca4f3a116d4ba,Brunswick,Gazetted Locality,VIC,-37.766736,144.960983
loc79e45c9fa669,Brunswick East,Gazetted Locality,VIC,-37.768475,144.978097
loc11b2a92fb5f0,Brunswick West,Gazetted Locality,VIC,-37.76393,144.944159
loca3ad40eadaa6,Bruthen,Gazetted Locality,VIC,-37.707665,147.853675
loc574201b0b9ad,Buangor,Gazetted Locality,VIC,-37.384802,143.166772
loc7965c9dbda63,Buchan,Gazetted Locality,VIC,-37.423526,148.103257
loc1563119dec3c,Buchan South,Gazetted Locality,VIC,-37.547098,148.07859
locdda1ad3412d5,Buckland,Gazetted Locality,VIC,-36.85635,146.903266
loc1da1d4fb358b,Buckley,Gazetted Locality,VIC,-38.219268,144.092795
loc528325f2a993,Buckley Swamp,Gazetted Locality,VIC,-37.856369,142.079114
loc6c9a97aef55f,Buckrabanyule,Gazetted Locality,VIC,-36.271311,143.509793
loc537c1529f1e6,Budgee Budgee,Gazetted Locality,VIC,-37.548723,147.090465
loc563c0be46a3a,Budgeree,Gazetted Locality,VIC,-38.419424,146.360158
loc569b9194d9c8,Budgerum East,Gazetted Locality,VIC,-35.773571,143.652359
loc12ff2a0a5112,Buffalo,Gazetted Locality,VIC,-38.676169,146.003674
locd7c080d36228,Buffalo River,Gazetted Locality,VIC,-36.655013,146.659808
loc6d9d8780b1e2,Bulart,Gazetted Locality,VIC,-37.585912,141.917406
loc0aa14d37ce7c,Buldah,Gazetted Locality,VIC,-37.265429,149.124207
loc0886103f7385,Bulga,Gazetted Locality,VIC,-35.304494,143.351021
loc586aee79b3cd,Bulgana,Gazetted Locality,VIC,-37.135956,142.994958
loc125dcdb1e951,Bulla,Gazetted Locality,VIC,-37.629824,144.803094
loc89314310e18d,Bullaharre,Gazetted Locality,VIC,-38.349215,143.139174
loc9e70c7c8061b,Bullarook,Gazetted Locality,VIC,-37.508089,144.013321
locccb8c1c190fc,Bullarto,Gazetted Locality,VIC,-37.388057,144.225617
loc2cc56b89b690,Bullarto South,Gazetted Locality,VIC,-37.422845,144.217643
loca56f2b16461e,Bulleen,Gazetted Locality,VIC,-37.766986,145.088496
loc14f8110c3a65,Bullengarook,Gazetted Locality,VIC,-37.481464,144.501265
loca524243739d2,Bullioh,Gazetted Locality,VIC,-36.175409,147.358494
loc0a8a4a4b18d7,Bullumwaal,Gazetted Locality,VIC,-37.641908,147.582311
loc16a7b6be7aff,Buln Buln,Gazetted Locality,VIC,-38.092874,145.949008
loc7473af394700,Buln Buln East,Gazetted Locality,VIC,-38.07202,146.012816
loc9b9a29242da7,Bumberrah,Gazetted Locality,VIC,-37.792291,147.834299
loc088d740ef3a2,Bunbartha,Gazetted Locality,VIC,-36.250174,145.345703
loc3117fbef7407,Bundalaguah,Gazetted Locality,VIC,-38.024292,147.009089
loc0a94e94d2f51,Bundalong,Gazetted Locality,VIC,-36.052417,146.12847
loc7734347f34c2,Bundalong South,Gazetted Locality,VIC,-36.102486,146.170856
loc46de7f572469,Bundara,Gazetted Locality,VIC,-36.992327,147.333657
loca59f19d84777,Bunding,Gazetted Locality,VIC,-37.53807,144.171367
loc712bc92c5924,Bundoora,Gazetted Locality,VIC,-37.70281,145.056082
loc8d20359f8685,Bung Bong,Gazetted Locality,VIC,-37.093077,143.585024
locd5e8f7713f98,Bungador,Gazetted Locality,VIC,-38.428652,143.328788
loc4f31002cc7df,Bungal,Gazetted Locality,VIC,-37.703532,144.147653
loca8a51c6bd187,Bungalally,Gazetted Locality,VIC,-36.797313,142.258009
locd3500d0fb68c,Bungaree,Gazetted Locality,VIC,-37.561436,144.004153
locf48e2dd730c3,Bungeet,Gazetted Locality,VIC,-36.277037,146.049488
loc44ef8b99017f,Bungeet West,Gazetted Locality,VIC,-36.351266,145.990266
locf8bf8d197e56,Bungil,Gazetted Locality,VIC,-36.083539,147.408029
locdc4a417bc1df,Bunguluke,Gazetted Locality,VIC,-36.055922,143.369416
loc24c93e0a473d,Buninyong,Gazetted Locality,VIC,-37.647931,143.893266
locf6de7ad02342,Bunkers Hill,Gazetted Locality,VIC,-37.574793,143.75231
locc32e1f27cb07,Bunyip,Gazetted Locality,VIC,-38.102012,145.720596
loc4ff5262f3b97,Bunyip North,Gazetted Locality,VIC,-38.062404,145.724281
loc65a545c1e2e1,Buragwonduc,Gazetted Locality,VIC,-37.485718,146.781994
locdb2da1385174,Burkes Bridge,Gazetted Locality,VIC,-35.8364,144.342582
locf0cee0a6d151,Burkes Flat,Gazetted Locality,VIC,-36.639542,143.565521
loc27c7ab8b905e,Burnbank,Gazetted Locality,VIC,-37.229417,143.588416
loc28117758b2d1,Burnewang,Gazetted Locality,VIC,-36.471457,144.674782
loc7c0af2fd89ec,Burnley,Gazetted Locality,VIC,-37.829864,145.016557
loc1cd13a25341f,Burnside,Gazetted Locality,VIC,-37.750202,144.749664
locbb31ea1d3b07,Burnside Heights,Gazetted Locality,VIC,-37.732963,144.756093
loc3704f66f99f0,Burramboot,Gazetted Locality,VIC,-36.529823,144.820329
loc860b95b61d88,Burramine,Gazetted Locality,VIC,-36.007899,145.87253
locdd7ecdd6bfe5,Burramine South,Gazetted Locality,VIC,-36.069971,145.863684
loc8afd8b17cd24,Burrowye,Gazetted Locality,VIC,-36.024585,147.540858
loc0e21a6b4ddce,Burrumbeet,Gazetted Locality,VIC,-37.496272,143.627779
loc67f13bfe7b6c,Burwood,Gazetted Locality,VIC,-37.848919,145.114401
loc2ed32abac511,Burwood East,Gazetted Locality,VIC,-37.853913,145.147529
locc2fe654c18e1,Bushfield,Gazetted Locality,VIC,-38.325845,142.516102
loc6a99b0f73e83,Bushy Park,Gazetted Locality,VIC,-37.858661,147.010709
loc66680780790a,Butchers Ridge,Gazetted Locality,VIC,-37.261008,148.253595
loc738975eb0229,Buxton,Gazetted Locality,VIC,-37.435383,145.717006
loc81e77b601dc6,Byaduk,Gazetted Locality,VIC,-37.945108,141.982853
loced9b7fe29630,Byaduk North,Gazetted Locality,VIC,-37.861491,141.980843
loc6c1ddb51f9ae,Byawatha,Gazetted Locality,VIC,-36.288926,146.470829
loc4cca17382228,Bylands,Gazetted Locality,VIC,-37.350313,144.93079
loc0b6a5afed24c,Byrneside,Gazetted Locality,VIC,-36.410268,145.159244
loc7f48d2360090,Cabarita,Gazetted Locality,VIC,-34.205796,142.083171
loc8a8448661e9e,Cabbage Tree,Gazetted Locality,VIC,-37.460378,143.908217
loc56f600ddd7dd,Cabbage Tree Creek,Gazetted Locality,VIC,-37.656759,148.71539
loc91a697b81051,Cadello,Gazetted Locality,VIC,-37.304786,144.529133
loc0eced751f474,Cairnlea,Gazetted Locality,VIC,-37.758878,144.786544
loc218bfbe8ef2b,Calder Park,Gazetted Locality,VIC,-37.675147,144.76139
loccc46b06df2aa,Caldermeade,Gazetted Locality,VIC,-38.247977,145.522152
loc44a32f330f55,California Gully,Gazetted Locality,VIC,-36.728364,144.258685
loc272cc62f8750,Calivil,Gazetted Locality,VIC,-36.247175,144.078349
locabef68aaba40,Callawadda,Gazetted Locality,VIC,-36.822238,142.805436
loc925cc1f23167,Callignee,Gazetted Locality,VIC,-38.318992,146.579758
loc2c5300faf032,Callignee North,Gazetted Locality,VIC,-38.321418,146.62133
loc1be14b7ff8e7,Callignee South,Gazetted Locality,VIC,-38.379828,146.607412
loc67800a95e5e2,Calrossie,Gazetted Locality,VIC,-38.50014,146.671095
locb5f7d235cdb2,Calulu,Gazetted Locality,VIC,-37.788537,147.508357
locf55199755491,Cambarville,Gazetted Locality,VIC,-37.618953,146.029296
loc913bf4728c4e,Camberwell,Gazetted Locality,VIC,-37.835626,145.074014
locc2fcd7774115,Cambrian Hill,Gazetted Locality,VIC,-37.636951,143.817209
locfb9f1336aa98,Campbellfield,Gazetted Locality,VIC,-37.66624,144.9614
loc3f7846618b6e,Campbells Bridge,Gazetted Locality,VIC,-36.927883,142.791311
loc51c5a5c579d2,Campbells Creek,Gazetted Locality,VIC,-37.106404,144.213399
loc2dc1d9128736,Campbells Forest,Gazetted Locality,VIC,-36.618297,144.101471
locc09a55dad500,Campbelltown,Gazetted Locality,VIC,-37.206024,143.96004
loc123a428bd850,Camperdown,Gazetted Locality,VIC,-38.228859,143.136526
locd13b80692d73,Canadian,Gazetted Locality,VIC,-37.584112,143.882521
loca335a1098356,Canary Island,Gazetted Locality,VIC,-36.003932,143.875365
loc3e17a3a958b1,Caniambo,Gazetted Locality,VIC,-36.471819,145.599703
loc218ece9c35a1,Cann River,Gazetted Locality,VIC,-37.586854,149.16238
loc9a0bba037afa,Cannie,Gazetted Locality,VIC,-35.75427,143.525501
loc5bf094d10d8e,Cannons Creek,Gazetted Locality,VIC,-38.207673,145.307393
loc7c7f6b6e62a9,Cannum,Gazetted Locality,VIC,-36.248405,142.305405
locb694454fbbb1,Canterbury,Gazetted Locality,VIC,-37.824226,145.077431
loc50856354e6f8,Cape Bridgewater,Gazetted Locality,VIC,-38.329765,141.434168
loc5d3646978ef2,Cape Clear,Gazetted Locality,VIC,-37.778188,143.609522
loc8065adefd229,Cape Conran,Gazetted Locality,VIC,-37.789595,148.717185
loc79b769d86937,Cape Otway,Gazetted Locality,VIC,-38.779251,143.575462
loc4abff29e6e33,Cape Paterson,Gazetted Locality,VIC,-38.656963,145.618038
locc7ed59ac01ad,Cape Schanck,Gazetted Locality,VIC,-38.467191,144.904795
loc01636b23f63e,Cape Woolamai,Gazetted Locality,VIC,-38.543401,145.343224
locf8d60bf51b6b,Capel Sound,Gazetted Locality,VIC,-38.370397,144.87528
loc228d608829eb,Capels Crossing,Gazetted Locality,VIC,-35.613786,143.922572
locd1d1d2017419,Carag Carag,Gazetted Locality,VIC,-36.465759,144.89094
loc58806b3ed233,Caralulup,Gazetted Locality,VIC,-37.198336,143.64404
locaff72eb7c3af,Caramut,Gazetted Locality,VIC,-37.952807,142.534682
loc33d223acc3a0,Carapooee,Gazetted Locality,VIC,-36.718837,143.337361
loc24a69dce0818,Carapooee West,Gazetted Locality,VIC,-36.709258,143.238715
loc33c058534f30,Carapook,Gazetted Locality,VIC,-37.515286,141.56941
loc5987ff3ede56,Carboor,Gazetted Locality,VIC,-36.646762,146.547765
loc8c852c59ffe5,Cardigan,Gazetted Locality,VIC,-37.535627,143.745175
loc466920b0342e,Cardigan Village,Gazetted Locality,VIC,-37.516919,143.709924
loc1407fbd1e16b,Cardinia,Gazetted Locality,VIC,-38.14539,145.42368
loc590aa68ce959,Cardross,Gazetted Locality,VIC,-34.305477,142.125473
loc1179440acbd6,Cargerie,Gazetted Locality,VIC,-37.803945,143.949867
locdfffeb97ca8d,Carina,Gazetted Locality,VIC,-35.221311,141.102366
loc41c1ab9121d6,Caringal,Gazetted Locality,VIC,-37.946391,146.341367
loc154390ddc0ff,Carisbrook,Gazetted Locality,VIC,-37.030702,143.837356
loc06c4966b14cd,Carlisle River,Gazetted Locality,VIC,-38.567951,143.435143
loc03c8729d5d9f,Carlsruhe,Gazetted Locality,VIC,-37.290592,144.492159
loca0398a35cf5e,Carlton,Gazetted Locality,VIC,-37.799978,144.9693
loc533a569e6f80,Carlton North,Gazetted Locality,VIC,-37.787273,144.96795
loc59254525b610,Carlyle,Gazetted Locality,VIC,-35.997685,146.485661
loc86cf2bd4847b,Carnegie,Gazetted Locality,VIC,-37.893715,145.055589
locf9a8f171535e,Carngham,Gazetted Locality,VIC,-37.560964,143.59183
loc17a18f5ff3a6,Caroline Springs,Gazetted Locality,VIC,-37.73129,144.738385
locaabd74ccd818,Carpendeit,Gazetted Locality,VIC,-38.391301,143.241007
loc6b9320f14b68,Carrajung,Gazetted Locality,VIC,-38.379828,146.680352
loc6ebc13341888,Carrajung Lower,Gazetted Locality,VIC,-38.389876,146.762293
locffdf5340caeb,Carrajung South,Gazetted Locality,VIC,-38.384012,146.800915
loccb61d41e5521,Carranballac,Gazetted Locality,VIC,-37.696968,143.170883
loce9e359fdb5e2,Carron,Gazetted Locality,VIC,-36.280339,142.759209
locd991ee63e1ae,Carrum,Gazetted Locality,VIC,-38.077111,145.127733
locff62fb6a898a,Carrum Downs,Gazetted Locality,VIC,-38.097251,145.176129
loc6442dc787b13,Carwarp,Gazetted Locality,VIC,-34.52673,142.176264
loc2a9a9677c068,Cashmore,Gazetted Locality,VIC,-38.307685,141.50238
loc2d23f5171319,Cassilis,Gazetted Locality,VIC,-37.204139,147.605141
locc7f19230ec8e,Castella,Gazetted Locality,VIC,-37.516202,145.422981
loc92006d7c0d05,Casterton,Gazetted Locality,VIC,-37.600283,141.292075
loc6ab2426ba50a,Castle Creek,Gazetted Locality,VIC,-36.183001,146.823857
loc6809b7c5e3e1,Castle Donnington,Gazetted Locality,VIC,-35.421389,143.571696
locb3ef43e2e633,Castlemaine,Gazetted Locality,VIC,-37.059246,144.216459
locd6c6d9a7e47d,Catani,Gazetted Locality,VIC,-38.192517,145.648793
loca5fac44493f4,Cathcart,Gazetted Locality,VIC,-37.313113,142.882044
loceebe11b0d60c,Cathkin,Gazetted Locality,VIC,-37.162948,145.612539
loc1c59a27b9fb1,Catumnal,Gazetted Locality,VIC,-36.079837,143.618155
loc450465b4eebb,Caulfield,Gazetted Locality,VIC,-37.884802,145.026158
loc51f316792e18,Caulfield East,Gazetted Locality,VIC,-37.881095,145.042128
loc433bbb473372,Caulfield North,Gazetted Locality,VIC,-37.870735,145.0218
loc1b5a0e70afd4,Caulfield South,Gazetted Locality,VIC,-37.895121,145.024875
loceb4081c81ca3,Caveat,Gazetted Locality,VIC,-37.058285,145.49642
loc37a6a52d31c4,Cavendish,Gazetted Locality,VIC,-37.485211,142.07149
loc59fbd4280429,Ceres,Gazetted Locality,VIC,-38.163049,144.272931
loc9b20cd160517,Chadstone,Gazetted Locality,VIC,-37.882698,145.0996
loca8bff6f9f443,Chandlers Creek,Gazetted Locality,VIC,-37.308117,149.321657
loc756f6c8866b0,Chapel Flat,Gazetted Locality,VIC,-37.478969,143.896469
loc806b9896495a,Chapple Vale,Gazetted Locality,VIC,-38.626365,143.293544
locecbfa5face9e,Charam,Gazetted Locality,VIC,-36.951444,141.512592
loc99016095ec57,Charlemont,Gazetted Locality,VIC,-38.204705,144.376052
loc2dda2a8b5d76,Charleroi,Gazetted Locality,VIC,-36.309891,147.156245
loc2e8c2fca7c80,Charlton,Gazetted Locality,VIC,-36.281309,143.34351
loc973da3f2ca29,Chatsworth,Gazetted Locality,VIC,-37.840264,142.659667
locffd0eebac0eb,Chelsea,Gazetted Locality,VIC,-38.049611,145.121641
locc25e0bed112f,Chelsea Heights,Gazetted Locality,VIC,-38.040037,145.133317
loc0a03ed3531fd,Cheltenham,Gazetted Locality,VIC,-37.961898,145.057111
loc92057462741c,Chepstowe,Gazetted Locality,VIC,-37.596712,143.485388
loca96159199116,Cherokee,Gazetted Locality,VIC,-37.397452,144.644969
loc83656a2f48cf,Cherrypool,Gazetted Locality,VIC,-37.130605,142.17701
loc454426eb8b88,Cheshunt,Gazetted Locality,VIC,-36.829582,146.442908
locf0365a14c70f,Cheshunt South,Gazetted Locality,VIC,-36.93468,146.477136
loc72c8cfe49f57,Chesney Vale,Gazetted Locality,VIC,-36.414104,146.06166
loc1a7553da1009,Chetwynd,Gazetted Locality,VIC,-37.302197,141.352643
loce6e4158d9f4f,Chewton,Gazetted Locality,VIC,-37.091342,144.269677
loce8ee6cda14c5,Chewton Bushlands,Gazetted Locality,VIC,-37.078472,144.293265
loc13c7b9978331,Childers,Gazetted Locality,VIC,-38.298931,146.095801
locc9256a6bea6e,Chillingollah,Gazetted Locality,VIC,-35.277702,143.045088
locd84f3c3a4705,Chiltern,Gazetted Locality,VIC,-36.185991,146.621504
loc268de05c56fb,Chiltern Valley,Gazetted Locality,VIC,-36.143207,146.55048
loc3753cbda503c,Chinangin,Gazetted Locality,VIC,-35.532741,143.181368
loc336cebacd923,Chinkapook,Gazetted Locality,VIC,-35.18081,142.944519
loc687f368f67f2,Chintin,Gazetted Locality,VIC,-37.396311,144.829723
loc0f84961f7515,Chirnside Park,Gazetted Locality,VIC,-37.741625,145.313644
loc585db4eb0d6d,Chirrip,Gazetted Locality,VIC,-36.160085,143.125997
locd79fd084f3f8,Chocolyn,Gazetted Locality,VIC,-38.197492,143.202891
loc8907106aa438,Christmas Hills,Gazetted Locality,VIC,-37.65815,145.307166
locc2eca36bc712,Chum Creek,Gazetted Locality,VIC,-37.606655,145.491833
locb43c247a8faa,Churchill,Gazetted Locality,VIC,-38.315411,146.41989
loc9ff079c4246c,Churchill Island,Gazetted Locality,VIC,-38.501012,145.338651
loc276053574e3e,Chute,Gazetted Locality,VIC,-37.309412,143.414801
loc4c5182bb7e16,Clarendon,Gazetted Locality,VIC,-37.700032,143.971876
loc5cd8587265b2,Claretown,Gazetted Locality,VIC,-37.516341,144.032708
loc39cd317eec9d,Clarinda,Gazetted Locality,VIC,-37.942654,145.105821
locd93626afdf47,Clarkefield,Gazetted Locality,VIC,-37.481687,144.80869
locfe9c7c2605e6,Clarkes Hill,Gazetted Locality,VIC,-37.498955,143.978808
loc86dc9bf35404,Clayton,Gazetted Locality,VIC,-37.915039,145.131755
locde8437240459,Clayton South,Gazetted Locality,VIC,-37.944946,145.127785
loc3fc6a898f88f,Clear Lake,Gazetted Locality,VIC,-36.945211,141.896972
locb6294cb621e4,Clematis,Gazetted Locality,VIC,-37.930811,145.421162
locf2b5823155cc,Clifton Creek,Gazetted Locality,VIC,-37.710416,147.664109
locb20cdea6f682,Clifton Hill,Gazetted Locality,VIC,-37.78929,144.998775
loc36422efcb9c0,Clifton Springs,Gazetted Locality,VIC,-38.151962,144.574511
loc756873fe7d89,Clonbinane,Gazetted Locality,VIC,-37.36773,145.15905
locf8ea0e00efa3,Clover Flat,Gazetted Locality,VIC,-37.608445,141.560156
loc447ca2dd5f07,Cloverlea,Gazetted Locality,VIC,-38.23644,145.997602
loc47c35e3d528e,Club Terrace,Gazetted Locality,VIC,-37.526282,148.938978
loc3b3ed8e185e0,Clunes,Gazetted Locality,VIC,-37.287599,143.780262
loc517609e09c88,Clyde,Gazetted Locality,VIC,-38.155445,145.356904
loc0475beb19ff3,Clyde North,Gazetted Locality,VIC,-38.100121,145.360463
loc996b5190f20e,Clydebank,Gazetted Locality,VIC,-38.047264,147.186688
loc8758517913c8,Clydesdale,Gazetted Locality,VIC,-37.174499,144.097869
loc502c84151800,Coalville,Gazetted Locality,VIC,-38.242775,146.264006
loc1476af0a8dc2,Cobains,Gazetted Locality,VIC,-38.076797,147.152111
locd2a283fb8460,Cobaw,Gazetted Locality,VIC,-37.263578,144.63678
locfc32666892d9,Cobbannah,Gazetted Locality,VIC,-37.662186,147.260786
loc4918ad836e9a,Cobberas,Gazetted Locality,VIC,-36.85796,148.111804
loc2ca9d59200dd,Cobblebank,Gazetted Locality,VIC,-37.708381,144.600382
locc0128099b666,Cobden,Gazetted Locality,VIC,-38.332485,143.083046
locecac9bfc699f,Cobram,Gazetted Locality,VIC,-35.923323,145.63144
loc7c798a27c4d7,Cobram East,Gazetted Locality,VIC,-35.965643,145.7299
loc5b67e9cb2447,Cobrico,Gazetted Locality,VIC,-38.293092,143.016079
locaa922d87bb19,Cobungra,Gazetted Locality,VIC,-37.079517,147.371783
locbd7d4fd6b9e7,Coburg,Gazetted Locality,VIC,-37.744924,144.963951
loc3271d3814fc5,Coburg North,Gazetted Locality,VIC,-37.727076,144.967891
loca01c46b1273a,Cocamba,Gazetted Locality,VIC,-35.106562,142.900153
locca4f110cdbbe,Cochranes Creek,Gazetted Locality,VIC,-36.695375,143.575784
loced9ba735b51c,Cockatoo,Gazetted Locality,VIC,-37.926401,145.503562
locc3e899f0043c,Cocoroc,Gazetted Locality,VIC,-37.963542,144.617198
loc8a30f3db249f,Codrington,Gazetted Locality,VIC,-38.257314,141.969237
loc25ff792a72a1,Coghills Creek,Gazetted Locality,VIC,-37.384277,143.752408
loc5cc8fb448f60,Cohuna,Gazetted Locality,VIC,-35.775369,144.264301
loca7a0c0db6b97,Coimadai,Gazetted Locality,VIC,-37.590388,144.491002
loc70c1d31548a7,Cokum,Gazetted Locality,VIC,-35.749005,143.254897
loc1ca21c8effff,Colac,Gazetted Locality,VIC,-38.309878,143.587417
loc34f7a8a93352,Colac Colac,Gazetted Locality,VIC,-36.221901,147.85621
locca346ca1280a,Colac East,Gazetted Locality,VIC,-38.333477,143.61641
locfd0e878195a8,Colac West,Gazetted Locality,VIC,-38.332584,143.544944
loc1944fa442bb7,Colbinabbin,Gazetted Locality,VIC,-36.604411,144.80414
loc06cdf6af0309,Colbrook,Gazetted Locality,VIC,-37.533197,144.222388
locaf8d2e9e4584,Coldstream,Gazetted Locality,VIC,-37.704319,145.342326
loc8bf326f13a2b,Coleraine,Gazetted Locality,VIC,-37.591202,141.673587
locd42eb58c72dd,Colignan,Gazetted Locality,VIC,-34.540758,142.321348
loc6de0828869d7,Collingwood,Gazetted Locality,VIC,-37.801164,144.988333
loc4a15ae39de98,Combienbar,Gazetted Locality,VIC,-37.38627,149.021195
locc4ed4fb834d3,Concongella,Gazetted Locality,VIC,-37.048631,142.868464
loc8ad021760a61,Condah,Gazetted Locality,VIC,-37.9409,141.699743
loc607e6d9a3d20,Condah Swamp,Gazetted Locality,VIC,-37.975198,141.836619
locfeb82e2b8317,Congupna,Gazetted Locality,VIC,-36.285627,145.475133
loc6a5903165043,Connewarre,Gazetted Locality,VIC,-38.250769,144.435288
loc1e9704dd3823,Connewirricoo,Gazetted Locality,VIC,-37.17779,141.475073
loc68fe74ef0fa6,Coojar,Gazetted Locality,VIC,-37.358812,141.660218
loc9baff2540961,Coolaroo,Gazetted Locality,VIC,-37.653724,144.935544
loc590c655286e9,Cooma,Gazetted Locality,VIC,-36.409392,145.072868
loc1b3299b0b8ce,Coomboona,Gazetted Locality,VIC,-36.268818,145.299082
loc28af26cea115,Coomoora,Gazetted Locality,VIC,-37.328871,144.195262
loc42ab6831a317,Coongulla,Gazetted Locality,VIC,-37.873196,146.777971
loc43aa42277745,Coonooer Bridge,Gazetted Locality,VIC,-36.467396,143.308761
loc8d3773966002,Coonooer West,Gazetted Locality,VIC,-36.425849,143.213861
loceb675629af44,Coopers Creek,Gazetted Locality,VIC,-37.987451,146.423668
loc9c4cebfb35b9,Cooriemungle,Gazetted Locality,VIC,-38.566624,143.149217
loc42cbbcffc6cb,Cope Cope,Gazetted Locality,VIC,-36.46734,143.056827
locc3639fd0463f,Cora Lynn,Gazetted Locality,VIC,-38.142693,145.620315
loc93110f9d38e4,Corack,Gazetted Locality,VIC,-36.181254,143.021092
loca9c6573a60d4,Corack East,Gazetted Locality,VIC,-36.146825,143.048135
loc0035746c37e9,Coragulac,Gazetted Locality,VIC,-38.263647,143.540097
loc184758444cd7,Coral Bank,Gazetted Locality,VIC,-36.61906,147.108804
loc282e256216af,Corindhap,Gazetted Locality,VIC,-37.864873,143.756896
locd44594e2ee8a,Corinella,Gazetted Locality,VIC,-38.425175,145.476757
loc9b557da50675,Corio,Gazetted Locality,VIC,-38.067529,144.372951
loc73253400c1db,Corndale,Gazetted Locality,VIC,-37.528262,141.275894
loc730cf7a89114,Cornella,Gazetted Locality,VIC,-36.686829,144.77751
loc1089393bc8fb,Cornishtown,Gazetted Locality,VIC,-36.105034,146.571364
locde0baa3820d0,Coronet Bay,Gazetted Locality,VIC,-38.434802,145.445039
locf290486af036,Corop,Gazetted Locality,VIC,-36.459309,144.77409
loc6588f6978bf9,Cororooke,Gazetted Locality,VIC,-38.296799,143.528692
loced23e35bc533,Corringle,Gazetted Locality,VIC,-37.784751,148.443402
loca3335b78b5f1,Corryong,Gazetted Locality,VIC,-36.185816,147.896633
loc735aeaa73156,Corunnun,Gazetted Locality,VIC,-38.281971,143.487515
loc72e42e927b3e,Cosgrove,Gazetted Locality,VIC,-36.346057,145.62046
locd4cb77e8c7ef,Cosgrove South,Gazetted Locality,VIC,-36.412792,145.631825
locebcbc7bb3ea0,Costerfield,Gazetted Locality,VIC,-36.870157,144.795605
loc0d71960859d0,Cotswold,Gazetted Locality,VIC,-37.139634,143.902753
locb69905fd9ded,Cottles Bridge,Gazetted Locality,VIC,-37.606973,145.219854
loc6239b8e8579f,Cowa,Gazetted Locality,VIC,-37.385489,147.193342
loc6949dfe29c6e,Cowangie,Gazetted Locality,VIC,-35.192689,141.364546
loc4254f71eaafd,Cowes,Gazetted Locality,VIC,-38.46831,145.238912
loc41e0aff4c65f,Cowleys Creek,Gazetted Locality,VIC,-38.502726,143.03768
locc7d7d53a0ad4,Cowwarr,Gazetted Locality,VIC,-38.028601,146.697015
locd33f3c967be7,Craigie,Gazetted Locality,VIC,-37.109526,143.76666
loc6ae8cb311823,Craigieburn,Gazetted Locality,VIC,-37.581379,144.92586
locc0b6d754799e,Cranbourne,Gazetted Locality,VIC,-38.114206,145.27061
locae977e7a8d83,Cranbourne East,Gazetted Locality,VIC,-38.112668,145.304471
loc9fe59dbd0874,Cranbourne North,Gazetted Locality,VIC,-38.077538,145.298738
locb52441c1176c,Cranbourne South,Gazetted Locality,VIC,-38.149383,145.242088
loc9ea2b366d63f,Cranbourne West,Gazetted Locality,VIC,-38.103419,145.250421
loceed276972aef,Creek Junction,Gazetted Locality,VIC,-36.847492,145.888304
loc208d5dc9bc9d,Creek View,Gazetted Locality,VIC,-36.606127,144.650331
loc36df131f7f2f,Creightons Creek,Gazetted Locality,VIC,-36.863022,145.513484
loc87f2ad0c0fd7,Cremorne,Gazetted Locality,VIC,-37.82944,144.992609
loc49b67c1a061c,Cressy,Gazetted Locality,VIC,-38.03713,143.659277
loc1dd5cc4604dc,Creswick,Gazetted Locality,VIC,-37.420667,143.891438
loc722aa96999fb,Creswick North,Gazetted Locality,VIC,-37.366726,143.874835
loce93280cdb0cc,Crib Point,Gazetted Locality,VIC,-38.356417,145.202748
loce1baa6ae291a,Crookayan,Gazetted Locality,VIC,-37.489864,146.627172
loc29fe10d21de6,Crooked River,Gazetted Locality,VIC,-37.387985,146.999566
loc72a7fcf3b793,Cross Roads,Gazetted Locality,VIC,-37.501105,143.212651
loc05c0d8385f06,Crossley,Gazetted Locality,VIC,-38.317003,142.313452
loc68d45f60e663,Crossover,Gazetted Locality,VIC,-38.057558,145.973622
loc9afca16e477d,Crowlands,Gazetted Locality,VIC,-37.128692,143.09746
loc41019400a84c,Croxton East,Gazetted Locality,VIC,-37.774824,142.226963
loccb9bfb1fb49a,Croydon,Gazetted Locality,VIC,-37.79132,145.282048
locdc955a0a97c9,Croydon Hills,Gazetted Locality,VIC,-37.774359,145.268764
locfeb30fa2d21c,Croydon North,Gazetted Locality,VIC,-37.773253,145.284505
locdcb72e93920d,Croydon South,Gazetted Locality,VIC,-37.815572,145.280337
loc5363ad7a2f67,Crymelon,Gazetted Locality,VIC,-36.153143,142.239557
loc25b9ba26361b,Cudgee,Gazetted Locality,VIC,-38.34098,142.647008
loc8e2916c92321,Cudgewa,Gazetted Locality,VIC,-36.155041,147.810255
locafaa9105451b,Culgoa,Gazetted Locality,VIC,-35.707034,143.114647
loc52381735d3aa,Culla,Gazetted Locality,VIC,-37.240386,141.621714
locfcfe95e2d02b,Cullen,Gazetted Locality,VIC,-35.78368,144.154895
loc2510a2bbb52b,Cullulleraine,Gazetted Locality,VIC,-34.188077,141.651368
loc23e052d4d146,Cundare,Gazetted Locality,VIC,-38.14456,143.59307
loc4f29029b510a,Cundare North,Gazetted Locality,VIC,-38.107308,143.560758
locae45b735f0f5,Curdies River,Gazetted Locality,VIC,-38.444669,142.946272
loce2d6c5b97781,Curdievale,Gazetted Locality,VIC,-38.520548,142.852757
locbacb63b5901d,Curlewis,Gazetted Locality,VIC,-38.178482,144.522361
loc61458096fc3d,Curyo,Gazetted Locality,VIC,-35.843708,142.710509
loceecc133d97ef,Dadswells Bridge,Gazetted Locality,VIC,-36.904179,142.495477
loc21b693492299,Daisy Hill,Gazetted Locality,VIC,-37.112423,143.719791
locbdafa0d5b0d4,Dales Creek,Gazetted Locality,VIC,-37.523527,144.301714
locf91c2122e305,Dallas,Gazetted Locality,VIC,-37.669881,144.936294
loc29de16c8a604,Dalmore,Gazetted Locality,VIC,-38.187888,145.417997
loc7ff0c90669d1,Daltons Bridge,Gazetted Locality,VIC,-35.826675,144.285065
loc9965a53bd900,Dalyenong,Gazetted Locality,VIC,-36.806219,143.41464
loc7033a498c044,Dalyston,Gazetted Locality,VIC,-38.568075,145.546773
loc642caba35d41,Dandenong,Gazetted Locality,VIC,-37.985579,145.21261
locd755ccb7197e,Dandenong North,Gazetted Locality,VIC,-37.955013,145.215005
locb31c88860761,Dandenong South,Gazetted Locality,VIC,-38.029504,145.215806
loc0fabb2d42502,Dandongadale,Gazetted Locality,VIC,-36.833069,146.724812
loc6ade465eba04,Dargo,Gazetted Locality,VIC,-37.321683,147.332566
loc5a81b7e76276,Darley,Gazetted Locality,VIC,-37.636392,144.432136
locce1a485f3bc4,Darlimurla,Gazetted Locality,VIC,-38.397167,146.226362
loc11139c8daf73,Darlington,Gazetted Locality,VIC,-37.979534,143.05133
locbd525ba78d55,Darnum,Gazetted Locality,VIC,-38.181239,146.01394
locbc5a8bc32e3c,Darraweit Guim,Gazetted Locality,VIC,-37.416667,144.877094
loc47fd90afd2e5,Darriman,Gazetted Locality,VIC,-38.409553,146.898843
locd931e7865593,Dartmoor,Gazetted Locality,VIC,-37.895114,141.268029
loc2bcf6d23c364,Dartmouth,Gazetted Locality,VIC,-36.61188,147.613776
locd72415fcbe73,Dawson,Gazetted Locality,VIC,-37.974232,146.690009
loce8cc4236dbff,Daylesford,Gazetted Locality,VIC,-37.348365,144.159184
locd110c77e6314,Dean,Gazetted Locality,VIC,-37.456335,143.978144
loc831136617e5e,Deans Marsh,Gazetted Locality,VIC,-38.406883,143.898683
loce4ce9f3183f9,Deanside,Gazetted Locality,VIC,-37.732654,144.704238
loc61a6ae4a3ac2,Deddick Valley,Gazetted Locality,VIC,-37.048849,148.460294
locfa38377aaf29,Dederang,Gazetted Locality,VIC,-36.475521,147.002142
loc511d7165818d,Deep Lead,Gazetted Locality,VIC,-37.002756,142.725917
loce587d8cdc0f5,Deepdene,Gazetted Locality,VIC,-37.811016,145.066195
loc70eb03d586f8,Deer Park,Gazetted Locality,VIC,-37.767023,144.766594
loc853ce1db7b4e,Delacombe,Gazetted Locality,VIC,-37.582643,143.817469
loc167afe1d878c,Delahey,Gazetted Locality,VIC,-37.718841,144.776932
loc37ffbe4ce368,Delatite,Gazetted Locality,VIC,-37.125624,146.158363
loc725c71e30b9d,Delburn,Gazetted Locality,VIC,-38.334737,146.229038
loc974cd060be4d,Delegate River,Gazetted Locality,VIC,-37.106345,148.79386
loc7836462d7b61,Denicull Creek,Gazetted Locality,VIC,-37.342159,142.92855
locbc62dc5c02d2,Denison,Gazetted Locality,VIC,-38.038098,146.874876
loc09eb23893c4a,Dennington,Gazetted Locality,VIC,-38.355138,142.433687
loc1228ae175fa4,Denver,Gazetted Locality,VIC,-37.287901,144.294297
locab522f286551,Deptford,Gazetted Locality,VIC,-37.571975,147.690623
loc168ab8c4ca65,Derby,Gazetted Locality,VIC,-36.654707,144.014339
loca2fd80ef71d3,Dereel,Gazetted Locality,VIC,-37.82601,143.76122
loc7bdb81a803ef,Dergholm,Gazetted Locality,VIC,-37.342395,141.187508
locaa3e42e45c6a,Derrimut,Gazetted Locality,VIC,-37.798351,144.770945
loc5d49b0dadcea,Derrinal,Gazetted Locality,VIC,-36.895145,144.568236
loc90ffd6e9687e,Derrinallum,Gazetted Locality,VIC,-37.958913,143.175326
loc5d6dd94e8d50,Devenish,Gazetted Locality,VIC,-36.336735,145.897285
loce1f58e338f60,Devils River,Gazetted Locality,VIC,-37.17214,145.816929
loc8466fa581083,Devon Meadows,Gazetted Locality,VIC,-38.170843,145.308572
loc931939069973,Devon North,Gazetted Locality,VIC,-38.535683,146.621451
locdf5c9d822bba,Dewhurst,Gazetted Locality,VIC,-37.976385,145.473817
locf51ebff75c37,Dhurringile,Gazetted Locality,VIC,-36.535505,145.216394
loc42e60600a8c9,Diamond Creek,Gazetted Locality,VIC,-37.66081,145.15469
loc99d753e19b23,Digby,Gazetted Locality,VIC,-37.812671,141.539957
loc21e213c7452c,Diggers Rest,Gazetted Locality,VIC,-37.613869,144.682087
loc9e3160d1ab2a,Diggora,Gazetted Locality,VIC,-36.363471,144.530895
loc87fb78a75ee2,Dimboola,Gazetted Locality,VIC,-36.393557,142.049014
locac4138577791,Dingee,Gazetted Locality,VIC,-36.372125,144.212503
locd6810256cc93,Dingley Village,Gazetted Locality,VIC,-37.97502,145.12539
loc89a34a2a749a,Dingwall,Gazetted Locality,VIC,-35.808657,143.848174
loc6c424ead2992,Dinner Plain,Gazetted Locality,VIC,-37.033981,147.280268
loc9383b261d90b,Dixie,Gazetted Locality,VIC,-38.305947,142.92693
loca0aaf21ba3d0,Dixons Creek,Gazetted Locality,VIC,-37.584352,145.430778
loc2a21ad45f1a4,Dobie,Gazetted Locality,VIC,-37.331324,143.033276
loc72811653f4ea,Docker,Gazetted Locality,VIC,-36.506163,146.367195
locb5e6487c69a4,Dockers Plains,Gazetted Locality,VIC,-36.287574,146.335204
locddc4a1bcd8ba,Docklands,Gazetted Locality,VIC,-37.818629,144.943106
locab849449a3d2,Doctors Flat,Gazetted Locality,VIC,-37.302491,147.743202
loc565a9d71a45a,Dollar,Gazetted Locality,VIC,-38.558292,146.180246
loc2289e2e7a389,Don Valley,Gazetted Locality,VIC,-37.733639,145.590648
locd1f06da0adb3,Donald,Gazetted Locality,VIC,-36.304843,142.953946
loc7ab22202aac3,Doncaster,Gazetted Locality,VIC,-37.782995,145.122359
loc7a8164839d54,Doncaster East,Gazetted Locality,VIC,-37.775713,145.161615
locbdf0138dcf54,Donnybrook,Gazetted Locality,VIC,-37.54003,144.988444
loc49db457e2be8,Donvale,Gazetted Locality,VIC,-37.786698,145.185021
loc61425f380f45,Dooboobetic,Gazetted Locality,VIC,-36.377373,143.197435
loc183d810feeb8,Dooen,Gazetted Locality,VIC,-36.642036,142.23636
loc605f47e8b63b,Dookie,Gazetted Locality,VIC,-36.333708,145.710392
loc4ec1ea750ace,Dookie College,Gazetted Locality,VIC,-36.394333,145.703497
loc20067eb0384a,Doreen,Gazetted Locality,VIC,-37.598238,145.140398
loc3b1653361b3b,Dorodong,Gazetted Locality,VIC,-37.319828,141.048056
loc6bfaffdaa2e4,Double Bridges,Gazetted Locality,VIC,-37.596031,147.89565
locea0d687a4d92,Douglas,Gazetted Locality,VIC,-37.04106,141.711477
locb453101c5355,Doveton,Gazetted Locality,VIC,-37.98383,145.239632
loc2946717827d5,Dreeite,Gazetted Locality,VIC,-38.145014,143.510636
locc6e52e8def36,Dreeite South,Gazetted Locality,VIC,-38.196746,143.480199
loce6fe9cedd8c7,Driffield,Gazetted Locality,VIC,-38.270824,146.303637
loc0d669795e246,Drik Drik,Gazetted Locality,VIC,-38.008558,141.285197
locf4e180745c81,Dromana,Gazetted Locality,VIC,-38.332014,145.012072
loce4b02dd6c1f3,Dropmore,Gazetted Locality,VIC,-37.040363,145.428975
loc33cff9526850,Drouin,Gazetted Locality,VIC,-38.143213,145.840868
loc1e36ff40f8a5,Drouin East,Gazetted Locality,VIC,-38.124265,145.890041
loc961d8ef37c6a,Drouin South,Gazetted Locality,VIC,-38.188928,145.828526
loc3b77572d819c,Drouin West,Gazetted Locality,VIC,-38.079475,145.86717
loc037fcbc041fa,Drumanure,Gazetted Locality,VIC,-36.16727,145.486191
locbf040b0721d0,Drumborg,Gazetted Locality,VIC,-38.104847,141.491647
loc6f04d479b43f,Drumcondra,Gazetted Locality,VIC,-38.13015,144.354048
loc629ffe1fefba,Drummartin,Gazetted Locality,VIC,-36.428826,144.406615
loc3395a1caa799,Drummond,Gazetted Locality,VIC,-37.242836,144.305013
loc025c42fd6114,Drummond North,Gazetted Locality,VIC,-37.190392,144.324135
locafc06a7fcfb5,Drung,Gazetted Locality,VIC,-36.762915,142.321695
loca806c254ae08,Dry Diggings,Gazetted Locality,VIC,-37.29793,144.158187
loc06d0d0aef5d7,Drysdale,Gazetted Locality,VIC,-38.176485,144.598199
loc503de45e036b,Duchembegarra,Gazetted Locality,VIC,-36.615471,141.907424
loc7e21ef3fcb98,Dumbalk,Gazetted Locality,VIC,-38.524541,146.119939
locf0041d1e15dc,Dumbalk North,Gazetted Locality,VIC,-38.511783,146.169167
loc1300d397268b,Dumosa,Gazetted Locality,VIC,-35.938845,143.18853
loc03c894bfb13b,Dunach,Gazetted Locality,VIC,-37.217121,143.768278
loc6d3acef99a3e,Dundonnell,Gazetted Locality,VIC,-37.899261,142.984262
locf2d345ace389,Dunkeld,Gazetted Locality,VIC,-37.672858,142.364231
loc0f6b02507a61,Dunluce,Gazetted Locality,VIC,-36.880303,143.598323
loca9f4c2994bec,Dunneworthy,Gazetted Locality,VIC,-37.20439,143.040747
locf771412e96f3,Dunnstown,Gazetted Locality,VIC,-37.592729,143.967713
locfeaaed594038,Dunolly,Gazetted Locality,VIC,-36.866213,143.730916
loc41bc1de7b301,Dunrobin,Gazetted Locality,VIC,-37.519239,141.379652
loc579e6c6e83d8,Durdidwarrah,Gazetted Locality,VIC,-37.82241,144.164055
loceb6884033cea,Durham Lead,Gazetted Locality,VIC,-37.697469,143.883962
locec50c74f81bc,Durham Ox,Gazetted Locality,VIC,-36.120024,143.918381
loc3eb047673ced,Dutson,Gazetted Locality,VIC,-38.180645,147.24027
loc0f66385b4eb7,Dutson Downs,Gazetted Locality,VIC,-38.19974,147.342562
loc5041aa76a241,Dutton Way,Gazetted Locality,VIC,-38.30124,141.618519
locfc2ed63521e4,Duverney,Gazetted Locality,VIC,-38.037906,143.558945
loc349bb9642578,Eagle Point,Gazetted Locality,VIC,-37.895433,147.687355
locb29f2cfd6756,Eaglehawk,Gazetted Locality,VIC,-36.707747,144.263226
locfa38d72fd4ca,Eaglehawk North,Gazetted Locality,VIC,-36.690695,144.253484
loc2ef00ac196a6,Eaglemont,Gazetted Locality,VIC,-37.763115,145.066041
locf8493a09e58c,Earlston,Gazetted Locality,VIC,-36.531095,145.681491
loce85021b8a41e,East Bairnsdale,Gazetted Locality,VIC,-37.856366,147.650367
loc86b22e8e6ecf,East Bendigo,Gazetted Locality,VIC,-36.738273,144.326993
loc210d5f2116dd,East Geelong,Gazetted Locality,VIC,-38.153732,144.381382
loc7024d58288dd,East Melbourne,Gazetted Locality,VIC,-37.815573,144.982563
loc08a84015fde0,East Sale,Gazetted Locality,VIC,-38.104133,147.142081
loc2174b697a652,East Wangaratta,Gazetted Locality,VIC,-36.362941,146.378524
loca723a335fb3f,East Warburton,Gazetted Locality,VIC,-37.693433,145.763532
loc866808bffd28,Eastern View,Gazetted Locality,VIC,-38.45163,144.042329
loc993600cd47bf,Eastville,Gazetted Locality,VIC,-36.880578,143.939031
loca213a5b9e372,Eastwood,Gazetted Locality,VIC,-37.813068,147.633728
loc0a7798a5de3e,Ebden,Gazetted Locality,VIC,-36.168646,147.040418
loc835e1e181656,Echuca,Gazetted Locality,VIC,-36.155673,144.748927
loc09f72fd2120e,Echuca Village,Gazetted Locality,VIC,-36.144532,144.81383
loca526c5542496,Echuca West,Gazetted Locality,VIC,-36.176048,144.66963
loc1fdee73e6c54,Ecklin South,Gazetted Locality,VIC,-38.385975,142.902193
loc42d32cdaf4c7,Eddington,Gazetted Locality,VIC,-36.913686,143.856627
loc69381be73d8b,Eden Park,Gazetted Locality,VIC,-37.487386,145.06683
loc528888eb2e92,Edenhope,Gazetted Locality,VIC,-37.064086,141.322955
locc39ad13dbec0,Edgecombe,Gazetted Locality,VIC,-37.183825,144.461587
loce0829f434397,Edi,Gazetted Locality,VIC,-36.650373,146.410253
locb23f0b23937a,Edi Upper,Gazetted Locality,VIC,-36.747301,146.523531
locc4bf59133c77,Edithvale,Gazetted Locality,VIC,-38.037789,145.115554
locf509b5c4c24d,Eganstown,Gazetted Locality,VIC,-37.360926,144.093784
locc0f525e33d2d,Eildon,Gazetted Locality,VIC,-37.370987,145.990919
loc47d085535853,Elaine,Gazetted Locality,VIC,-37.761566,144.00628
loc1dc8019bf806,Eldorado,Gazetted Locality,VIC,-36.311622,146.530633
locb935740daafb,Elevated Plains,Gazetted Locality,VIC,-37.294833,144.132042
loced1bc91d38e9,Elingamite,Gazetted Locality,VIC,-38.368898,143.005767
loc79e096ba2177,Elingamite North,Gazetted Locality,VIC,-38.350779,142.980006
loc22c70ba9bdf3,Elizabeth Island,Gazetted Locality,VIC,-38.415421,145.368283
loc15a05ecd429e,Ellaswood,Gazetted Locality,VIC,-37.781896,147.571851
loc43adc86056be,Ellerslie,Gazetted Locality,VIC,-38.128089,142.65465
loc7826c37484eb,Elliminyt,Gazetted Locality,VIC,-38.369508,143.577655
locd600a565ca43,Ellinbank,Gazetted Locality,VIC,-38.253225,145.931813
loc7bca0cc3fa35,Elmhurst,Gazetted Locality,VIC,-37.168677,143.251188
loca57dcd26b7fd,Elmore,Gazetted Locality,VIC,-36.467476,144.561541
locc674c76f5afb,Elphinstone,Gazetted Locality,VIC,-37.075559,144.359045
loccbfe7d3f7b9f,Elsternwick,Gazetted Locality,VIC,-37.887388,145.00737
locc7ee8539a72b,Eltham,Gazetted Locality,VIC,-37.714635,145.15461
loc21871af600bf,Eltham North,Gazetted Locality,VIC,-37.697794,145.142675
locf10c34e07e7d,Elwood,Gazetted Locality,VIC,-37.880999,144.985584
loc1787c3eae691,Emerald,Gazetted Locality,VIC,-37.932469,145.44985
loc08293671a98b,Emu,Gazetted Locality,VIC,-36.731647,143.450318
locb34e9b4fa925,Emu Creek,Gazetted Locality,VIC,-36.851754,144.352929
locb10305db77b5,Endeavour Hills,Gazetted Locality,VIC,-37.969624,145.258509
loce4bf9e3f4c7f,Enfield,Gazetted Locality,VIC,-37.75317,143.774348
loc7968ccfbb46e,Englefield,Gazetted Locality,VIC,-37.330356,141.8097
locbc4eb04f6872,Enochs Point,Gazetted Locality,VIC,-37.419266,146.128405
locdb43826e9737,Ensay,Gazetted Locality,VIC,-37.38654,147.812037
loce2e7ac5be797,Ensay North,Gazetted Locality,VIC,-37.296888,147.861381
loc489b61204e02,Eppalock,Gazetted Locality,VIC,-36.854215,144.46875
loca1a84d46e52a,Epping,Gazetted Locality,VIC,-37.63835,145.016084
loc66b84c1dbc12,Epsom,Gazetted Locality,VIC,-36.700003,144.308983
loc2bf896f88bd4,Ercildoune,Gazetted Locality,VIC,-37.418035,143.607337
locb2aebea008a6,Erica,Gazetted Locality,VIC,-37.976292,146.380169
loc01b50f3cbbef,Errinundra,Gazetted Locality,VIC,-37.483643,148.716357
loc5b8c67e3b281,Eskdale,Gazetted Locality,VIC,-36.528886,147.231528
loc14d6e5129cfb,Esmond,Gazetted Locality,VIC,-36.062229,146.181978
loc8297291648ae,Essendon,Gazetted Locality,VIC,-37.74921,144.908917
loc70900f66d041,Essendon Fields,Gazetted Locality,VIC,-37.724319,144.900416
loc4ce523fe6a7e,Essendon North,Gazetted Locality,VIC,-37.738965,144.901687
loc25d04a001eb2,Essendon West,Gazetted Locality,VIC,-37.754911,144.883102
loc923aef8e6b56,Eumemmerring,Gazetted Locality,VIC,-37.997702,145.248507
loc70176f2123b3,Eurack,Gazetted Locality,VIC,-38.151588,143.730042
loc05a92fdc6b99,Eureka,Gazetted Locality,VIC,-37.564517,143.882336
loca674ab421c49,Euroa,Gazetted Locality,VIC,-36.773339,145.582914
locf4716cf277bf,Eurobin,Gazetted Locality,VIC,-36.639015,146.840777
loce579f2f567b5,Evansford,Gazetted Locality,VIC,-37.262115,143.652034
loc12574db317df,Eversley,Gazetted Locality,VIC,-37.19469,143.172917
loc0de2086617a5,Everton,Gazetted Locality,VIC,-36.442908,146.561867
loc77f5ea3845ee,Everton Upper,Gazetted Locality,VIC,-36.377445,146.562412
loc5313769385e6,Exford,Gazetted Locality,VIC,-37.728413,144.542812
loc4ad964a82468,Eynesbury,Gazetted Locality,VIC,-37.791123,144.533206
loc75d417db8512,Fairbank,Gazetted Locality,VIC,-38.405201,145.921422
loc1032c5d1ed5f,Fairfield,Gazetted Locality,VIC,-37.784399,145.012295
loc2645889317a7,Fairhaven,Gazetted Locality,VIC,-38.456072,144.085444
loc9ea755dc73b5,Fairley,Gazetted Locality,VIC,-35.685229,143.812593
loc0e4b09d9e295,Fairy Dell,Gazetted Locality,VIC,-37.695358,147.740474
loc9331f647b580,Fairy Dell,Gazetted Locality,VIC,-36.328409,144.741112
locd6190ebbe554,Falls Creek,Gazetted Locality,VIC,-36.87867,147.244184
loc90624e351f7d,Faraday,Gazetted Locality,VIC,-37.052175,144.307523
loc2bbe37c90d15,Fawcett,Gazetted Locality,VIC,-37.103115,145.718211
loc7213d03738b9,Fawkner,Gazetted Locality,VIC,-37.704771,144.96954
locc71789161edf,Fentons Creek,Gazetted Locality,VIC,-36.557468,143.528808
loc7a9f0f1030d4,Ferguson,Gazetted Locality,VIC,-38.623622,143.521837
loc7857297a552f,Fern Hill,Gazetted Locality,VIC,-37.371435,144.412928
loc523cd9b4949a,Fernbank,Gazetted Locality,VIC,-37.863913,147.309871
loc3ab033da7419,Ferndale,Gazetted Locality,VIC,-38.308554,145.929908
loceaf26e31eb93,Fernihurst,Gazetted Locality,VIC,-36.228686,143.866072
loc5548f3005a10,Fernshaw,Gazetted Locality,VIC,-37.609243,145.618096
loccd13bd88b567,Ferntree Gully,Gazetted Locality,VIC,-37.886228,145.280325
loc8ab0f8663728,Ferny Creek,Gazetted Locality,VIC,-37.875657,145.332378
loccd611f2e999c,Fieldstone,Gazetted Locality,VIC,-37.752232,144.648241
loca5643321b976,Fiery Flat,Gazetted Locality,VIC,-36.411227,143.812157
loce78d8f5bb797,Fingal,Gazetted Locality,VIC,-38.418769,144.859931
loc3db4c51b2e5a,Fish Creek,Gazetted Locality,VIC,-38.725602,146.071329
loc54bcf2e6b3bc,Fish Point,Gazetted Locality,VIC,-35.443088,143.724995
locdb538b68bf4e,Fiskville,Gazetted Locality,VIC,-37.682291,144.238234
loc875118ed8437,Fitzroy,Gazetted Locality,VIC,-37.800074,144.979304
loc7c32e0d95873,Fitzroy North,Gazetted Locality,VIC,-37.783428,144.985784
loc7770ac66ac6c,Flaggy Creek,Gazetted Locality,VIC,-37.752024,147.481995
loc4a3519ed02ed,Flagstaff,Gazetted Locality,VIC,-37.048957,143.775018
loc287bb12221fc,Flamingo Beach,Gazetted Locality,VIC,-38.26981,147.314548
loc92bf5bc798e7,Flemington,Gazetted Locality,VIC,-37.787258,144.923247
loc5c94ac6107ca,Flinders,Gazetted Locality,VIC,-38.456485,144.985903
loc8a4f8d6b9718,Flora Hill,Gazetted Locality,VIC,-36.782505,144.29476
locf82637591180,Flowerdale,Gazetted Locality,VIC,-37.329771,145.303469
loccddbad92d002,Flynn,Gazetted Locality,VIC,-38.197053,146.679221
locb99b38cf69af,Flynns Creek,Gazetted Locality,VIC,-38.254794,146.640634
loc67a11408d754,Footscray,Gazetted Locality,VIC,-37.800824,144.894798
loc3f59ecd72d34,Forbes,Gazetted Locality,VIC,-37.314189,144.887842
loc125ac9d5de09,Forest Hill,Gazetted Locality,VIC,-37.841767,145.171053
loc8d13e5004506,Forge Creek,Gazetted Locality,VIC,-37.930448,147.612557
loce892060c92d6,Forrest,Gazetted Locality,VIC,-38.512054,143.704511
loc434f9715196d,Foster,Gazetted Locality,VIC,-38.676251,146.207846
loc4aa1200caf81,Foster North,Gazetted Locality,VIC,-38.611842,146.174121
loc6fdceefe37a2,Fosterville,Gazetted Locality,VIC,-36.695945,144.471236
loc55bc2c2d2a24,Foxhow,Gazetted Locality,VIC,-38.054436,143.4791
loc3511426b388b,Framlingham,Gazetted Locality,VIC,-38.268533,142.695577
loc9121430b290a,Framlingham East,Gazetted Locality,VIC,-38.199038,142.708533
loca43af4e10c53,Franklinford,Gazetted Locality,VIC,-37.239928,144.091295
loc6413994c2b24,Frankston,Gazetted Locality,VIC,-38.150863,145.14225
locf57f2052e543,Frankston North,Gazetted Locality,VIC,-38.126598,145.167639
loc312e1aba6ed5,Frankston South,Gazetted Locality,VIC,-38.176027,145.132968
loc8733d13ded2e,Fraser Rise,Gazetted Locality,VIC,-37.704498,144.711898
loc3e25831f96a8,Freeburgh,Gazetted Locality,VIC,-36.774011,147.06145
loc81e9f0980eb2,French Island,Gazetted Locality,VIC,-38.350486,145.388674
loc56196daa723f,Frenchmans,Gazetted Locality,VIC,-36.997168,143.197955
locea47e3f6990f,Freshwater Creek,Gazetted Locality,VIC,-38.270227,144.255123
locd6fcfb70c8a1,Fryerstown,Gazetted Locality,VIC,-37.139716,144.261328
loce35b0278cf3c,Fulham,Gazetted Locality,VIC,-38.082455,146.963473
loce864c0cb6e1c,Fumina,Gazetted Locality,VIC,-37.910597,146.101533
loc009d0d76ec9c,Fumina South,Gazetted Locality,VIC,-37.954767,146.113897
loc911e5c3c0eb8,Fyans Creek,Gazetted Locality,VIC,-37.092225,142.573851
loc305838be86ce,Fyansford,Gazetted Locality,VIC,-38.132681,144.290726
locc5b7a8a809bf,Gaffneys Creek,Gazetted Locality,VIC,-37.481464,146.274451
loce75b9c8e5495,Gainsborough,Gazetted Locality,VIC,-38.225949,145.975747
loc3ef5d2139c3d,Gannawarra,Gazetted Locality,VIC,-35.716895,144.146043
locbe8f372418bc,Gapsted,Gazetted Locality,VIC,-36.503048,146.696262
loc4195fdfecc8e,Gardenvale,Gazetted Locality,VIC,-37.897878,145.009271
locd61c67bb39a6,Garfield,Gazetted Locality,VIC,-38.101166,145.670159
loc3ac7d760a5ce,Garfield North,Gazetted Locality,VIC,-38.04206,145.68592
locd6e269b7e86d,Garibaldi,Gazetted Locality,VIC,-37.731313,143.853244
locaf1c31d527fb,Garvoc,Gazetted Locality,VIC,-38.283435,142.809432
locac29edf21afb,Gateway Island,Gazetted Locality,VIC,-36.096155,146.893971
loc765ecceb773f,Gatum,Gazetted Locality,VIC,-37.389354,141.95792
loc6420f19f334d,Gazette,Gazetted Locality,VIC,-37.91794,142.158193
loc8494a97d1462,Geelong,Gazetted Locality,VIC,-38.148764,144.363329
loc910a14938d48,Geelong West,Gazetted Locality,VIC,-38.139012,144.345358
loc12ffc5a7e771,Gelantipy,Gazetted Locality,VIC,-37.192097,148.22598
loc2820989ce5f9,Gellibrand,Gazetted Locality,VIC,-38.528254,143.555347
locdaa896573724,Gellibrand Lower,Gazetted Locality,VIC,-38.715926,143.223906
loce1e465ede69e,Gelliondale,Gazetted Locality,VIC,-38.6233,146.603737
loc6c458206eabe,Gembrook,Gazetted Locality,VIC,-37.940486,145.63078
locd4b4e989c0bf,Genoa,Gazetted Locality,VIC,-37.488717,149.564171
locfb26a299300c,Gentle Annie,Gazetted Locality,VIC,-37.947462,145.838529
loc665db6f67be8,Georges Creek,Gazetted Locality,VIC,-36.152815,147.265537
loc8b8341479b11,Gerahmin,Gazetted Locality,VIC,-35.180731,142.795568
loc34b09096a4fd,Gerang Gerung,Gazetted Locality,VIC,-36.37417,141.882998
loc423798b8d734,Gerangamete,Gazetted Locality,VIC,-38.454008,143.691765
loc58e63ec1c229,Germania,Gazetted Locality,VIC,-36.973694,142.758534
locfd9fc9892f2c,Germantown,Gazetted Locality,VIC,-36.735185,147.070392
locf50b4feac500,Gerrigerrup,Gazetted Locality,VIC,-37.985096,142.184941
loc8fa101888b1c,Gherang,Gazetted Locality,VIC,-38.309767,144.106744
locb2dd8a5e9e0b,Gheringhap,Gazetted Locality,VIC,-38.073347,144.225174
loce544afa8b677,Ghin Ghin,Gazetted Locality,VIC,-37.150501,145.352378
loc29cfdc11bae8,Giffard,Gazetted Locality,VIC,-38.390786,147.112379
locd14d8c772abe,Giffard West,Gazetted Locality,VIC,-38.382771,147.009561
loc601852f613c7,Gil Gil,Gazetted Locality,VIC,-36.325088,143.034742
locca2236e378fb,Gilderoy,Gazetted Locality,VIC,-37.864505,145.713003
loc009bcef3e14d,Gillieston,Gazetted Locality,VIC,-36.339296,145.209225
loc91aa8d533988,Gillum,Gazetted Locality,VIC,-37.764976,146.730587
locf160f966c707,Gipsy Point,Gazetted Locality,VIC,-37.488867,149.688936
locf904e0923e0a,Girgarre,Gazetted Locality,VIC,-36.392815,144.970633
locd4e1e799fc86,Girgarre East,Gazetted Locality,VIC,-36.448574,145.072852
loce11f06c54f46,Gisborne,Gazetted Locality,VIC,-37.505429,144.578898
loc630ef4fec09d,Gisborne South,Gazetted Locality,VIC,-37.548087,144.620547
locbfd7a7d82d4c,Gladfield,Gazetted Locality,VIC,-36.058075,143.953718
loc2546709d8859,Gladstone Park,Gazetted Locality,VIC,-37.692504,144.895556
loc4cc8d48657ec,Gladysdale,Gazetted Locality,VIC,-37.840421,145.635609
loc9850a227271e,Glen Alvie,Gazetted Locality,VIC,-38.500361,145.653143
locc9e8f86ebac8,Glen Creek,Gazetted Locality,VIC,-36.438231,146.939987
loca1287e4eeaf3,Glen Forbes,Gazetted Locality,VIC,-38.449009,145.513924
loc2c805e9e142d,Glen Huntly,Gazetted Locality,VIC,-37.892024,145.041348
locadc5cabaa80e,Glen Iris,Gazetted Locality,VIC,-37.856454,145.067774
locec2807a69725,Glen Park,Gazetted Locality,VIC,-37.507536,143.923081
loc3928b1e64478,Glen Valley,Gazetted Locality,VIC,-36.90933,147.519608
loc00d1503504f1,Glen Waverley,Gazetted Locality,VIC,-37.882312,145.169762
loc5e7c09895b74,Glen Wills,Gazetted Locality,VIC,-36.835495,147.477566
locab436b86eb1a,Glenaire,Gazetted Locality,VIC,-38.748061,143.467937
loc529b6286fdc7,Glenaladale,Gazetted Locality,VIC,-37.749905,147.317218
locbd3b6450a40f,Glenalbyn,Gazetted Locality,VIC,-36.486981,143.717079
locd7169b15ad00,Glenaroua,Gazetted Locality,VIC,-37.111102,144.959418
loc14acc699b489,Glenbrae,Gazetted Locality,VIC,-37.349821,143.554336
loc4148ecc0fc7b,Glenburn,Gazetted Locality,VIC,-37.418218,145.430701
loc9dd098b542eb,Glendaruel,Gazetted Locality,VIC,-37.345753,143.731608
locd639043bae3d,Glendonald,Gazetted Locality,VIC,-37.361516,143.844588
loc5b37bd2ddb5a,Glenfalloch,Gazetted Locality,VIC,-37.69293,146.6044
locbae4bb2760e2,Glenfyne,Gazetted Locality,VIC,-38.413291,143.005937
loce160899f1697,Glengarry,Gazetted Locality,VIC,-38.125116,146.642263
loc2ea4df7897aa,Glengarry North,Gazetted Locality,VIC,-38.089294,146.559729
loc32796261b6b3,Glengarry West,Gazetted Locality,VIC,-38.122275,146.525753
loc66ab0f35ca59,Glengower,Gazetted Locality,VIC,-37.210616,143.876163
loc4d6e7b5d445f,Glenhope,Gazetted Locality,VIC,-37.074269,144.6118
locc6f190ca6a1f,Glenhope East,Gazetted Locality,VIC,-37.074034,144.705445
locbb8a7c7df49d,Glenisla,Gazetted Locality,VIC,-37.21718,142.26191
loc4db89035538c,Glenlee,Gazetted Locality,VIC,-36.233013,141.82601
loc39f206f78c0f,Glenlofty,Gazetted Locality,VIC,-37.112205,143.189876
loc7fb944adf3d5,Glenlogie,Gazetted Locality,VIC,-37.244491,143.299301
loc4c94116cab90,Glenloth,Gazetted Locality,VIC,-36.13148,143.33473
loc092616900f43,Glenloth East,Gazetted Locality,VIC,-36.052029,143.459009
loc22af9465d3c4,Glenluce,Gazetted Locality,VIC,-37.17985,144.244004
locdf4e25f54490,Glenlyon,Gazetted Locality,VIC,-37.268513,144.24362
locecc835731953,Glenmaggie,Gazetted Locality,VIC,-37.824983,146.710616
loc4ce848d7bb3e,Glenmore,Gazetted Locality,VIC,-37.715036,144.298607
loc3999a03160cc,Glenorchy,Gazetted Locality,VIC,-36.920888,142.645463
locad0b06c859ad,Glenormiston North,Gazetted Locality,VIC,-38.139693,142.989094
loc93fd506dd56b,Glenormiston South,Gazetted Locality,VIC,-38.160465,142.958307
loca418b672424b,Glenpatrick,Gazetted Locality,VIC,-37.153359,143.331661
loc88a71999fe7a,Glenrowan,Gazetted Locality,VIC,-36.455624,146.215225
loc112438eea330,Glenrowan West,Gazetted Locality,VIC,-36.514989,146.166738
loc4858bcc1d912,Glenroy,Gazetted Locality,VIC,-37.704097,144.921003
locd176b799eaa9,Glenthompson,Gazetted Locality,VIC,-37.701448,142.530372
loc2c495a5debcb,Glomar Beach,Gazetted Locality,VIC,-38.298496,147.27745
loc575c993bcaf4,Gnarwarre,Gazetted Locality,VIC,-38.154028,144.144883
locb5123e2a6d10,Gnotuk,Gazetted Locality,VIC,-38.202201,143.075508
loccd8279411a58,Gobarup,Gazetted Locality,VIC,-36.681974,144.874261
loc05b44ed16d5d,Gobur,Gazetted Locality,VIC,-37.010338,145.615098
loc8c14c93b253e,Golden Beach,Gazetted Locality,VIC,-38.230094,147.363095
loc2aab588344a9,Golden Gully,Gazetted Locality,VIC,-36.792669,144.266019
loc3959bdee6933,Golden Point,Gazetted Locality,VIC,-37.089927,143.763633
locd87c4781e8a4,Golden Point,Gazetted Locality,VIC,-37.064833,144.274094
loce62011ba995d,Golden Point,Gazetted Locality,VIC,-37.574498,143.865184
loc338a35dd09f0,Golden Square,Gazetted Locality,VIC,-36.775017,144.254372
loc82a322117eb9,Goldie,Gazetted Locality,VIC,-37.256157,144.802865
loc10795bf0cca1,Goldsborough,Gazetted Locality,VIC,-36.816154,143.655226
loc59be83ef6f70,Gong Gong,Gazetted Locality,VIC,-37.546524,143.938132
locd94786e9e3ac,Gonn Crossing,Gazetted Locality,VIC,-35.509932,143.925733
locc8ba50393823,Goomalibee,Gazetted Locality,VIC,-36.485426,145.882161
locc90ab58112e3,Goon Nure,Gazetted Locality,VIC,-37.981389,147.542393
loc1b03782e0ea2,Goongerah,Gazetted Locality,VIC,-37.348692,148.69982
locd00cdea60da8,Gooram,Gazetted Locality,VIC,-36.894914,145.601812
locac6f355aaafe,Gooramadda,Gazetted Locality,VIC,-35.994848,146.566226
locdceb1195f0ca,Goorambat,Gazetted Locality,VIC,-36.414154,145.95319
loc108cde6354d4,Goornong,Gazetted Locality,VIC,-36.622337,144.504142
loc4ecc428721f9,Gooroc,Gazetted Locality,VIC,-36.46734,143.209038
loca7fad34e0de9,Gorae,Gazetted Locality,VIC,-38.236994,141.55829
loc31794010a40b,Gorae West,Gazetted Locality,VIC,-38.243343,141.464882
loc370f1842ae98,Gordon,Gazetted Locality,VIC,-37.570524,144.10764
loc9b3a5c5664a0,Gormandale,Gazetted Locality,VIC,-38.3033,146.701369
locc946f8136f9b,Goroke,Gazetted Locality,VIC,-36.66268,141.47097
loc89da05c8787d,Goschen,Gazetted Locality,VIC,-35.496522,143.433401
locea401be8d5d9,Goughs Bay,Gazetted Locality,VIC,-37.152062,146.078058
loc48776dde54f4,Goulburn Weir,Gazetted Locality,VIC,-36.715201,145.173344
loc93dc0822fb9e,Gowanbrae,Gazetted Locality,VIC,-37.701912,144.898346
locb5e58c390fb7,Gowanford,Gazetted Locality,VIC,-35.410542,143.191685
loc9425fde181a5,Gowangardie,Gazetted Locality,VIC,-36.471819,145.699567
loc14b23015f16c,Gowar East,Gazetted Locality,VIC,-36.541824,143.399082
loc631445166691,Gower,Gazetted Locality,VIC,-37.031714,144.097252
locb767b2dd1e8c,Grahamvale,Gazetted Locality,VIC,-36.350992,145.437955
loced94267c7cd7,Grampians,Gazetted Locality,VIC,-37.373236,142.278874
loccb75ffb71099,Grand Ridge,Gazetted Locality,VIC,-38.488935,146.395021
loc2bac131c9af5,Grangefields,Gazetted Locality,VIC,-37.702266,144.639125
loc5cb9bd9d50c8,Granite Flat,Gazetted Locality,VIC,-36.208221,143.132516
loc9602956ceb0d,Granite Rock,Gazetted Locality,VIC,-37.7571,147.665338
loc67314492da0e,Grantville,Gazetted Locality,VIC,-38.412094,145.535172
locc685ae3b4deb,Granya,Gazetted Locality,VIC,-36.094888,147.310419
loc5792a8993627,Grass Flat,Gazetted Locality,VIC,-36.654623,141.82605
loc34a2badd9b20,Grassdale,Gazetted Locality,VIC,-37.821921,141.657351
loce3953c6520b6,Grassmere,Gazetted Locality,VIC,-38.255144,142.553485
loca9a54ffb4a52,Grays Bridge,Gazetted Locality,VIC,-36.619805,142.899269
loc579e8ef0a8a7,Graytown,Gazetted Locality,VIC,-36.829019,144.944233
loc0244edb29dea,Gre Gre,Gazetted Locality,VIC,-36.676566,143.091062
loc6282a6b321cd,Gre Gre North,Gazetted Locality,VIC,-36.60889,143.070718
locce2345b77c0f,Gre Gre South,Gazetted Locality,VIC,-36.679481,143.013848
locb53ace4ff1b6,Great Western,Gazetted Locality,VIC,-37.162082,142.887262
loc58ed21f010b4,Gredgwin,Gazetted Locality,VIC,-35.960068,143.613714
loc4f479d86677e,Green Gully,Gazetted Locality,VIC,-37.112083,144.099689
loc8ddcedf1a133,Greendale,Gazetted Locality,VIC,-37.534914,144.334941
loc5815a283d0ce,Greenhill,Gazetted Locality,VIC,-37.17418,144.436975
loc0816a2403cef,Greens Creek,Gazetted Locality,VIC,-36.927394,142.941297
loc6047e494e110,Greensborough,Gazetted Locality,VIC,-37.699762,145.110052
loc4883549a5421,Greenvale,Gazetted Locality,VIC,-37.634933,144.873075
locf969a09a6e3b,Greenwald,Gazetted Locality,VIC,-37.991029,141.402666
loc2d968a2b2b3c,Grenville,Gazetted Locality,VIC,-37.757658,143.910121
locbe0e7873863a,Greta,Gazetted Locality,VIC,-36.538368,146.294827
loc3628eeaae56a,Greta South,Gazetted Locality,VIC,-36.652059,146.245367
locaa5b42cdf8d7,Greta West,Gazetted Locality,VIC,-36.542114,146.228777
locf39bf31cfec8,Grey River,Gazetted Locality,VIC,-38.680349,143.83361
loc5327e68ca00c,Gringegalgona,Gazetted Locality,VIC,-37.423991,141.822434
loc5566efee769a,Gritjurk,Gazetted Locality,VIC,-37.564564,141.810553
loc098e933e1fd2,Grovedale,Gazetted Locality,VIC,-38.202736,144.331967
loc21d2a43ddc0f,Gruyere,Gazetted Locality,VIC,-37.728915,145.463484
loc2ec56077d62c,Guildford,Gazetted Locality,VIC,-37.188853,144.164391
loc4f5a9781c984,Gunbower,Gazetted Locality,VIC,-35.943604,144.340316
loc8f1124adee14,Gundowring,Gazetted Locality,VIC,-36.365163,147.070619
loc12c7484564e2,Gunyah,Gazetted Locality,VIC,-38.543632,146.28815
locc025a21e3c9f,Guys Forest,Gazetted Locality,VIC,-36.083549,147.674693
locb40a5fe44ca9,Guys Hill,Gazetted Locality,VIC,-38.014092,145.392812
loc5707c98729ce,Gymbowen,Gazetted Locality,VIC,-36.756084,141.62126
loc9a06f5290fb4,Haddon,Gazetted Locality,VIC,-37.587827,143.701222
loc4dfb8458b2e2,Hadfield,Gazetted Locality,VIC,-37.710436,144.949325
locf066999b6a14,Hallam,Gazetted Locality,VIC,-38.00434,145.269996
loc34b7d2e462f4,Hallora,Gazetted Locality,VIC,-38.25391,145.838567
loc3a101e861955,Halls Gap,Gazetted Locality,VIC,-37.131316,142.533022
locddbd490a70cc,Hallston,Gazetted Locality,VIC,-38.35853,146.033162
loc4423238fcdd8,Hamilton,Gazetted Locality,VIC,-37.74167,142.021769
loc780d4ed4ca46,Hamlyn Heights,Gazetted Locality,VIC,-38.118717,144.323019
loce42a110faa48,Hampton,Gazetted Locality,VIC,-37.937804,145.011044
loc71ab0a32dd36,Hampton East,Gazetted Locality,VIC,-37.938508,145.030342
loc82e9519dd9b6,Hampton Park,Gazetted Locality,VIC,-38.042114,145.268447
loc678f9b26e1c1,Hansonville,Gazetted Locality,VIC,-36.619536,146.300153
loc387d5bc28436,Happy Valley,Gazetted Locality,VIC,-34.695205,142.717477
loc9bea7e21cfca,Happy Valley,Gazetted Locality,VIC,-37.726922,143.596656
loc87af61b59301,Harcourt,Gazetted Locality,VIC,-36.995529,144.260505
locce71ca279c3c,Harcourt North,Gazetted Locality,VIC,-36.954256,144.276688
loc2aba432ff405,Harkaway,Gazetted Locality,VIC,-37.992682,145.356186
loc0de9fd520875,Harkness,Gazetted Locality,VIC,-37.65449,144.546266
loc8e02f05b333c,Harmers Haven,Gazetted Locality,VIC,-38.655528,145.577782
loce09b8dfb3038,Harrietville,Gazetted Locality,VIC,-36.892808,147.050135
loc2df92a23fcea,Harrow,Gazetted Locality,VIC,-37.142116,141.622668
locba9f0ed98652,Harston,Gazetted Locality,VIC,-36.459273,145.118236
loc7c934a667999,Hastings,Gazetted Locality,VIC,-38.29789,145.185679
loc13154a28f04b,Hattah,Gazetted Locality,VIC,-34.710977,142.27982
loc5ab8335a665c,Havelock,Gazetted Locality,VIC,-36.969042,143.785626
locb65ad1ac6e27,Haven,Gazetted Locality,VIC,-36.756882,142.19243
loc654f22e15171,Havilah,Gazetted Locality,VIC,-36.619578,146.894755
locf00a01fc543b,Hawkesdale,Gazetted Locality,VIC,-38.086815,142.279214
locf18db8cf34c2,Hawkhurst,Gazetted Locality,VIC,-37.448806,147.167385
loc5c27e3f22fc1,Hawthorn,Gazetted Locality,VIC,-37.828591,145.034393
loc4fa4b090ce9e,Hawthorn East,Gazetted Locality,VIC,-37.831954,145.049831
loce7ef37fe34a8,Hazel Park,Gazetted Locality,VIC,-38.634438,146.38741
loc47e9d5554e9d,Hazelwood,Gazetted Locality,VIC,-38.288934,146.373903
loc3e010de7b16c,Hazelwood North,Gazetted Locality,VIC,-38.270841,146.478824
locf8535280718c,Hazelwood South,Gazetted Locality,VIC,-38.318387,146.460246
locc84be248155b,Healesville,Gazetted Locality,VIC,-37.666614,145.559004
loc4f1528620c86,Heath Hill,Gazetted Locality,VIC,-38.239224,145.707325
loc0e534d470df9,Heathcote,Gazetted Locality,VIC,-36.909731,144.725059
locf09eea4c4a58,Heathcote Junction,Gazetted Locality,VIC,-37.380609,145.047972
locc8f89e3be9f3,Heathcote South,Gazetted Locality,VIC,-37.00511,144.703352
loc3d949ab3c987,Heatherton,Gazetted Locality,VIC,-37.955872,145.089596
loc2133c86b0d6e,Heathmere,Gazetted Locality,VIC,-38.213623,141.638651
locab56fbb21cf8,Heathmont,Gazetted Locality,VIC,-37.828933,145.246051
loceae7c3fdb417,Hedley,Gazetted Locality,VIC,-38.669618,146.559427
locac7743d369bc,Heidelberg,Gazetted Locality,VIC,-37.751351,145.069741
loccaca39f133a7,Heidelberg Heights,Gazetted Locality,VIC,-37.742687,145.053204
loc1492a23dbc74,Heidelberg West,Gazetted Locality,VIC,-37.739221,145.040349
loc85e4166d9d5b,Hensley Park,Gazetted Locality,VIC,-37.623669,142.044208
locfd6054f31680,Henty,Gazetted Locality,VIC,-37.651997,141.533619
loc245c69160468,Hepburn,Gazetted Locality,VIC,-37.312727,144.128126
loc85e82c7c178e,Hepburn Springs,Gazetted Locality,VIC,-37.316216,144.146774
loc961ba83e9723,Herne Hill,Gazetted Locality,VIC,-38.134462,144.323813
loc12e784b16dde,Hernes Oak,Gazetted Locality,VIC,-38.220982,146.30768
loce21ef8eb86c0,Hesket,Gazetted Locality,VIC,-37.35591,144.632859
loc543a91698085,Hesse,Gazetted Locality,VIC,-38.084838,143.882305
locc4aed31d8b3e,Hexham,Gazetted Locality,VIC,-37.98974,142.688091
loc18bac2dc5b38,Heyfield,Gazetted Locality,VIC,-37.971954,146.766388
loc1b491d302103,Heytesbury Lower,Gazetted Locality,VIC,-38.564366,142.891911
loc4d3aca8b4bf5,Heywood,Gazetted Locality,VIC,-38.13449,141.627771
loc5b52fe751a30,Hiamdale,Gazetted Locality,VIC,-38.268392,146.744221
loca332456246d6,Hiawatha,Gazetted Locality,VIC,-38.533026,146.441307
loc9e24da38cba4,High Camp,Gazetted Locality,VIC,-37.191302,144.863536
locf16910f90fb9,Highett,Gazetted Locality,VIC,-37.950888,145.039843
loce3dbe1f6fe77,Highlands,Gazetted Locality,VIC,-37.084556,145.418602
locf49b5afa8d59,Highton,Gazetted Locality,VIC,-38.173383,144.316517
loc9f160a494e5a,Hilgay,Gazetted Locality,VIC,-37.620672,141.632955
locea3cc721659e,Hill End,Gazetted Locality,VIC,-38.011672,146.14043
loc0bbfb85f674a,Hillcrest,Gazetted Locality,VIC,-37.618345,143.633748
loccb9dc053bf3e,Hilldene,Gazetted Locality,VIC,-37.040649,145.058775
loc518f8efa17e7,Hillside,Gazetted Locality,VIC,-37.84641,147.51486
loce6085a4cf5c8,Hillside,Gazetted Locality,VIC,-37.69112,144.741174
loc9afcf2192d36,Hinnomunjie,Gazetted Locality,VIC,-37.01041,147.653643
loc39ab57920b9d,Hmas Cerberus,Gazetted Locality,VIC,-38.38148,145.193789
loc7266cdede9a4,Hoddles Creek,Gazetted Locality,VIC,-37.85203,145.587555
loc4afbc1996bb4,Hollands Landing,Gazetted Locality,VIC,-38.048892,147.467346
loc46d546ef7db2,Homebush,Gazetted Locality,VIC,-37.040838,143.531008
loc9961b5cc8db0,Homerton,Gazetted Locality,VIC,-38.132481,141.80187
loc9f4bb0df0703,Homewood,Gazetted Locality,VIC,-37.196983,145.314913
loc1a120a92975c,Hopetoun,Gazetted Locality,VIC,-35.702719,142.330203
locfd0ac2a1c5e8,Hopetoun Park,Gazetted Locality,VIC,-37.694294,144.50113
locf72490d7eaa6,Hoppers Crossing,Gazetted Locality,VIC,-37.868985,144.700108
loc240717c050b0,Hordern Vale,Gazetted Locality,VIC,-38.799945,143.494826
loc1693aeac104d,Horfield,Gazetted Locality,VIC,-35.890433,144.212861
loc1aad23bceb79,Horsham,Gazetted Locality,VIC,-36.717644,142.196214
locc89924437933,Hotham Heights,Gazetted Locality,VIC,-36.999083,147.163608
loc8e2a94b1ebfe,Hotspur,Gazetted Locality,VIC,-37.947127,141.563898
loc692ebcbd748b,Howes Creek,Gazetted Locality,VIC,-37.141727,146.010285
locf27adad3ec91,Howitt Plains,Gazetted Locality,VIC,-37.194428,146.700042
locdf1748f3f781,Howqua,Gazetted Locality,VIC,-37.244058,146.195274
loc4612f375ea9f,Howqua Hills,Gazetted Locality,VIC,-37.183784,146.303189
loce9d7e49d200e,Howqua Inlet,Gazetted Locality,VIC,-37.232083,146.132698
loc65593405a665,Hughesdale,Gazetted Locality,VIC,-37.897765,145.081783
loc343ba90469e6,Humevale,Gazetted Locality,VIC,-37.503694,145.173749
loc6dda61f87ad1,Hunter,Gazetted Locality,VIC,-36.437458,144.522918
loc9bce57db9b14,Hunterston,Gazetted Locality,VIC,-38.618526,146.808901
loc1dc61fd429f4,Huntingdale,Gazetted Locality,VIC,-37.90779,145.108792
loc5c94c6a8d364,Huntly,Gazetted Locality,VIC,-36.659296,144.330834
loc80d630874e7d,Huntly North,Gazetted Locality,VIC,-36.586949,144.340833
loc553164f6c50c,Huon,Gazetted Locality,VIC,-36.229586,147.094889
loc0cb55cb965ad,Huon Creek,Gazetted Locality,VIC,-36.156324,146.822462
locaf79961f04bc,Hurstbridge,Gazetted Locality,VIC,-37.637164,145.193017
loc6190d62a7771,Icy Creek,Gazetted Locality,VIC,-37.88664,146.095312
loc7d1bdc3a3269,Iguana Creek,Gazetted Locality,VIC,-37.700839,147.350743
loc2063c96ef070,Illabarook,Gazetted Locality,VIC,-37.82513,143.640239
loc083c52776ea6,Illawarra,Gazetted Locality,VIC,-37.069034,142.688818
locf814140ce988,Illowa,Gazetted Locality,VIC,-38.336422,142.399111
loc02a3a330fe2f,Indented Head,Gazetted Locality,VIC,-38.1354,144.70005
loc47d6c4f1ca81,Indigo Valley,Gazetted Locality,VIC,-36.19017,146.745363
locaa59c02681d9,Inglewood,Gazetted Locality,VIC,-36.59262,143.840085
locc38231fee5ef,Ingliston,Gazetted Locality,VIC,-37.660063,144.308392
locb258b248d48e,Inkerman,Gazetted Locality,VIC,-36.794358,143.677817
loc3e856881cc79,Invergordon,Gazetted Locality,VIC,-36.151011,145.578193
loc5f554e877a66,Inverleigh,Gazetted Locality,VIC,-38.108354,144.004123
loc1954186172da,Inverloch,Gazetted Locality,VIC,-38.619058,145.711653
locc5fedbc8033c,Invermay,Gazetted Locality,VIC,-37.499388,143.876487
loc9fb39b0cfaee,Invermay Park,Gazetted Locality,VIC,-37.529076,143.860394
loc0389d45a51bc,Iona,Gazetted Locality,VIC,-38.152865,145.690576
locbe2f070f9d1b,Iraak,Gazetted Locality,VIC,-34.423046,142.291587
loc85b749d731d7,Irishtown,Gazetted Locality,VIC,-37.147603,144.227411
locd7ab572b3677,Ironbark,Gazetted Locality,VIC,-36.755071,144.263895
loc1daac247c893,Irrewarra,Gazetted Locality,VIC,-38.272021,143.682182
loc53b0078a6923,Irrewillipe,Gazetted Locality,VIC,-38.448307,143.40852
loc7327466997d1,Irrewillipe East,Gazetted Locality,VIC,-38.433579,143.484013
loc9fb289b0a33e,Irymple,Gazetted Locality,VIC,-34.245814,142.181345
loc201e214973bd,Ivanhoe,Gazetted Locality,VIC,-37.768101,145.041565
locb17fb225139f,Ivanhoe East,Gazetted Locality,VIC,-37.774488,145.059572
locf07f0a553979,Jacana,Gazetted Locality,VIC,-37.6877,144.910725
loc5a5c727d090e,Jack River,Gazetted Locality,VIC,-38.570184,146.568066
loc9a86c6faf562,Jackass Flat,Gazetted Locality,VIC,-36.718124,144.283761
loc8785660361d0,Jacob Creek,Gazetted Locality,VIC,-37.998638,146.408813
locebfebf39d314,Jam Jerrup,Gazetted Locality,VIC,-38.335921,145.546555
loc729e2fc98e77,Jamieson,Gazetted Locality,VIC,-37.271076,146.11429
locca4ba0d70672,Jan Juc,Gazetted Locality,VIC,-38.344917,144.30107
loc249b31e8e2c3,Jancourt,Gazetted Locality,VIC,-38.36683,143.093725
loc44405b92b407,Jancourt East,Gazetted Locality,VIC,-38.414057,143.191731
loc5c4e0f455856,Jarklin,Gazetted Locality,VIC,-36.249086,143.95531
loccd45f0190fed,Jarrahmond,Gazetted Locality,VIC,-37.672984,148.409879
loc3c80cc6dc750,Jarvis Creek,Gazetted Locality,VIC,-36.176199,147.198754
loc981290e23152,Jeeralang,Gazetted Locality,VIC,-38.362068,146.460342
loc8de99db1f17f,Jeeralang Junction,Gazetted Locality,VIC,-38.348566,146.41838
locbccf59fe94a3,Jeetho,Gazetted Locality,VIC,-38.401672,145.729683
loccd9a104f4bf1,Jeffcott,Gazetted Locality,VIC,-36.316455,143.141027
loc8b1eae00903e,Jeffcott North,Gazetted Locality,VIC,-36.265904,143.070849
loc386e23527a3f,Jeparit,Gazetted Locality,VIC,-36.118402,141.994787
loc022e6c3c638e,Jericho,Gazetted Locality,VIC,-37.668197,146.222828
locb7291cae5946,Jeruk,Gazetted Locality,VIC,-36.013994,143.444546
loced38962439b2,Jil Jil,Gazetted Locality,VIC,-35.82467,142.978342
loc1b22cdef3a19,Jilpanger,Gazetted Locality,VIC,-36.910644,141.73928
loc6b2a09afdcbb,Jindivick,Gazetted Locality,VIC,-38.025775,145.888925
locb1cf50dbae2b,Joel Joel,Gazetted Locality,VIC,-37.009005,142.986813
loc06ca90921859,Joel South,Gazetted Locality,VIC,-37.065734,142.992143
loc4e5ce0c423cc,Johanna,Gazetted Locality,VIC,-38.732562,143.398982
loc6dbf3f4ff5cd,Johnsonville,Gazetted Locality,VIC,-37.820887,147.811121
loc248b98674e83,Joyces Creek,Gazetted Locality,VIC,-37.084648,143.992206
loc5e1d7d34045a,Jumbuk,Gazetted Locality,VIC,-38.398505,146.420633
loc63a46e63a71a,Jumbunna,Gazetted Locality,VIC,-38.472141,145.762133
loc1a22f173d7f3,Junction Village,Gazetted Locality,VIC,-38.133941,145.291152
locf8385a441321,Jung,Gazetted Locality,VIC,-36.580578,142.349319
loc367fd161b873,Jungaburra,Gazetted Locality,VIC,-36.055745,144.283509
locf44a583273a6,Junortoun,Gazetted Locality,VIC,-36.771385,144.36049
loc261325081d5e,Kaarimba,Gazetted Locality,VIC,-36.139162,145.277686
loc4be7292f21af,Kadnook,Gazetted Locality,VIC,-37.169915,141.40479
loc3cba912d7970,Kalimna,Gazetted Locality,VIC,-37.869806,147.961579
locbaff86480f71,Kalimna West,Gazetted Locality,VIC,-37.815683,147.942178
loce511a62cea4b,Kalkallo,Gazetted Locality,VIC,-37.526469,144.960895
loc8d6f3b84e720,Kalkee,Gazetted Locality,VIC,-36.550644,142.222763
loceda4748b8142,Kallista,Gazetted Locality,VIC,-37.897787,145.382217
locc4cc828c785c,Kalorama,Gazetted Locality,VIC,-37.820039,145.380553
loc2768e2055433,Kalpienung,Gazetted Locality,VIC,-35.844906,143.2764
loc8e7c71a2a320,Kamarooka,Gazetted Locality,VIC,-36.496269,144.390581
locefa39c3aa2af,Kamarooka North,Gazetted Locality,VIC,-36.392791,144.317791
loc2da3c5cf4854,Kanagulk,Gazetted Locality,VIC,-37.117655,141.838614
locc6e4c59f9a01,Kancoona,Gazetted Locality,VIC,-36.590315,147.016249
loc60657db3db42,Kangaroo Flat,Gazetted Locality,VIC,-36.80622,144.240778
loc13e364e33a8a,Kangaroo Ground,Gazetted Locality,VIC,-37.691147,145.231114
loc39d1a8d0ad19,Kaniva,Gazetted Locality,VIC,-36.403957,141.295033
loc479381464d4d,Kanumbra,Gazetted Locality,VIC,-37.051983,145.677656
loce26b097dff55,Kanya,Gazetted Locality,VIC,-36.778549,142.981423
locc5a2df903fc1,Kanyapella,Gazetted Locality,VIC,-36.120132,144.890904
loc36cc38fbeca0,Karabeal,Gazetted Locality,VIC,-37.600876,142.194091
locc25e23d3036a,Kardella,Gazetted Locality,VIC,-38.421261,145.87506
loca27c9809ab3c,Kardella South,Gazetted Locality,VIC,-38.456311,145.871317
loc3b49632bc87e,Kariah,Gazetted Locality,VIC,-38.145869,143.222037
loc5ca57f243e25,Karnak,Gazetted Locality,VIC,-36.850888,141.495801
loc6db19a9c4d30,Karramomus,Gazetted Locality,VIC,-36.527612,145.493853
loc7066f38ee0bb,Karyrie,Gazetted Locality,VIC,-35.928807,142.868543
loc859262576ae5,Katamatite,Gazetted Locality,VIC,-36.062441,145.681719
loccd45d7d3f8eb,Katamatite East,Gazetted Locality,VIC,-36.048053,145.754623
loc4694f95a8dc1,Katandra,Gazetted Locality,VIC,-36.248666,145.607009
loc0815a3496708,Katandra West,Gazetted Locality,VIC,-36.250197,145.570784
locb50d4777576b,Katunga,Gazetted Locality,VIC,-35.989578,145.472655
loc39859c309a59,Kawarren,Gazetted Locality,VIC,-38.500703,143.598302
locda8805a3e9bb,Kealba,Gazetted Locality,VIC,-37.738171,144.828847
loc6dac7364b2f8,Keely,Gazetted Locality,VIC,-35.853381,144.247755
loc129f19b99706,Keilor,Gazetted Locality,VIC,-37.709101,144.826649
loc133dbb57fdfa,Keilor Downs,Gazetted Locality,VIC,-37.720432,144.804299
loc4f357d27d902,Keilor East,Gazetted Locality,VIC,-37.736723,144.856712
loc59a00d8fcb2e,Keilor Lodge,Gazetted Locality,VIC,-37.697547,144.799063
loc4bb64766c12a,Keilor North,Gazetted Locality,VIC,-37.681078,144.792248
loc5e1166b18e85,Keilor Park,Gazetted Locality,VIC,-37.718795,144.851173
loc66a9eded04e8,Kellalac,Gazetted Locality,VIC,-36.363598,142.406334
loc949ba8e90a2d,Kelvin View,Gazetted Locality,VIC,-36.828571,145.664227
loc2cba4d255509,Kenley,Gazetted Locality,VIC,-34.832116,143.308598
loc43f5ecc17c2b,Kenmare,Gazetted Locality,VIC,-35.936057,142.203102
locdec932aa80db,Kennedys Creek,Gazetted Locality,VIC,-38.594844,143.257811
loc5a006d5e1e3d,Kennett River,Gazetted Locality,VIC,-38.641806,143.80405
loc9fc9cdac1e1a,Kennington,Gazetted Locality,VIC,-36.774838,144.304664
loceea4a7d012b2,Kensington,Gazetted Locality,VIC,-37.79486,144.924663
loccdfc709471ce,Kerang,Gazetted Locality,VIC,-35.721503,143.937337
loc076543f8c80c,Kerang East,Gazetted Locality,VIC,-35.77174,144.012995
locdaa883f42b05,Kergunyah,Gazetted Locality,VIC,-36.344956,146.984855
loccc67f8d76605,Kergunyah South,Gazetted Locality,VIC,-36.437258,147.029095
loca291d09bd697,Kernot,Gazetted Locality,VIC,-38.439744,145.613579
loc7c970583e8e4,Kerrie,Gazetted Locality,VIC,-37.380442,144.671608
locf51cf8883180,Kerrisdale,Gazetted Locality,VIC,-37.173387,145.257679
loc22d7825c3923,Kevington,Gazetted Locality,VIC,-37.352644,146.168891
loc00a9769647d7,Kew,Gazetted Locality,VIC,-37.80138,145.041109
loc39ed15931919,Kew East,Gazetted Locality,VIC,-37.790602,145.052891
locd66997d536ff,Kewell,Gazetted Locality,VIC,-36.457017,142.420383
loc7767bba5f04d,Keysborough,Gazetted Locality,VIC,-38.006469,145.166593
loc1fcd28cddafe,Kialla,Gazetted Locality,VIC,-36.44506,145.406457
loc1243b7c605af,Kialla East,Gazetted Locality,VIC,-36.466355,145.49677
loce4ddfd86b92c,Kialla West,Gazetted Locality,VIC,-36.478035,145.388185
locf3d3bfc11564,Kiata,Gazetted Locality,VIC,-36.357552,141.784536
loc5c16bef59fdf,Kiewa,Gazetted Locality,VIC,-36.269585,147.01335
loc33d3d31fba80,Kilcunda,Gazetted Locality,VIC,-38.557222,145.505857
loc28f4eef8b749,Killara,Gazetted Locality,VIC,-37.757892,141.404414
loc9bd275a8b123,Killara,Gazetted Locality,VIC,-36.140726,146.948351
loceac315b089c7,Killarney,Gazetted Locality,VIC,-38.344447,142.319197
loc09a99bf786b9,Killawarra,Gazetted Locality,VIC,-36.251243,146.215862
locc90f5a47ecef,Killingworth,Gazetted Locality,VIC,-37.181553,145.423924
loce39f7c2aadef,Kilmany,Gazetted Locality,VIC,-38.124238,146.91211
loce25dfc481765,Kilmore,Gazetted Locality,VIC,-37.298247,144.951487
locce3df103519c,Kilmore East,Gazetted Locality,VIC,-37.27332,145.010641
loc38cbe92d1159,Kilsyth,Gazetted Locality,VIC,-37.819193,145.308829
loc558550055434,Kilsyth South,Gazetted Locality,VIC,-37.82975,145.310587
loca37d9a7b347e,Kimbolton,Gazetted Locality,VIC,-36.920184,144.499754
loccf96f4cdd950,King Valley,Gazetted Locality,VIC,-36.695147,146.408117
loce6abf5095200,Kinglake,Gazetted Locality,VIC,-37.520086,145.362999
loc70862ade30ed,Kinglake Central,Gazetted Locality,VIC,-37.469429,145.325322
loc0797fb864ee9,Kinglake West,Gazetted Locality,VIC,-37.478172,145.255655
loc77e48eba848d,Kingower,Gazetted Locality,VIC,-36.617212,143.753846
loca307cf61ba97,Kings Park,Gazetted Locality,VIC,-37.733681,144.771977
loce3f8de63f06a,Kingsbury,Gazetted Locality,VIC,-37.717016,145.03461
loc89aeba1beba9,Kingston,Gazetted Locality,VIC,-37.379869,143.958615
loc2380192cce6d,Kingsville,Gazetted Locality,VIC,-37.807506,144.880309
loc4b173adb0b64,Kinnabulla,Gazetted Locality,VIC,-35.900286,142.720124
loc13a6ec04747e,Kinypanial,Gazetted Locality,VIC,-36.355896,143.79554
loc7a6239513f7b,Kirkstall,Gazetted Locality,VIC,-38.267753,142.279117
locbf553ce41d73,Kirwans Bridge,Gazetted Locality,VIC,-36.728565,145.143448
loc09ce121b5e0a,Kithbrook,Gazetted Locality,VIC,-36.801785,145.731712
loc0660d4b4e6f6,Knebsworth,Gazetted Locality,VIC,-37.990694,141.873597
loc2a421a3cedca,Knockwood,Gazetted Locality,VIC,-37.419367,146.267665
loc72beefdc7335,Knowsley,Gazetted Locality,VIC,-36.827285,144.597748
locd6f79866f950,Knoxfield,Gazetted Locality,VIC,-37.886766,145.248369
locf9456e79d725,Koallah,Gazetted Locality,VIC,-38.293648,143.233609
loc08dabd377b13,Koetong,Gazetted Locality,VIC,-36.164686,147.459433
loc34e0d204d7dd,Kolora,Gazetted Locality,VIC,-38.120635,142.929028
locd2f3bf9062c0,Kongwak,Gazetted Locality,VIC,-38.509185,145.712168
loce75f5f053931,Konongwootong,Gazetted Locality,VIC,-37.472313,141.665453
locf15ceaee4f05,Koo Wee Rup,Gazetted Locality,VIC,-38.189808,145.498279
loc10bbee6c6788,Koo Wee Rup North,Gazetted Locality,VIC,-38.14827,145.536575
loc0d602e60ff60,Kooloonong,Gazetted Locality,VIC,-34.859826,143.131662
loc05305b7a9d6e,Koonda,Gazetted Locality,VIC,-36.492616,145.751162
locd4213d15d4c3,Koondrook,Gazetted Locality,VIC,-35.643588,144.094658
loc9f63a6b86c91,Koonoomoo,Gazetted Locality,VIC,-35.850527,145.562648
loc04fce2e09359,Koonwarra,Gazetted Locality,VIC,-38.558357,145.953233
locd045c4291cdd,Kooreh,Gazetted Locality,VIC,-36.651022,143.395142
loc0a8087d68433,Koorlong,Gazetted Locality,VIC,-34.298314,142.041239
loc8d2ec36eab33,Koornalla,Gazetted Locality,VIC,-38.348279,146.526195
locb337dd8f97ea,Kooroocheang,Gazetted Locality,VIC,-37.303805,144.046505
loc6f4bcc047116,Koorool,Gazetted Locality,VIC,-37.729883,146.945807
locba52fafa71f9,Koorooman,Gazetted Locality,VIC,-38.467872,146.028266
loc8c9914c41758,Kooyong,Gazetted Locality,VIC,-37.8411,145.035835
loc598e04e8e12d,Koriella,Gazetted Locality,VIC,-37.156777,145.653479
loc88919eceab29,Korobeit,Gazetted Locality,VIC,-37.576325,144.342947
loc306bfb7df77b,Koroit,Gazetted Locality,VIC,-38.276234,142.366302
loc0ed03bec5aea,Korong Vale,Gazetted Locality,VIC,-36.365066,143.69758
loc0697a21b44b0,Koroop,Gazetted Locality,VIC,-35.738574,144.070827
loc0067a4549ed1,Korumburra,Gazetted Locality,VIC,-38.438914,145.822071
loc44e7525b33ad,Korumburra South,Gazetted Locality,VIC,-38.47861,145.858905
loc9d6a73c437cd,Korweinguboora,Gazetted Locality,VIC,-37.441229,144.130102
loc5fbe25830449,Kotta,Gazetted Locality,VIC,-36.195506,144.526269
loc213ad0f6d4aa,Kotupna,Gazetted Locality,VIC,-36.133727,145.111221
locf0ccda83e5d5,Koyuga,Gazetted Locality,VIC,-36.232398,144.891107
loc0800e7f490f8,Krowera,Gazetted Locality,VIC,-38.456341,145.664686
loc1159c06f29dd,Kulwin,Gazetted Locality,VIC,-34.988665,142.611451
locdd4b19860bc4,Kunat,Gazetted Locality,VIC,-35.52213,143.547066
loccee80c2bd11f,Kurraca,Gazetted Locality,VIC,-36.51971,143.614239
locd73939c77783,Kurraca West,Gazetted Locality,VIC,-36.510978,143.561522
loca928636b0af2,Kurting,Gazetted Locality,VIC,-36.539806,143.81419
locabdfa0718385,Kurunjang,Gazetted Locality,VIC,-37.662087,144.592692
loc62ed665318da,Kyabram,Gazetted Locality,VIC,-36.327266,145.017803
locaaae9e603891,Kyabram South,Gazetted Locality,VIC,-36.385713,145.067879
locd2925d04c249,Kyneton,Gazetted Locality,VIC,-37.223365,144.456101
locfb34b8ac194f,Kyneton South,Gazetted Locality,VIC,-37.290729,144.432753
locf1f0ff374a2f,Kyvalley,Gazetted Locality,VIC,-36.282869,145.006692
loc8d74d3bb472f,Laanecoorie,Gazetted Locality,VIC,-36.825716,143.911823
loc0cbef7d87c81,Laang,Gazetted Locality,VIC,-38.366723,142.812868
loc935623b27586,Labertouche,Gazetted Locality,VIC,-38.026201,145.798808
loc5c43c0f368e0,Laceby,Gazetted Locality,VIC,-36.448583,146.303671
locfe57383287a4,Ladys Pass,Gazetted Locality,VIC,-36.821798,144.689639
locab89f4abbdd0,Laen,Gazetted Locality,VIC,-36.444658,142.827981
loca62f36a00de0,Laen East,Gazetted Locality,VIC,-36.399816,142.900248
loce9163a1a8d89,Laen North,Gazetted Locality,VIC,-36.376602,142.832297
loccf4fadf8fece,Lah,Gazetted Locality,VIC,-36.127834,142.421032
loc72a4b5e515ad,Laharum,Gazetted Locality,VIC,-36.923623,142.341056
loc6e0cdb803a9c,Lake Boga,Gazetted Locality,VIC,-35.450801,143.638834
locf7b90080e71b,Lake Bolac,Gazetted Locality,VIC,-37.6985,142.846685
loc1d8cbeaa3ffc,Lake Bunga,Gazetted Locality,VIC,-37.862586,148.037094
loc0c45fc2e1daa,Lake Charm,Gazetted Locality,VIC,-35.597151,143.823696
loccd0ac270eb63,Lake Condah,Gazetted Locality,VIC,-38.085415,141.819766
loc8cebad1db2f1,Lake Eildon,Gazetted Locality,VIC,-37.187831,145.962355
loc9154637132c3,Lake Eppalock,Gazetted Locality,VIC,-36.907786,144.547781
loc36cfe5df1128,Lake Fyans,Gazetted Locality,VIC,-37.138715,142.625897
locb364a12c94c3,Lake Gardens,Gazetted Locality,VIC,-37.547578,143.817266
loc7beb3890f7ba,Lake Goldsmith,Gazetted Locality,VIC,-37.534481,143.388482
loccc25e63cbf78,Lake Lonsdale,Gazetted Locality,VIC,-37.036651,142.62662
loc2fbdf8e15673,Lake Marmal,Gazetted Locality,VIC,-36.129711,143.518587
loc34745fdd0acd,Lake Meran,Gazetted Locality,VIC,-35.898944,143.790865
loca578418821cb,Lake Mundi,Gazetted Locality,VIC,-37.491221,141.089923
locddbc0b514d73,Lake Powell,Gazetted Locality,VIC,-34.715159,142.933908
locc33da472017e,Lake Rowan,Gazetted Locality,VIC,-36.261769,145.981245
loce7c648de07bb,Lake Tyers,Gazetted Locality,VIC,-37.840883,148.126971
locf864dd8999a1,Lake Tyers Beach,Gazetted Locality,VIC,-37.858938,148.065748
locdb89386bc8c7,Lake Tyrrell,Gazetted Locality,VIC,-35.339356,142.832547
loc5df22855de41,Lake Wellington,Gazetted Locality,VIC,-38.093543,147.317861
loc99690f6c580c,Lake Wendouree,Gazetted Locality,VIC,-37.54991,143.834667
loc781f6d7c97ea,Lake Wongan,Gazetted Locality,VIC,-37.603335,143.156412
loc139be07fe5da,Lakes Entrance,Gazetted Locality,VIC,-37.855958,148.005173
loc0ee2cddbdaeb,Lal Lal,Gazetted Locality,VIC,-37.667122,144.026376
loc809aa4d8ed76,Lalbert,Gazetted Locality,VIC,-35.651817,143.446637
loced93b3da3f2b,Lalor,Gazetted Locality,VIC,-37.665973,145.006116
locdb6c00aabb3a,Lamplough,Gazetted Locality,VIC,-37.14866,143.519631
loc3d451791a2bc,Lancaster,Gazetted Locality,VIC,-36.29893,145.136082
loc112da4d15d74,Lance Creek,Gazetted Locality,VIC,-38.543883,145.671135
loc204f0f0ca6e2,Lancefield,Gazetted Locality,VIC,-37.264043,144.715405
locc08a019ba3c6,Landsborough,Gazetted Locality,VIC,-37.019011,143.146133
loc2bcdff81a9f2,Landsborough West,Gazetted Locality,VIC,-37.00786,143.072318
loc650098ccb87c,Lang Lang,Gazetted Locality,VIC,-38.297664,145.573911
loc804d24593a47,Lang Lang East,Gazetted Locality,VIC,-38.270183,145.656499
loc8d4204d2b5b1,Langdons Hill,Gazetted Locality,VIC,-37.415295,144.063171
loc4f833f9c41a4,Langi Kal Kal,Gazetted Locality,VIC,-37.377518,143.499706
loc0de83d4679bb,Langi Logan,Gazetted Locality,VIC,-37.395737,142.928031
loc1cfea42bb7cf,Langkoop,Gazetted Locality,VIC,-37.101081,141.079084
locaabf9abbaf65,Langley,Gazetted Locality,VIC,-37.150934,144.502856
locb87b4b3639f3,Langsborough,Gazetted Locality,VIC,-38.649782,146.667148
locbcb60f6b546d,Langwarrin,Gazetted Locality,VIC,-38.15435,145.196883
loc846cf797318d,Langwarrin South,Gazetted Locality,VIC,-38.189468,145.193503
loce16236caf708,Lara,Gazetted Locality,VIC,-38.012081,144.410627
loccb3683433bb4,Lardner,Gazetted Locality,VIC,-38.218132,145.873934
loc7e7614f47cb2,Larpent,Gazetted Locality,VIC,-38.352467,143.506185
locee36b1c85d5b,Larralea,Gazetted Locality,VIC,-38.047814,143.243834
locbe10a546a891,Lascelles,Gazetted Locality,VIC,-35.562391,142.607579
loc18d1054ccbb7,Launching Place,Gazetted Locality,VIC,-37.780946,145.577627
loc8d30c44dcdcb,Lauriston,Gazetted Locality,VIC,-37.249416,144.3633
loc86fa7f9e8d97,Lavers Hill,Gazetted Locality,VIC,-38.667384,143.387662
loc098ac8eaabef,Laverton,Gazetted Locality,VIC,-37.85688,144.766457
locaf6f4327a65a,Laverton North,Gazetted Locality,VIC,-37.833314,144.787698
loc42accd81ddbb,Lawler,Gazetted Locality,VIC,-36.366479,142.745313
loc0e0b8685214f,Lawloit,Gazetted Locality,VIC,-36.458709,141.451225
loc731ad1733475,Lawrence,Gazetted Locality,VIC,-37.325675,143.895724
locfeeac820639c,Leaghur,Gazetted Locality,VIC,-35.984915,143.807324
loc0d50c2dd088b,Learmonth,Gazetted Locality,VIC,-37.420245,143.72386
loca2fb9eae1da0,Ledcourt,Gazetted Locality,VIC,-36.987206,142.56629
loc244b2e5d1207,Leichardt,Gazetted Locality,VIC,-36.681426,144.070463
loc4b3031001da4,Leigh Creek,Gazetted Locality,VIC,-37.560434,143.962508
loc8a2c57a8fa9c,Leitchville,Gazetted Locality,VIC,-35.916545,144.292002
loc14534c1552c1,Lemnos,Gazetted Locality,VIC,-36.344619,145.474975
loc3253b162ad37,Leneva,Gazetted Locality,VIC,-36.204728,146.859429
loc13af1189d9ba,Leonards Hill,Gazetted Locality,VIC,-37.412959,144.138435
loc5900b8cc74c8,Leongatha,Gazetted Locality,VIC,-38.472139,145.937445
locf9fb01474d0a,Leongatha North,Gazetted Locality,VIC,-38.421692,145.972084
loc7bf3a4364d08,Leongatha South,Gazetted Locality,VIC,-38.542017,145.854833
loc5ba812288f5b,Leopold,Gazetted Locality,VIC,-38.196855,144.469674
loc3a3a789c9ea7,Lerderderg,Gazetted Locality,VIC,-37.51726,144.420352
loc1111a15918e6,Leslie Manor,Gazetted Locality,VIC,-38.103141,143.381448
locc4aada78d233,Lethbridge,Gazetted Locality,VIC,-37.950258,144.089067
loc2ab80fa3bdc8,Lexton,Gazetted Locality,VIC,-37.255179,143.516472
loc7555cfa30928,Licola,Gazetted Locality,VIC,-37.602946,146.569572
locf13848e11d5e,Licola North,Gazetted Locality,VIC,-37.520502,146.520601
loc45862f2c9521,Lillico,Gazetted Locality,VIC,-38.12471,145.964899
loc2bb4636b50e3,Lillicur,Gazetted Locality,VIC,-37.169615,143.60171
loc1b395324b50b,Lillimur,Gazetted Locality,VIC,-36.450166,141.113806
loc6709996ea1e2,Lilliput,Gazetted Locality,VIC,-36.128832,146.456535
loc1d8e4b29407f,Lilydale,Gazetted Locality,VIC,-37.762597,145.371478
locb2d171996ed8,Lima,Gazetted Locality,VIC,-36.748994,145.948991
loc521b11d16f9b,Lima East,Gazetted Locality,VIC,-36.814184,145.965048
loc3e15ddd9a4a1,Lima South,Gazetted Locality,VIC,-36.834999,146.012664
loca1d84432e284,Limestone,Gazetted Locality,VIC,-37.271331,145.549162
loc72e49a3e76da,Lindenow,Gazetted Locality,VIC,-37.796604,147.467549
loc5342c610f201,Lindenow South,Gazetted Locality,VIC,-37.869378,147.406467
loce8a744d64835,Lindsay,Gazetted Locality,VIC,-37.600057,141.119227
loc315d6d0ed532,Lindsay Point,Gazetted Locality,VIC,-34.092025,141.014949
locee66af3ae1ef,Linga,Gazetted Locality,VIC,-35.173224,141.695191
loc73d7543f474c,Linton,Gazetted Locality,VIC,-37.693623,143.562091
loc9a46b437fb47,Liparoo,Gazetted Locality,VIC,-34.811881,142.572906
loc13e8152545c4,Lismore,Gazetted Locality,VIC,-37.957746,143.361557
loc4d483c47c7d2,Litchfield,Gazetted Locality,VIC,-36.295308,142.837434
locb8e29c5ea314,Little Desert,Gazetted Locality,VIC,-36.485495,141.744877
loc8024257e183f,Little Hampton,Gazetted Locality,VIC,-37.359022,144.29355
locb778a527feda,Little River,Gazetted Locality,VIC,-37.934055,144.469931
locc2fcd28664fb,Llanelly,Gazetted Locality,VIC,-36.728048,143.83336
loc1d12a7b074fe,Llowalong,Gazetted Locality,VIC,-37.905231,147.041388
loc38acfa921aa5,Loch,Gazetted Locality,VIC,-38.377512,145.678995
locd0536722fffc,Loch Sport,Gazetted Locality,VIC,-38.043708,147.595134
loc1c93de52cb72,Loch Valley,Gazetted Locality,VIC,-37.806887,146.009115
loc8a1ff79e32d8,Lockington,Gazetted Locality,VIC,-36.266312,144.497401
locb74efcea775d,Locksley,Gazetted Locality,VIC,-36.841767,145.318412
loc13554647591e,Lockwood,Gazetted Locality,VIC,-36.814329,144.169405
loc3def6eff924a,Lockwood South,Gazetted Locality,VIC,-36.878239,144.144122
loc615372afaa2e,Loddon Vale,Gazetted Locality,VIC,-35.998572,143.953884
loc2717785b5f20,Logan,Gazetted Locality,VIC,-36.625955,143.496562
loc1febaa85c005,Londrigan,Gazetted Locality,VIC,-36.343937,146.437222
loc0f418377e392,Long Forest,Gazetted Locality,VIC,-37.658038,144.508466
loc51f77eba864c,Long Gully,Gazetted Locality,VIC,-36.743381,144.259307
locd3fbb32397b4,Longerenong,Gazetted Locality,VIC,-36.681305,142.339766
locb8d22c0e701d,Longford,Gazetted Locality,VIC,-38.237956,147.1551
loc48c6f7d1f300,Longlea,Gazetted Locality,VIC,-36.759373,144.425516
loceb41e8eec3ee,Longwarry,Gazetted Locality,VIC,-38.123978,145.766059
loc0a64ce1e836f,Longwarry North,Gazetted Locality,VIC,-38.078039,145.773115
loc7816a5f66ad7,Longwood,Gazetted Locality,VIC,-36.80645,145.404851
loc063ba48baa63,Longwood East,Gazetted Locality,VIC,-36.829863,145.445752
locc672a234fa5a,Lorne,Gazetted Locality,VIC,-38.523217,143.921344
loc45527aebf87a,Lorquon,Gazetted Locality,VIC,-36.141121,141.767167
loc668a2937fcd8,Lovely Banks,Gazetted Locality,VIC,-38.049903,144.328375
loc00ac0096ae70,Lower Moira,Gazetted Locality,VIC,-36.088872,144.97552
loc5762f656e2fb,Lower Norton,Gazetted Locality,VIC,-36.803343,142.073631
loc08f132cbeca5,Lower Plenty,Gazetted Locality,VIC,-37.738436,145.120264
locb59f0be3fd6d,Loy Yang,Gazetted Locality,VIC,-38.249611,146.57931
loc0d6d25712d7a,Lubeck,Gazetted Locality,VIC,-36.747568,142.550186
loc98325a7e67bf,Lucas,Gazetted Locality,VIC,-37.552585,143.769457
loc2509f7276f3e,Lucknow,Gazetted Locality,VIC,-37.804543,147.670266
loc5cf52be89241,Lucyvale,Gazetted Locality,VIC,-36.314128,147.584212
locc89198ff476b,Lurg,Gazetted Locality,VIC,-36.580577,146.118924
loc6a58ffb032fe,Lyal,Gazetted Locality,VIC,-36.93,144.455627
loc2f79d3187e1a,Lynbrook,Gazetted Locality,VIC,-38.054086,145.255534
loc6849c4e53590,Lyndhurst,Gazetted Locality,VIC,-38.064144,145.226991
loc4306de88c798,Lyons,Gazetted Locality,VIC,-37.999987,141.476931
loc850319e1547f,Lyonville,Gazetted Locality,VIC,-37.396679,144.265866
loce94c02bf1598,Lysterfield,Gazetted Locality,VIC,-37.936047,145.298555
loc43b106f3f7f3,Lysterfield South,Gazetted Locality,VIC,-37.953214,145.266944
loc601486aa21c7,Macarthur,Gazetted Locality,VIC,-38.042052,142.043549
loce52eb72cc075,Macclesfield,Gazetted Locality,VIC,-37.88184,145.489831
loca29090f76301,Macedon,Gazetted Locality,VIC,-37.424278,144.564095
locad06a18d5552,Macks Creek,Gazetted Locality,VIC,-38.467052,146.639036
loce578d6ccca3a,Macleod,Gazetted Locality,VIC,-37.720736,145.068644
locbe604f170b81,Macorna,Gazetted Locality,VIC,-35.91656,143.993349
loc4e98b2249feb,Macorna North,Gazetted Locality,VIC,-35.841772,144.07038
loc3265758ba9b7,Macs Cove,Gazetted Locality,VIC,-37.205895,146.144914
loc7e95f17ca96c,Madalya,Gazetted Locality,VIC,-38.508053,146.510075
loccabf2d0215b8,Maddingley,Gazetted Locality,VIC,-37.700766,144.427366
loc2694fbd53193,Mafeking,Gazetted Locality,VIC,-37.382938,142.575873
loc596f5173f734,Maffra,Gazetted Locality,VIC,-37.9638,147.002249
loc6d28add3184b,Maffra West Upper,Gazetted Locality,VIC,-37.872499,146.820392
loc9f7af461be53,Magpie,Gazetted Locality,VIC,-37.632405,143.845075
loc30d885ad4b78,Maiden Gully,Gazetted Locality,VIC,-36.75584,144.20755
locf4512129a85e,Maidstone,Gazetted Locality,VIC,-37.782102,144.87478
loc4ae321c5bbb4,Mailors Flat,Gazetted Locality,VIC,-38.290091,142.467237
loc65134684daa4,Main Lead,Gazetted Locality,VIC,-37.386903,143.376866
loceb4ecf2e7464,Main Ridge,Gazetted Locality,VIC,-38.402089,144.967074
loc0425405c5bfd,Maindample,Gazetted Locality,VIC,-37.030078,145.952677
loc1c0bff719940,Maintongoon,Gazetted Locality,VIC,-37.126395,145.790269
locfff116ec9abd,Major Plains,Gazetted Locality,VIC,-36.366678,145.779567
loc6150c4d5cb3d,Majorca,Gazetted Locality,VIC,-37.128208,143.823463
loc736a986172a0,Maldon,Gazetted Locality,VIC,-36.997141,144.062181
locbd605b309fd5,Mallacoota,Gazetted Locality,VIC,-37.524239,149.809067
locbd2a32bdc216,Malmsbury,Gazetted Locality,VIC,-37.184789,144.391629
loc76dea039b41f,Malvern,Gazetted Locality,VIC,-37.858414,145.03477
loc2d817b7080e2,Malvern East,Gazetted Locality,VIC,-37.877882,145.069229
locffa1c8993b70,Mambourin,Gazetted Locality,VIC,-37.900079,144.552003
loc8545a7496e22,Manangatang,Gazetted Locality,VIC,-35.044876,142.900594
loce991f1dc2338,Mandurang,Gazetted Locality,VIC,-36.826045,144.294636
loc9da3ee8a8561,Mandurang South,Gazetted Locality,VIC,-36.868936,144.276929
loc2516ae8c529a,Mangalore,Gazetted Locality,VIC,-36.92461,145.170904
loc346283553b3d,Manifold Heights,Gazetted Locality,VIC,-38.137442,144.333746
loc44075823cebd,Mannerim,Gazetted Locality,VIC,-38.220898,144.608219
loc2421194a9d31,Mannibadar,Gazetted Locality,VIC,-37.774174,143.511014
loc0fecb09c7cc1,Manns Beach,Gazetted Locality,VIC,-38.662498,146.801097
loc875f8bb64843,Manor Lakes,Gazetted Locality,VIC,-37.866161,144.580456
loc001969119bde,Manorina,Gazetted Locality,VIC,-37.691574,148.799607
loc515028b0f98a,Mansfield,Gazetted Locality,VIC,-37.049643,146.112351
loc739ac5a51669,Maramingo Creek,Gazetted Locality,VIC,-37.39496,149.615644
locb110c53383ed,Marcus Hill,Gazetted Locality,VIC,-38.241092,144.570941
loc5112c2912b18,Mardan,Gazetted Locality,VIC,-38.470233,146.133939
loccf6da4b0b37b,Marengo,Gazetted Locality,VIC,-38.779542,143.655385
locebf4f333240b,Maribyrnong,Gazetted Locality,VIC,-37.772324,144.884459
loc71e9299ac5ba,Marionvale,Gazetted Locality,VIC,-36.266487,145.527293
loc2a07d1186bc2,Markwood,Gazetted Locality,VIC,-36.47168,146.510192
loc9a291b1b9850,Marlbed,Gazetted Locality,VIC,-35.822152,142.861148
loc20a16539cdfe,Marlo,Gazetted Locality,VIC,-37.763668,148.731881
loc50b5f8b89961,Marnoo,Gazetted Locality,VIC,-36.692796,142.898461
loc0a8f3937bda4,Marnoo East,Gazetted Locality,VIC,-36.652455,142.95937
loc9af58092fabc,Marnoo West,Gazetted Locality,VIC,-36.701346,142.781691
locb48ce003b11e,Marong,Gazetted Locality,VIC,-36.751043,144.136902
loc16c5e3c25371,Maroona,Gazetted Locality,VIC,-37.422443,142.846446
loca252450c70db,Marraweeney,Gazetted Locality,VIC,-36.767852,145.733229
loc22deaf46b773,Marshall,Gazetted Locality,VIC,-38.196033,144.356915
loc088fedc00c0b,Marthavale,Gazetted Locality,VIC,-37.447858,147.509485
loc67685ffae50c,Marungi,Gazetted Locality,VIC,-36.201861,145.517935
loc320247db6936,Maryborough,Gazetted Locality,VIC,-37.050183,143.730187
locf2732d0be571,Maryknoll,Gazetted Locality,VIC,-38.034366,145.601992
loc031103f26b51,Marysville,Gazetted Locality,VIC,-37.524102,145.818885
locb219cc0746f5,Maryvale,Gazetted Locality,VIC,-38.183199,146.431318
loc724dd05310af,Massey,Gazetted Locality,VIC,-36.222258,142.859868
loce5f9b4a90ace,Matlock,Gazetted Locality,VIC,-37.591211,146.248135
loc61dc37733759,Maude,Gazetted Locality,VIC,-37.944888,144.196961
loc819aeb5db205,McCrae,Gazetted Locality,VIC,-38.354541,144.933164
loc8d4d6f625c1d,McIntyre,Gazetted Locality,VIC,-36.689012,143.678123
locde356ed90726,McKenzie Creek,Gazetted Locality,VIC,-36.802844,142.166084
locd89df6319efd,McKenzie Hill,Gazetted Locality,VIC,-37.069285,144.183963
loc8415ce7f7160,McKinnon,Gazetted Locality,VIC,-37.910562,145.039063
loc51df588ea2b8,McLoughlins Beach,Gazetted Locality,VIC,-38.605333,146.902209
locadc2f8530e7a,McMahons Creek,Gazetted Locality,VIC,-37.695949,145.837644
loc056f69293d66,McMillans,Gazetted Locality,VIC,-35.847589,144.157303
loc90db0ae417fb,Mead,Gazetted Locality,VIC,-35.801915,144.122723
loc43bb57380698,Meadow Creek,Gazetted Locality,VIC,-36.601671,146.456386
locc67851215f08,Meadow Heights,Gazetted Locality,VIC,-37.651234,144.919411
loc6dfe4c7d1b71,Meatian,Gazetted Locality,VIC,-35.565301,143.362711
loc13ba6cf011be,Meeniyan,Gazetted Locality,VIC,-38.580402,146.009949
locc5a0ddeabe4a,Meering West,Gazetted Locality,VIC,-35.882661,143.702517
loce1bc0c71620f,Meerlieu,Gazetted Locality,VIC,-38.014902,147.404813
loc9901d119afda,Melbourne,Gazetted Locality,VIC,-37.82748,144.979883
loc1556821a864f,Melbourne Airport,Gazetted Locality,VIC,-37.675738,144.835074
loc556974a8bc81,Melton,Gazetted Locality,VIC,-37.675452,144.62349
locb3584a0e11e8,Melton South,Gazetted Locality,VIC,-37.705419,144.571753
loc6f542385dd44,Melton West,Gazetted Locality,VIC,-37.678503,144.540964
locf9e0319ae87a,Melville Forest,Gazetted Locality,VIC,-37.485525,141.867351
loc0bc77e8370b3,Melwood,Gazetted Locality,VIC,-37.739855,147.505356
loc7d3736ec1352,Mena Park,Gazetted Locality,VIC,-37.536763,143.479929
locdd716f1059c5,Mentone,Gazetted Locality,VIC,-37.984233,145.06158
loc23852a0ecbdb,Menzies Creek,Gazetted Locality,VIC,-37.92067,145.406036
locfdef16d8d1f6,Mepunga,Gazetted Locality,VIC,-38.456861,142.674254
loc751f8d251375,Mepunga East,Gazetted Locality,VIC,-38.444168,142.713273
loca48fd37ca6c8,Mepunga West,Gazetted Locality,VIC,-38.440303,142.646324
loc63a05a113f90,Merbein,Gazetted Locality,VIC,-34.160889,142.048341
loc0f38b5d63616,Merbein South,Gazetted Locality,VIC,-34.232931,142.014021
loc016f1437298f,Merbein West,Gazetted Locality,VIC,-34.166672,142.007289
loc4459957ed7ff,Meredith,Gazetted Locality,VIC,-37.867142,144.0335
loc2b914c17d68a,Meringur,Gazetted Locality,VIC,-34.416305,141.295339
locf0df8e0484a4,Merino,Gazetted Locality,VIC,-37.733223,141.530612
loceb44a3a54ace,Mernda,Gazetted Locality,VIC,-37.592213,145.085518
loca90ee208d326,Merriang,Gazetted Locality,VIC,-36.564339,146.68636
loc7821545884b8,Merriang South,Gazetted Locality,VIC,-36.595044,146.667893
loc819952384c85,Merricks,Gazetted Locality,VIC,-38.394227,145.082135
loc8cce38e90dec,Merricks Beach,Gazetted Locality,VIC,-38.39293,145.107395
loca868732226b1,Merricks North,Gazetted Locality,VIC,-38.341335,145.071889
loc1d422408d336,Merrigum,Gazetted Locality,VIC,-36.365095,145.154175
locfdb55e6f8522,Merrijig,Gazetted Locality,VIC,-37.077709,146.280115
loca6c74c103aed,Merrijig,Gazetted Locality,VIC,-37.658195,147.43163
loc7dfeba59b581,Merrimu,Gazetted Locality,VIC,-37.657527,144.474674
loc86d9a613f84b,Merrinee,Gazetted Locality,VIC,-34.390174,141.847065
loce4c4c5a172b5,Merton,Gazetted Locality,VIC,-36.983428,145.708368
loc04eca875d636,Metcalfe,Gazetted Locality,VIC,-37.093999,144.437127
loce72dc0a5e538,Metcalfe East,Gazetted Locality,VIC,-37.14589,144.457332
locc3c94a052142,Metung,Gazetted Locality,VIC,-37.86585,147.80889
loc62382d5f8851,Mia Mia,Gazetted Locality,VIC,-36.98484,144.610609
loc1b271c01e3dc,Mickleham,Gazetted Locality,VIC,-37.546331,144.898962
loc781d3f9a18c9,Middle Creek,Gazetted Locality,VIC,-37.397775,143.246461
loc7ea958f6824d,Middle Park,Gazetted Locality,VIC,-37.850606,144.960764
locb9c40fb9488d,Middle Tarwin,Gazetted Locality,VIC,-38.672962,145.922854
loc6597d444ca5c,Miepoll,Gazetted Locality,VIC,-36.617753,145.472604
loc271979e7c873,Miga Lake,Gazetted Locality,VIC,-36.852862,141.639664
loc59c95f4b0c1d,Milawa,Gazetted Locality,VIC,-36.461817,146.440179
locb71d10cf3b7c,Mildura,Gazetted Locality,VIC,-34.21095,142.135432
loc49fb687cbcb9,Mill Park,Gazetted Locality,VIC,-37.664161,145.062737
locece4b7c3d4bb,Millbrook,Gazetted Locality,VIC,-37.611727,144.044114
loc6507f3478740,Millgrove,Gazetted Locality,VIC,-37.745119,145.650696
loc668bbb760814,Milloo,Gazetted Locality,VIC,-36.363534,144.369191
loccf44d5141215,Milltown,Gazetted Locality,VIC,-38.053161,141.695231
locaaea854ed703,Milnes Bridge,Gazetted Locality,VIC,-35.787398,144.087686
loc7e346daea33a,Mincha,Gazetted Locality,VIC,-35.99832,144.052764
loc73be2879ab2d,Mincha West,Gazetted Locality,VIC,-35.91244,144.133172
loceeb479c05f38,Miners Rest,Gazetted Locality,VIC,-37.485998,143.797381
loc0e3c71fddfcf,Mingay,Gazetted Locality,VIC,-37.852562,143.327362
locbf43a2560543,Minhamite,Gazetted Locality,VIC,-37.988034,142.346508
loc74fcc5fb7cf4,Minimay,Gazetted Locality,VIC,-36.710424,141.218359
loc8dcf0a7eeed7,Mininera,Gazetted Locality,VIC,-37.603842,142.960093
locc028d9dc2517,Minjah,Gazetted Locality,VIC,-38.041584,142.477363
loc56e10dd2bfe8,Minmindie,Gazetted Locality,VIC,-36.02206,143.755237
loc0c53e18ad756,Minyip,Gazetted Locality,VIC,-36.455928,142.656009
loc3dcfbccecd1c,Miowera,Gazetted Locality,VIC,-37.477419,147.085991
loc0fb8f6d42c91,Miralie,Gazetted Locality,VIC,-35.122338,143.321555
loce69fe79f1fe4,Miram,Gazetted Locality,VIC,-36.370656,141.382413
loc8fe34cac4e95,Mirboo,Gazetted Locality,VIC,-38.482541,146.235897
locd48f9059520d,Mirboo North,Gazetted Locality,VIC,-38.394683,146.155508
loca8d2b4d0b1b2,Mirimbah,Gazetted Locality,VIC,-37.115017,146.399132
loc642c3a9a1e52,Mirranatwa,Gazetted Locality,VIC,-37.399945,142.401178
loc37f7d645fb7e,Mitcham,Gazetted Locality,VIC,-37.816091,145.19964
loc73baa9f9a486,Mitchell Park,Gazetted Locality,VIC,-37.509205,143.777256
loc96a2cf1f703c,Mitchellstown,Gazetted Locality,VIC,-36.842324,145.035161
locc4f5be22debf,Mitiamo,Gazetted Locality,VIC,-36.214638,144.235832
loc21a2beae08ea,Mitre,Gazetted Locality,VIC,-36.712432,141.789002
loc68daedd0258b,Mitta Mitta,Gazetted Locality,VIC,-36.614205,147.32937
loc0bccc4fd3df4,Mittyack,Gazetted Locality,VIC,-35.151245,142.621132
locdfe3643db12c,Mockinya,Gazetted Locality,VIC,-36.960056,142.176778
loc7847de196bbe,Modella,Gazetted Locality,VIC,-38.176648,145.722824
loc928fc8ce46d0,Modewarre,Gazetted Locality,VIC,-38.268138,144.121942
loc92ee61d26f06,Moe,Gazetted Locality,VIC,-38.175027,146.247185
loc3abd53f95fcf,Moe South,Gazetted Locality,VIC,-38.213232,146.247454
loca4adaeb4a273,Moggs Creek,Gazetted Locality,VIC,-38.455505,144.066023
loc8a8629abf63d,Moglonemby,Gazetted Locality,VIC,-36.649768,145.542484
loc46aa967a8acf,Mokepilly,Gazetted Locality,VIC,-37.089366,142.642278
loc67baa62e1bf3,Molesworth,Gazetted Locality,VIC,-37.162554,145.520046
locec24ebd1e731,Moliagul,Gazetted Locality,VIC,-36.748413,143.671093
loc070655c28fae,Molka,Gazetted Locality,VIC,-36.679832,145.40362
loc1526cd18d5c4,Mollongghip,Gazetted Locality,VIC,-37.467591,144.042026
loc35493747f875,Mologa,Gazetted Locality,VIC,-36.16316,144.132579
loc143aeb12a0a3,Molyullah,Gazetted Locality,VIC,-36.682337,146.159808
loc412769a73057,Monbulk,Gazetted Locality,VIC,-37.875024,145.426021
loc273baad8537b,Monegeetta,Gazetted Locality,VIC,-37.393453,144.785143
loc89a9a2ecd1f9,Mongans Bridge,Gazetted Locality,VIC,-36.589624,147.130235
locbce4e24f8e99,Monomak,Gazetted Locality,VIC,-37.762945,146.833423
loc721c9dae6ea1,Monomeith,Gazetted Locality,VIC,-38.212589,145.532136
locaaacb1131c06,Mont Albert,Gazetted Locality,VIC,-37.818801,145.107819
loca1efec8fa041,Mont Albert North,Gazetted Locality,VIC,-37.802684,145.111024
loc5140c52c34d1,Montgomery,Gazetted Locality,VIC,-38.039591,147.060817
locff6258c8ea42,Montmorency,Gazetted Locality,VIC,-37.720287,145.1238
locf9242b623b72,Montrose,Gazetted Locality,VIC,-37.817347,145.340863
loc484201bfd782,Moolap,Gazetted Locality,VIC,-38.171757,144.428405
loc8f0bb15413da,Moolerr,Gazetted Locality,VIC,-36.647321,143.1691
loc48b621858af4,Moolort,Gazetted Locality,VIC,-37.063047,143.915165
loc451a15f81fa0,Moonambel,Gazetted Locality,VIC,-36.98453,143.304118
loc11cb4589b891,Moondarra,Gazetted Locality,VIC,-38.047682,146.354378
loc4a7c5154c298,Moonee Ponds,Gazetted Locality,VIC,-37.765312,144.919871
locd5b7a344284f,Moonlight Flat,Gazetted Locality,VIC,-37.045577,143.651967
loce75783397f38,Moonlight Flat,Gazetted Locality,VIC,-37.060173,144.248696
locabadb21c11e8,Moora,Gazetted Locality,VIC,-36.607393,144.946055
locea2e2e01b99c,Moorabbin,Gazetted Locality,VIC,-37.941637,145.058193
locace3209a1388,Moorabbin Airport,Gazetted Locality,VIC,-37.977971,145.101032
loc7a777bd4db48,Moorabool,Gazetted Locality,VIC,-38.042195,144.284386
locf7bbd3c849d6,Mooralla,Gazetted Locality,VIC,-37.385667,142.108447
loc9148db2e2df5,Moorilim,Gazetted Locality,VIC,-36.621885,145.297068
loca537fcb250e1,Moormbool West,Gazetted Locality,VIC,-36.814457,144.856535
loc3145302689c3,Moornapa,Gazetted Locality,VIC,-37.696354,147.151548
loc6e00aed8d598,Moorngag,Gazetted Locality,VIC,-36.736433,146.054794
loc3453b73ac5e6,Moorooduc,Gazetted Locality,VIC,-38.245519,145.116157
loc21df90314583,Mooroolbark,Gazetted Locality,VIC,-37.780574,145.324861
loc097cc7707d4c,Mooroopna,Gazetted Locality,VIC,-36.398642,145.340224
loc1a5355e79b24,Mooroopna North,Gazetted Locality,VIC,-36.328388,145.317701
loc19268b5175fd,Mooroopna North West,Gazetted Locality,VIC,-36.350402,145.250069
loc1b7030deca31,Moranding,Gazetted Locality,VIC,-37.233016,144.946809
loc3b64e6146ff8,Mordialloc,Gazetted Locality,VIC,-37.99834,145.098694
loc36db6ee2d758,Morgiana,Gazetted Locality,VIC,-37.73024,141.831919
locf7e38adae4ca,Moriac,Gazetted Locality,VIC,-38.244578,144.174831
loca2dba6250aa2,Mornington,Gazetted Locality,VIC,-38.227697,145.060919
loc239e61333951,Moroka,Gazetted Locality,VIC,-37.493338,146.951732
locb4296fff6c97,Morrisons,Gazetted Locality,VIC,-37.761566,144.118081
loc65e6e94c0b39,Morrl Morrl,Gazetted Locality,VIC,-36.865955,142.890299
loc12b680495b52,Mortlake,Gazetted Locality,VIC,-38.058369,142.792683
loc1dc491ed4627,Morton Plains,Gazetted Locality,VIC,-36.07359,142.907475
loc11fb0b5df130,Morwell,Gazetted Locality,VIC,-38.231761,146.409195
loc2aca750bbc05,Mossiface,Gazetted Locality,VIC,-37.745076,147.822537
loc09f816562974,Mount Alfred,Gazetted Locality,VIC,-35.998022,147.631485
loc6b1692d65d02,Mount Beauty,Gazetted Locality,VIC,-36.748807,147.228796
loc17d802a342a3,Mount Beckworth,Gazetted Locality,VIC,-37.304205,143.700114
locba11a5f622aa,Mount Best,Gazetted Locality,VIC,-38.586908,146.297789
loc66171e3a2f46,Mount Bolton,Gazetted Locality,VIC,-37.359326,143.684553
loc57796ca45e3b,Mount Bruno,Gazetted Locality,VIC,-36.321294,146.151986
loc10ae825c3060,Mount Buffalo,Gazetted Locality,VIC,-36.727863,146.768549
loc8688ba223de1,Mount Buller,Gazetted Locality,VIC,-37.269448,146.400875
loc67e1f09b5998,Mount Burnett,Gazetted Locality,VIC,-37.975712,145.510942
loc21a83cc5abb2,Mount Bute,Gazetted Locality,VIC,-37.876414,143.409611
loc12cc6354a4ba,Mount Camel,Gazetted Locality,VIC,-36.806988,144.751758
locf85d434f31ea,Mount Cameron,Gazetted Locality,VIC,-37.204409,143.813783
locac09c3fe5989,Mount Clear,Gazetted Locality,VIC,-37.603589,143.872811
locdb10dee6ec51,Mount Cole,Gazetted Locality,VIC,-37.248611,143.210488
loc6667ffca340d,Mount Cole Creek,Gazetted Locality,VIC,-37.220145,143.122227
loce8f39e233734,Mount Cottrell,Gazetted Locality,VIC,-37.795042,144.622187
loc47aeaa274eb5,Mount Dandenong,Gazetted Locality,VIC,-37.836696,145.351342
loce382ecdf9f25,Mount Doran,Gazetted Locality,VIC,-37.722267,144.042701
loc20f7f0dfe98d,Mount Dryden,Gazetted Locality,VIC,-37.053151,142.53231
loc90b2f4dd8c2d,Mount Duneed,Gazetted Locality,VIC,-38.249509,144.323078
loc82a9bb2267b9,Mount Eccles,Gazetted Locality,VIC,-38.377467,145.973439
loce2b32dd6585d,Mount Eccles South,Gazetted Locality,VIC,-38.413046,145.994407
loc6919f8eb40ca,Mount Egerton,Gazetted Locality,VIC,-37.654752,144.124668
locbd8a22a20dd3,Mount Eliza,Gazetted Locality,VIC,-38.193808,145.095253
locbdc2413fdadb,Mount Emu,Gazetted Locality,VIC,-37.600065,143.393143
loc20a81a4bf246,Mount Evelyn,Gazetted Locality,VIC,-37.786978,145.385424
loc641679e026bf,Mount Franklin,Gazetted Locality,VIC,-37.260066,144.156018
loc0b0bb8b9e3a9,Mount Glasgow,Gazetted Locality,VIC,-37.202428,143.762813
loc4b96f3425221,Mount Helen,Gazetted Locality,VIC,-37.626949,143.887245
locb421e30a8bfa,Mount Hooghly,Gazetted Locality,VIC,-36.908598,143.662835
loc7818c321f0a2,Mount Lonarch,Gazetted Locality,VIC,-37.265025,143.386697
loc0749ce7d63b9,Mount Macedon,Gazetted Locality,VIC,-37.390248,144.590747
loca57aade00ad0,Mount Major,Gazetted Locality,VIC,-36.368006,145.69891
loc5100fc96abff,Mount Martha,Gazetted Locality,VIC,-38.273727,145.032284
locdc708fb671c8,Mount Mercer,Gazetted Locality,VIC,-37.837278,143.867363
locc5ddbf838716,Mount Moriac,Gazetted Locality,VIC,-38.210013,144.190317
loce2f273fa18a4,Mount Napier,Gazetted Locality,VIC,-37.894923,142.05957
loc7b0a16b98291,Mount Pleasant,Gazetted Locality,VIC,-37.581732,143.855068
locb18d065d789f,Mount Prospect,Gazetted Locality,VIC,-37.399465,144.049671
loc78402e9d3312,Mount Richmond,Gazetted Locality,VIC,-38.15464,141.320704
loc6c88c792a41f,Mount Rowan,Gazetted Locality,VIC,-37.499776,143.841362
loc2b3470e91a66,Mount Sabine,Gazetted Locality,VIC,-38.633774,143.750722
loc622aa352a0ea,Mount Tassie,Gazetted Locality,VIC,-38.387602,146.561213
loc6863f42316e9,Mount Taylor,Gazetted Locality,VIC,-37.726415,147.583273
loc385f89c30443,Mount Toolebewong,Gazetted Locality,VIC,-37.719217,145.561749
locc08fbad87ac1,Mount Wallace,Gazetted Locality,VIC,-37.73434,144.217618
loca1b6ce72e35a,Mount Waverley,Gazetted Locality,VIC,-37.878392,145.128501
locdb88099306fd,Mountain Bay,Gazetted Locality,VIC,-37.198052,146.103974
loce5ef1817bdb4,Mountain View,Gazetted Locality,VIC,-38.302921,145.864237
loc1b69c6f5e49d,Moutajup,Gazetted Locality,VIC,-37.684439,142.229806
loc0eae3ae50b43,Moyarra,Gazetted Locality,VIC,-38.484471,145.724146
loc1fce6a16d83b,Moyhu,Gazetted Locality,VIC,-36.599308,146.38538
loc4866ea8efb83,Moyreisk,Gazetted Locality,VIC,-36.879235,143.380634
loc53e185e59db9,Moyston,Gazetted Locality,VIC,-37.276115,142.748755
loc4afcb677f0c5,Muckatah,Gazetted Locality,VIC,-36.003583,145.651008
loc77f8249bd999,Muckleford,Gazetted Locality,VIC,-37.054214,144.147926
locd8e04a274ec5,Muckleford South,Gazetted Locality,VIC,-37.10606,144.127289
loc07952153427c,Mudgegonga,Gazetted Locality,VIC,-36.48967,146.856566
loc264c2d9ba83e,Mulgrave,Gazetted Locality,VIC,-37.921453,145.165399
loc3c67a8f497df,Mumbannar,Gazetted Locality,VIC,-37.935084,141.095388
loc931b7598e7e2,Mundoona,Gazetted Locality,VIC,-36.149134,145.347319
loc0700020615f8,Munro,Gazetted Locality,VIC,-37.898512,147.212687
locc070cbdd4009,Muntham,Gazetted Locality,VIC,-37.57406,141.542329
locf49966c16a3a,Murchison,Gazetted Locality,VIC,-36.625968,145.181227
loc4a8ff60ef2c5,Murchison East,Gazetted Locality,VIC,-36.614511,145.246168
loc807e1356408d,Murchison North,Gazetted Locality,VIC,-36.570116,145.270566
loc46fd1f96ae97,Murgheboluc,Gazetted Locality,VIC,-38.100195,144.139831
loce1ec0ae31b41,Murmungee,Gazetted Locality,VIC,-36.44897,146.689578
loca0d2fd235790,Murnungin,Gazetted Locality,VIC,-35.614187,143.238689
loc0f76750dc533,Murphys Creek,Gazetted Locality,VIC,-36.730704,143.754765
loc19304f4ef49b,Murra Warra,Gazetted Locality,VIC,-36.436399,142.246627
locdb1dd350133c,Murrabit,Gazetted Locality,VIC,-35.537069,143.937916
loc6bed9247c705,Murrabit West,Gazetted Locality,VIC,-35.509462,143.880842
loc848b39f37561,Murrawee,Gazetted Locality,VIC,-35.301398,143.514054
loc594fb4b80ff0,Murray-Sunset,Gazetted Locality,VIC,-34.564459,141.516836
loc3f8811476d10,Murraydale,Gazetted Locality,VIC,-35.281713,143.566342
loc61830aa53526,Murrayville,Gazetted Locality,VIC,-35.203945,141.213431
loc910740c34dce,Murrindal,Gazetted Locality,VIC,-37.415783,148.208274
loc4b148317d40a,Murrindindi,Gazetted Locality,VIC,-37.369355,145.582168
locac5cb81034c9,Murroon,Gazetted Locality,VIC,-38.427063,143.79733
locc1978682d520,Murrumbeena,Gazetted Locality,VIC,-37.896293,145.070604
locffb43e78ab10,Murtoa,Gazetted Locality,VIC,-36.59675,142.476241
loc2c85a400ed5d,Musk,Gazetted Locality,VIC,-37.368252,144.19656
loc9343bad93a62,Musk Vale,Gazetted Locality,VIC,-37.380455,144.160242
loc859a6c279324,Muskerry,Gazetted Locality,VIC,-36.674091,144.588489
loc33c27dc4a690,Myall,Gazetted Locality,VIC,-35.605221,144.00801
loc9cfb54848359,Myall,Gazetted Locality,VIC,-35.550758,142.757875
loc1fbf6e158c1d,Myamyn,Gazetted Locality,VIC,-38.006383,141.718152
locc0409070f61c,Myers Flat,Gazetted Locality,VIC,-36.700506,144.178024
loc794c9d4076ca,Myola,Gazetted Locality,VIC,-36.625001,144.608148
locdba41002c9b3,Myrniong,Gazetted Locality,VIC,-37.585962,144.304703
loc52b029f9def6,Myrrhee,Gazetted Locality,VIC,-36.743639,146.304786
loc655c73bd5f86,Myrtle Creek,Gazetted Locality,VIC,-36.936173,144.403215
locaec34a061bc8,Myrtlebank,Gazetted Locality,VIC,-38.062654,147.022164
loc792e32a4d27f,Myrtleford,Gazetted Locality,VIC,-36.577616,146.74808
loca65463a011df,Mysia,Gazetted Locality,VIC,-36.229864,143.750891
loc8a2760a591d1,Mystic Park,Gazetted Locality,VIC,-35.568568,143.731437
loc04270baae142,Mywee,Gazetted Locality,VIC,-35.838589,145.509019
loce01ddbd8c8e5,Nagambie,Gazetted Locality,VIC,-36.791575,145.213961
loc2960b00420d0,Nalangil,Gazetted Locality,VIC,-38.326844,143.456533
loc638f59e94b45,Nalinga,Gazetted Locality,VIC,-36.427102,145.724286
loc1441d5ceb1c4,Nambrok,Gazetted Locality,VIC,-38.087134,146.846716
loc711ed3a9ae83,Nandaly,Gazetted Locality,VIC,-35.31305,142.678194
loc57cbba4e4aec,Nangana,Gazetted Locality,VIC,-37.8739,145.537015
loc2af26341dd7f,Nangeela,Gazetted Locality,VIC,-37.480565,141.331097
loc9247fa9f924e,Nangiloc,Gazetted Locality,VIC,-34.480649,142.306223
loc5fa6edb6830d,Nanneella,Gazetted Locality,VIC,-36.3354,144.795675
locb1ef33febbf2,Nap Nap Marra,Gazetted Locality,VIC,-37.598484,146.840456
locf28996abee51,Napoleons,Gazetted Locality,VIC,-37.690147,143.805264
loc15a8d395ef61,Nar Nar Goon,Gazetted Locality,VIC,-38.113978,145.575391
loc7b6dac86f8e1,Nar Nar Goon North,Gazetted Locality,VIC,-38.029303,145.563671
locfb551bfd6ef1,Narbethong,Gazetted Locality,VIC,-37.542445,145.63873
loca3dd89243c29,Nareeb,Gazetted Locality,VIC,-37.834759,142.541783
locbdaf4c33ca5b,Nareen,Gazetted Locality,VIC,-37.383761,141.534454
locaa8eb335e97e,Nareewillock,Gazetted Locality,VIC,-36.160426,143.437898
loc3fa47a1bc89a,Nariel Valley,Gazetted Locality,VIC,-36.499987,147.867394
locf4dc0f322f45,Naring,Gazetted Locality,VIC,-36.062164,145.581681
loc9e9e1f3695b4,Naringal,Gazetted Locality,VIC,-38.392795,142.724726
loc9f23c28ca9b9,Naringal East,Gazetted Locality,VIC,-38.408485,142.789489
locaa7338e2d91f,Naroghid,Gazetted Locality,VIC,-38.248595,143.064687
loc2d9a119e71d0,Narracan,Gazetted Locality,VIC,-38.271609,146.231101
loc0051ff524c27,Narraport,Gazetted Locality,VIC,-36.024237,143.068102
loc7affd5878e4f,Narrapumelap South,Gazetted Locality,VIC,-37.756778,142.64301
locf9fd7c82a5e8,Narrawong,Gazetted Locality,VIC,-38.237163,141.715071
loc5f0c59159354,Narre Warren,Gazetted Locality,VIC,-38.020489,145.300443
loc4e07cec4cde4,Narre Warren East,Gazetted Locality,VIC,-37.962255,145.358204
loc3f54d4127b06,Narre Warren North,Gazetted Locality,VIC,-37.984562,145.31521
loc6280f9052ec0,Narre Warren South,Gazetted Locality,VIC,-38.049751,145.300867
loc71d513d12958,Narrung,Gazetted Locality,VIC,-34.777014,143.218765
loc00a571effff1,Nathalia,Gazetted Locality,VIC,-36.060691,145.187837
loc0115c25c528c,Natimuk,Gazetted Locality,VIC,-36.726111,141.941426
loc4ac6614f9de5,Natte Yallock,Gazetted Locality,VIC,-36.947752,143.451218
loc63ab682bd74b,Natya,Gazetted Locality,VIC,-34.94239,143.178711
locb5b676d2d0ff,Navarre,Gazetted Locality,VIC,-36.897503,143.106791
loc2b62e2ef7738,Navigators,Gazetted Locality,VIC,-37.609771,143.932142
locb395b2e578fb,Nayook,Gazetted Locality,VIC,-37.914568,145.930621
loc8423ff76efe9,Neds Corner,Gazetted Locality,VIC,-34.193517,141.378587
loca5ceb281ec02,Neereman,Gazetted Locality,VIC,-36.920204,143.953072
loc2a78c3e79cb0,Neerim,Gazetted Locality,VIC,-37.956531,145.960612
loc3c056f243f6a,Neerim East,Gazetted Locality,VIC,-38.000317,146.074189
locc24f732f642a,Neerim Junction,Gazetted Locality,VIC,-37.920013,145.96822
loc37642a97d6f7,Neerim North,Gazetted Locality,VIC,-37.923464,146.028633
loc6b7276bdbb75,Neerim South,Gazetted Locality,VIC,-38.010141,145.994031
loc9c4bdfef214e,Neilborough,Gazetted Locality,VIC,-36.555422,144.265148
loc5703a8d074b6,Nelse,Gazetted Locality,VIC,-36.833855,147.387429
loc1bb49194e1b0,Nelson,Gazetted Locality,VIC,-38.077889,141.141873
loc00f17fd098b9,Nerrena,Gazetted Locality,VIC,-38.506976,146.019449
loca34323b1d2b1,Nerrin Nerrin,Gazetted Locality,VIC,-37.756359,143.038797
loc5ab51ed9e6e1,Nerrina,Gazetted Locality,VIC,-37.538717,143.892122
loc78717f96fa74,Nerring,Gazetted Locality,VIC,-37.497526,143.446921
locae7b58d49510,Netherby,Gazetted Locality,VIC,-36.091734,141.658274
loc9beb3bfadcd9,Neuarpurr,Gazetted Locality,VIC,-36.698371,141.018289
locd7f7a27169c2,New Gisborne,Gazetted Locality,VIC,-37.450096,144.608545
loc0fe17d83958b,Newborough,Gazetted Locality,VIC,-38.177436,146.288692
loc3b2e74f20666,Newbridge,Gazetted Locality,VIC,-36.750906,143.923023
locb690abc6c1e1,Newbury,Gazetted Locality,VIC,-37.42091,144.283408
loc91ba08d312cb,Newcomb,Gazetted Locality,VIC,-38.163329,144.394984
loc34e29c762245,Newfield,Gazetted Locality,VIC,-38.560621,143.008825
locb242233d388b,Newham,Gazetted Locality,VIC,-37.297674,144.611744
loc8af2efa53ae5,Newhaven,Gazetted Locality,VIC,-38.516871,145.332399
locc61135c99c81,Newington,Gazetted Locality,VIC,-37.563247,143.827938
locbfc303fff0fa,Newlands Arm,Gazetted Locality,VIC,-37.927022,147.687312
loc300cdae4c3b7,Newlyn,Gazetted Locality,VIC,-37.414796,143.98011
loc9044450a02a4,Newlyn North,Gazetted Locality,VIC,-37.393907,143.999574
loc171fb9ab27e9,Newmerella,Gazetted Locality,VIC,-37.751574,148.454429
locc134b649436c,Newport,Gazetted Locality,VIC,-37.845482,144.879598
loc06c01cb719e9,Newry,Gazetted Locality,VIC,-37.897083,146.902007
loc00055278d626,Newstead,Gazetted Locality,VIC,-37.108812,144.050762
loc277951454068,Newtown,Gazetted Locality,VIC,-38.153701,144.335906
loc8a88d985c5e1,Newtown,Gazetted Locality,VIC,-37.699896,143.654434
loce4e504a7fb1e,Nhill,Gazetted Locality,VIC,-36.307058,141.562549
locc90f113d3978,Nichols Point,Gazetted Locality,VIC,-34.210702,142.213382
loc362ccfbe03bd,Nicholson,Gazetted Locality,VIC,-37.807485,147.747891
loc6ece06903eac,Niddrie,Gazetted Locality,VIC,-37.739428,144.886449
loce2f3ad490448,Nilma,Gazetted Locality,VIC,-38.170939,145.973108
loc3addf29ad792,Nilma North,Gazetted Locality,VIC,-38.123507,146.009459
loc9e330a7a871c,Ninda,Gazetted Locality,VIC,-35.434113,142.709201
locba6fedcec64e,Nine Mile,Gazetted Locality,VIC,-36.450623,143.467106
loc3e89d3a745a9,Nintingbool,Gazetted Locality,VIC,-37.609882,143.721285
locf51265a10fb9,Ninyeunook,Gazetted Locality,VIC,-35.964296,143.43222
locf02f523d51df,Nirranda,Gazetted Locality,VIC,-38.50847,142.77502
loccafcd8b455c9,Nirranda East,Gazetted Locality,VIC,-38.482013,142.85763
locf8260b7dd44d,Nirranda South,Gazetted Locality,VIC,-38.545353,142.797967
loca4e166a620d9,Noble Park,Gazetted Locality,VIC,-37.966156,145.177721
loc9ee54c810992,Noble Park North,Gazetted Locality,VIC,-37.95218,145.187003
loc4b6f885b33aa,Noojee,Gazetted Locality,VIC,-37.835265,145.944323
loc1890b96f9c3f,Noorat,Gazetted Locality,VIC,-38.194016,142.906554
loc7aaa1b617dfb,Noorat East,Gazetted Locality,VIC,-38.202792,142.976512
locd284d79333e2,Noorinbee,Gazetted Locality,VIC,-37.519771,149.215305
locbbb042fa349e,Noorinbee North,Gazetted Locality,VIC,-37.445596,149.285042
loc1d2ba328c8f5,Noradjuha,Gazetted Locality,VIC,-36.84416,141.911359
loce1597eda1cc3,Norlane,Gazetted Locality,VIC,-38.093721,144.355895
loce35fe4991d94,Normanville,Gazetted Locality,VIC,-35.800014,143.728641
loc9ec592a40664,Norong,Gazetted Locality,VIC,-36.0897,146.358459
locd06d20cbea22,North Bendigo,Gazetted Locality,VIC,-36.7377,144.280487
loc8dceecda058f,North Blackwood,Gazetted Locality,VIC,-37.417378,144.362534
loc91ee39d5afd8,North Geelong,Gazetted Locality,VIC,-38.114259,144.351609
loc1e06c486c813,North Melbourne,Gazetted Locality,VIC,-37.796779,144.943591
loc112bde4669f8,North Shore,Gazetted Locality,VIC,-38.096193,144.373831
loc89fc2edfdfe4,North Wangaratta,Gazetted Locality,VIC,-36.320974,146.330025
locb929ada4170a,North Warrandyte,Gazetted Locality,VIC,-37.726206,145.212732
loc1e33f92d8409,North Wonthaggi,Gazetted Locality,VIC,-38.577681,145.593012
locbb6ca08c118e,Northcote,Gazetted Locality,VIC,-37.772285,145.000916
loc9cee2cb165e4,Northwood,Gazetted Locality,VIC,-36.944066,145.098487
loc5d65bafd7419,Norval,Gazetted Locality,VIC,-37.251232,142.858651
loc90b3cd765444,Notting Hill,Gazetted Locality,VIC,-37.905263,145.141252
locfd9060015ded,Nowa Nowa,Gazetted Locality,VIC,-37.699447,148.008485
loc1e4e3b1b6572,Nowhere Creek,Gazetted Locality,VIC,-37.129158,143.298461
loc962b242ca82b,Nowie,Gazetted Locality,VIC,-35.326297,143.257997
loce58569683787,Nug Nug,Gazetted Locality,VIC,-36.670185,146.726184
loc3a1355c4e9b8,Nuggetty,Gazetted Locality,VIC,-36.955761,144.059609
locf50b97e9f71c,Nulla Vale,Gazetted Locality,VIC,-37.170106,144.757433
loc7617b973ed97,Nullawarre,Gazetted Locality,VIC,-38.48265,142.815742
locf0f13fe614e7,Nullawarre North,Gazetted Locality,VIC,-38.437876,142.795479
loc0213edea47bf,Nullawil,Gazetted Locality,VIC,-35.859037,143.138263
locbd22af960620,Numurkah,Gazetted Locality,VIC,-36.080683,145.442536
loc3c9dab9168cc,Nunawading,Gazetted Locality,VIC,-37.816565,145.176283
locbf64643d143d,Nungurner,Gazetted Locality,VIC,-37.852396,147.89414
loceac12032c4fa,Nunniong,Gazetted Locality,VIC,-37.237631,147.940146
loc7c0fc320896e,Nurcoung,Gazetted Locality,VIC,-36.625963,141.660872
loc0156508b3afe,Nurrabiel,Gazetted Locality,VIC,-36.946172,142.051024
loc93a107eb8d5b,Nurran,Gazetted Locality,VIC,-37.49208,148.552963
loc1bf188ed08e6,Nutfield,Gazetted Locality,VIC,-37.601366,145.185927
loccf24fce6e5d7,Nyah,Gazetted Locality,VIC,-35.152579,143.36445
locca8050878fe7,Nyah West,Gazetted Locality,VIC,-35.178245,143.334616
locbe008b6c8f91,Nyarrin,Gazetted Locality,VIC,-35.38981,142.675184
locb24e658fc192,Nyerimilang,Gazetted Locality,VIC,-37.890101,147.927753
loc7dc969e796f9,Nyora,Gazetted Locality,VIC,-38.306198,145.68212
loce74354093111,Nyrraby,Gazetted Locality,VIC,-35.229206,143.223675
loc51ba976fe589,Oak Park,Gazetted Locality,VIC,-37.718239,144.919896
loccd065e8b9b5f,Oaklands Junction,Gazetted Locality,VIC,-37.578123,144.833744
locfc54031c1c5a,Oakleigh,Gazetted Locality,VIC,-37.899115,145.095008
loc86a790ccadf9,Oakleigh East,Gazetted Locality,VIC,-37.904762,145.11772
loce4c31fa791f4,Oakleigh South,Gazetted Locality,VIC,-37.926839,145.091242
loc5e68bb81d75d,Oakvale,Gazetted Locality,VIC,-35.928979,143.541668
loc808d956bfcb9,Ocean Grange,Gazetted Locality,VIC,-38.00817,147.670626
loc0b665c0fe535,Ocean Grove,Gazetted Locality,VIC,-38.258411,144.530469
loc64c822b0bad5,Officer,Gazetted Locality,VIC,-38.048871,145.411899
loc2b7e9f3441dd,Officer South,Gazetted Locality,VIC,-38.104007,145.424603
locc29ca35c109c,Old Tallangatta,Gazetted Locality,VIC,-36.201207,147.251466
locebfa51cf10a1,Olinda,Gazetted Locality,VIC,-37.854368,145.369476
loc644bdb89d46b,Ombersley,Gazetted Locality,VIC,-38.205911,143.824762
loceb2afe8977e3,Omeo,Gazetted Locality,VIC,-37.104133,147.582247
loc654d8956e5f3,Omeo Valley,Gazetted Locality,VIC,-36.944735,147.614842
locf090555a3c7b,Ondit,Gazetted Locality,VIC,-38.239214,143.62094
loc17fd4ae7853a,Orbost,Gazetted Locality,VIC,-37.654919,148.510081
locce1c402d21ff,Orford,Gazetted Locality,VIC,-38.206382,142.109202
loc0b6e17218dd4,Ormond,Gazetted Locality,VIC,-37.903218,145.04465
loc81fb8801b3c1,Orrvale,Gazetted Locality,VIC,-36.412714,145.44688
locf704f990f060,Osbornes Flat,Gazetted Locality,VIC,-36.318117,146.901485
loc7d26824d03a7,Outtrim,Gazetted Locality,VIC,-38.530685,145.783495
locfe8a70072c86,Ouyen,Gazetted Locality,VIC,-35.045679,142.314362
loc0d64b4ec8653,Ovens,Gazetted Locality,VIC,-36.605069,146.784574
locf3eb6fff8056,Oxley,Gazetted Locality,VIC,-36.448005,146.373248
locdb359fd94a95,Oxley Flats,Gazetted Locality,VIC,-36.397683,146.393351
loc28f91d5d3c03,Ozenkadnook,Gazetted Locality,VIC,-36.83908,141.362236
locfd63fbef3e73,Paaratte,Gazetted Locality,VIC,-38.555328,142.961766
loc9a5824c3b271,Painswick,Gazetted Locality,VIC,-36.802794,143.723235
loc82baa1179308,Pakenham,Gazetted Locality,VIC,-38.070313,145.478294
loc139c325d29ef,Pakenham South,Gazetted Locality,VIC,-38.140852,145.502842
loca12042a36968,Pakenham Upper,Gazetted Locality,VIC,-38.008476,145.509637
loc0f025a8dd088,Panitya,Gazetted Locality,VIC,-35.142716,141.005783
locce68e64caee9,Panmure,Gazetted Locality,VIC,-38.331489,142.735061
loc37739e0e9c20,Panton Hill,Gazetted Locality,VIC,-37.640588,145.247489
loc1d05e32edd0c,Paradise,Gazetted Locality,VIC,-36.831328,143.066284
locc47e5620c157,Paradise Beach,Gazetted Locality,VIC,-38.191959,147.421243
locfbb0f2722fec,Paraparap,Gazetted Locality,VIC,-38.299023,144.183633
loc87a3405b41f2,Park Orchards,Gazetted Locality,VIC,-37.776049,145.211286
loc025dead673cc,Parkdale,Gazetted Locality,VIC,-37.993734,145.080863
loc9e7da77def26,Parkville,Gazetted Locality,VIC,-37.787147,144.949578
loc9f89abda4997,Parwan,Gazetted Locality,VIC,-37.739696,144.46882
locd852a66548a1,Paschendale,Gazetted Locality,VIC,-37.659877,141.610153
loc12c0177d3d38,Pascoe Vale,Gazetted Locality,VIC,-37.724692,144.936077
locbb5f291d781d,Pascoe Vale South,Gazetted Locality,VIC,-37.743153,144.94032
loce8db20c84f9a,Pastoria,Gazetted Locality,VIC,-37.213978,144.58115
locbca7613b84a0,Pastoria East,Gazetted Locality,VIC,-37.178006,144.630773
loc44aee18f259e,Patchewollock,Gazetted Locality,VIC,-35.417461,142.158836
locbe0ebdbfa3f3,Patho,Gazetted Locality,VIC,-36.016415,144.370526
loc28350a6fd21f,Patterson Lakes,Gazetted Locality,VIC,-38.067592,145.146282
locb6fa46cb4355,Patyah,Gazetted Locality,VIC,-36.892122,141.272821
loc5d89a3067958,Paynesville,Gazetted Locality,VIC,-37.905793,147.714093
locb344fc28a060,Pearcedale,Gazetted Locality,VIC,-38.196268,145.249528
loc69354e91c0cc,Pearsondale,Gazetted Locality,VIC,-38.135775,147.028629
loc3d3c12a8d309,Peechelba,Gazetted Locality,VIC,-36.167947,146.180077
locd25529f04104,Peechelba East,Gazetted Locality,VIC,-36.155714,146.259155
locf72e223da25f,Pelluebla,Gazetted Locality,VIC,-36.199316,145.990261
loc7a64f52117c5,Pennyroyal,Gazetted Locality,VIC,-38.435298,143.87274
locb1ee5c92def8,Penshurst,Gazetted Locality,VIC,-37.875915,142.337193
locbab0764027eb,Pental Island,Gazetted Locality,VIC,-35.401327,143.685962
loc72ce64beb561,Pentland Hills,Gazetted Locality,VIC,-37.652779,144.379985
loc0aa9d554aac3,Percydale,Gazetted Locality,VIC,-37.078247,143.384431
loc3d4bdf00589d,Peronne,Gazetted Locality,VIC,-36.653337,141.354225
locb02463a67a91,Perry Bridge,Gazetted Locality,VIC,-37.983072,147.262918
loc8d1eb0e83c7f,Peterborough,Gazetted Locality,VIC,-38.589444,142.892145
loc0bc6248d51a2,Petticoat Creek,Gazetted Locality,VIC,-38.714486,143.733824
locbc10573fc6c2,Pheasant Creek,Gazetted Locality,VIC,-37.469351,145.294145
loc3e4911664c7e,Piangil,Gazetted Locality,VIC,-35.05308,143.217221
loc827ebe05ed25,Picola,Gazetted Locality,VIC,-35.958199,145.125903
loc9ec127e75891,Picola West,Gazetted Locality,VIC,-35.965326,145.051417
loc9b500a37a6a0,Piedmont,Gazetted Locality,VIC,-37.895281,145.938212
loce90b843acccf,Pier Milan,Gazetted Locality,VIC,-35.234944,142.696831
loc27c89fb96dd7,Pigeon Ponds,Gazetted Locality,VIC,-37.279058,141.662495
locde9431642f01,Piggoreet,Gazetted Locality,VIC,-37.723318,143.63674
loca7504eda0861,Pimpinio,Gazetted Locality,VIC,-36.610476,142.077538
locbac72a9b9112,Pine Grove,Gazetted Locality,VIC,-36.21768,144.406693
loc53cae2fa854b,Pine Lodge,Gazetted Locality,VIC,-36.362779,145.54681
loc861861ea2f63,Pine Mountain,Gazetted Locality,VIC,-36.012745,147.831609
locb00e4905e1fa,Pine View,Gazetted Locality,VIC,-35.803762,143.653619
locb8c521a3036a,Pioneer Bay,Gazetted Locality,VIC,-38.38094,145.549184
loc2341bb6ce021,Pipers Creek,Gazetted Locality,VIC,-37.250803,144.545387
loc51294e7717d3,Pira,Gazetted Locality,VIC,-35.250259,143.356161
loc1405f7fa7e41,Piries,Gazetted Locality,VIC,-37.181215,146.134397
loca664e91d2393,Pirron Yallock,Gazetted Locality,VIC,-38.357599,143.426763
locdef1d6c8b509,Pitfield,Gazetted Locality,VIC,-37.828964,143.597298
locfb9b3b79397d,Pittong,Gazetted Locality,VIC,-37.674017,143.472166
loc14b657721382,Plenty,Gazetted Locality,VIC,-37.665446,145.112667
loce2babe59103e,Plumpton,Gazetted Locality,VIC,-37.664939,144.695508
locc5abea08e85d,Point Cook,Gazetted Locality,VIC,-37.905399,144.756871
loc7413fc52f5b9,Point Leo,Gazetted Locality,VIC,-38.415594,145.069418
loc253c87b50989,Point Lonsdale,Gazetted Locality,VIC,-38.266145,144.598205
loc334e0041ab72,Point Wilson,Gazetted Locality,VIC,-38.032963,144.526175
loc62d6f9b57503,Polisbet,Gazetted Locality,VIC,-35.265158,143.153666
loc83b283838c34,Pomborneit,Gazetted Locality,VIC,-38.295496,143.292609
loc646be52ddf75,Pomborneit East,Gazetted Locality,VIC,-38.297203,143.392949
locca081118e8cf,Pomborneit North,Gazetted Locality,VIC,-38.218909,143.329287
loc64412b355fba,Pomonal,Gazetted Locality,VIC,-37.248229,142.591276
loc0346991977a3,Pompapiel,Gazetted Locality,VIC,-36.360816,144.072138
loccac5ebb6c840,Poolaijelo,Gazetted Locality,VIC,-37.18359,141.077964
loc8eb80c3d4e89,Pootilla,Gazetted Locality,VIC,-37.526528,143.958765
loc4e0cff58457d,Poowong,Gazetted Locality,VIC,-38.339858,145.763438
loc20875e292053,Poowong East,Gazetted Locality,VIC,-38.329124,145.841715
loc0141dfbad4c8,Poowong North,Gazetted Locality,VIC,-38.284834,145.785103
locd260d2bcebe9,Porcupine Ridge,Gazetted Locality,VIC,-37.277461,144.196801
loc102499fd8e56,Porepunkah,Gazetted Locality,VIC,-36.679914,146.923551
loc8b9f0793f5ab,Port Albert,Gazetted Locality,VIC,-38.691789,146.670585
loc4eb3fb54fa57,Port Campbell,Gazetted Locality,VIC,-38.612684,143.01667
loce829f646f7ca,Port Fairy,Gazetted Locality,VIC,-38.322836,142.169682
loc68e564ef349b,Port Franklin,Gazetted Locality,VIC,-38.687013,146.267425
loc9a48431374e1,Port Melbourne,Gazetted Locality,VIC,-37.834353,144.923329
locf93c4545cace,Port Welshpool,Gazetted Locality,VIC,-38.689861,146.477067
loc956fa85c7b0c,Portarlington,Gazetted Locality,VIC,-38.140536,144.670194
locd665688d0e4d,Portland,Gazetted Locality,VIC,-38.363344,141.606106
loc3dd402b6945d,Portland North,Gazetted Locality,VIC,-38.299333,141.559886
loc410264755cec,Portland West,Gazetted Locality,VIC,-38.375461,141.538321
loc67d2e4d427ab,Portsea,Gazetted Locality,VIC,-38.323767,144.709662
loc69addafe32f8,Pound Creek,Gazetted Locality,VIC,-38.619058,145.852157
loc9480294a32a7,Powelltown,Gazetted Locality,VIC,-37.859384,145.77301
loc25d0560189ac,Powers Creek,Gazetted Locality,VIC,-37.220749,141.243939
loc985d41c71df1,Powlett Plains,Gazetted Locality,VIC,-36.470726,143.857072
loc250adfcbc82d,Prahran,Gazetted Locality,VIC,-37.852889,145.006124
locc31c8ee3782e,Prairie,Gazetted Locality,VIC,-36.29475,144.212514
loc38939a80b87e,Pranjip,Gazetted Locality,VIC,-36.735519,145.383968
loc2c4c767ea9b7,Preston,Gazetted Locality,VIC,-37.74163,145.006917
locf328dcebf414,Princes Hill,Gazetted Locality,VIC,-37.781907,144.966697
locc347a4db1b2a,Princetown,Gazetted Locality,VIC,-38.653411,143.168854
loca70615658d27,Puckapunyal,Gazetted Locality,VIC,-36.931102,144.937658
loc4256d0c25a49,Pura Pura,Gazetted Locality,VIC,-37.828045,143.073778
locc6f5e185fc49,Purdeet,Gazetted Locality,VIC,-37.928874,142.39306
loc7ee5f9ab0c5b,Purnim,Gazetted Locality,VIC,-38.274336,142.612724
loc21cff089d9de,Purnim West,Gazetted Locality,VIC,-38.291431,142.553746
locb974a4519d5e,Pyalong,Gazetted Locality,VIC,-37.110445,144.850632
loc474d5ff63731,Pyramid Hill,Gazetted Locality,VIC,-36.039519,144.17588
loc70a31d7a71da,Quambatook,Gazetted Locality,VIC,-35.856802,143.537745
loc1a1d44d067f2,Quandong,Gazetted Locality,VIC,-37.835797,144.508322
locd9d505133150,Quantong,Gazetted Locality,VIC,-36.751615,142.046034
locbd15dbd99fc7,Quarry Hill,Gazetted Locality,VIC,-36.775468,144.280413
loc963d16d68c60,Queenscliff,Gazetted Locality,VIC,-38.266235,144.663425
loc4e58e485c160,Queensferry,Gazetted Locality,VIC,-38.41957,145.500875
loccd2b662ef2f4,Raglan,Gazetted Locality,VIC,-37.341491,143.306964
locfa54d96aed22,Rainbow,Gazetted Locality,VIC,-35.908488,141.958237
loc95cab71f5486,Ranceby,Gazetted Locality,VIC,-38.373235,145.849392
loc75fe5cfcd9f5,Rathscar,Gazetted Locality,VIC,-36.973964,143.544728
loc110714c91705,Rathscar West,Gazetted Locality,VIC,-37.011362,143.4912
loc05e50c5030cd,Ravenhall,Gazetted Locality,VIC,-37.772447,144.737666
loc5f898c91f906,Ravenswood,Gazetted Locality,VIC,-36.889023,144.210697
locb87e603e1ad4,Ravenswood South,Gazetted Locality,VIC,-36.945842,144.213836
loc2380ff7cd423,Rawson,Gazetted Locality,VIC,-37.961663,146.405716
locb64b8cf5ed20,Raymond Island,Gazetted Locality,VIC,-37.921356,147.749815
locade1b6546b69,Raywood,Gazetted Locality,VIC,-36.514978,144.183212
loc7940cee91449,Red Cliffs,Gazetted Locality,VIC,-34.339079,142.218122
loc3fe991822440,Red Hill,Gazetted Locality,VIC,-38.361872,145.013262
loc049b23459881,Red Hill South,Gazetted Locality,VIC,-38.384125,145.041864
loccd557e0eae6a,Red Lion,Gazetted Locality,VIC,-37.165761,143.768696
locf1acbec8baed,Redan,Gazetted Locality,VIC,-37.576692,143.838001
loc8debc349081b,Redbank,Gazetted Locality,VIC,-36.905663,143.300105
loc622403923b50,Redcastle,Gazetted Locality,VIC,-36.752678,144.781896
loc3267756bcd76,Redesdale,Gazetted Locality,VIC,-37.001925,144.472356
loc6d225717b521,Reedy Creek,Gazetted Locality,VIC,-37.24028,145.149599
loce820d6592ce7,Reedy Dam,Gazetted Locality,VIC,-35.944651,142.649907
loc5de366e45623,Reedy Flat,Gazetted Locality,VIC,-37.406378,147.927856
loc8364b6f15ca0,Reedy Lake,Gazetted Locality,VIC,-35.667155,143.88753
locb448f9d2e41b,Reefton,Gazetted Locality,VIC,-37.668358,145.901436
locf678eadaf2e3,Research,Gazetted Locality,VIC,-37.705567,145.190493
loc656f84726510,Reservoir,Gazetted Locality,VIC,-37.712328,145.002322
loc1bd709abefa0,Reynard,Gazetted Locality,VIC,-37.374627,146.633317
loc14c9db2dbbb5,Rheola,Gazetted Locality,VIC,-36.649091,143.691262
loc9525dc779efd,Rhyll,Gazetted Locality,VIC,-38.480059,145.274407
locecad945e7138,Rhymney,Gazetted Locality,VIC,-37.217523,142.77932
loc7f7d93e166f6,Riachella,Gazetted Locality,VIC,-36.832126,142.713121
loc1214f0e36dd0,Rich Avon,Gazetted Locality,VIC,-36.445674,142.90995
locc54326094419,Rich Avon East,Gazetted Locality,VIC,-36.513157,142.893773
loc27f6a70557a1,Rich Avon West,Gazetted Locality,VIC,-36.504652,142.799717
loce48c38ae2d6a,Richmond,Gazetted Locality,VIC,-37.822107,145.002544
loc249d952e7a1d,Richmond Plains,Gazetted Locality,VIC,-36.394902,143.482172
loc2508c9e5a93c,Riddells Creek,Gazetted Locality,VIC,-37.4473,144.679191
locf6551c962b40,Riggs Creek,Gazetted Locality,VIC,-36.66259,145.589231
loc72d1f0339be6,Ringwood,Gazetted Locality,VIC,-37.810089,145.228149
loc46f8f01fbac9,Ringwood East,Gazetted Locality,VIC,-37.8123,145.248582
locde7f91aff148,Ringwood North,Gazetted Locality,VIC,-37.792116,145.233512
loc5746dd073881,Ripplebrook,Gazetted Locality,VIC,-38.199838,145.765659
locf8d9e1a3bf19,Rippleside,Gazetted Locality,VIC,-38.123752,144.35532
loc6c390adc806d,Ripponlea,Gazetted Locality,VIC,-37.878048,144.995586
loc57dda2f7d49e,Riverside,Gazetted Locality,VIC,-36.716283,142.245353
locaa8c6d79355f,Riverslea,Gazetted Locality,VIC,-38.006701,146.950646
locefb75d203c23,Robertsons Beach,Gazetted Locality,VIC,-38.677251,146.740805
loc5836de01c0a7,Robinvale,Gazetted Locality,VIC,-34.614169,142.752344
locf0a2908d4ba6,Rochester,Gazetted Locality,VIC,-36.365283,144.694646
locefdfb6c544cc,Rochford,Gazetted Locality,VIC,-37.312484,144.666818
loccb6b422ce2ea,Rockbank,Gazetted Locality,VIC,-37.729755,144.648316
loc03a57edca7a2,Rocklands,Gazetted Locality,VIC,-37.256946,142.026082
locaf938033cc44,Rocklyn,Gazetted Locality,VIC,-37.438584,144.06683
loc603df58cafb2,Rocky Point,Gazetted Locality,VIC,-37.337234,142.850764
loc167ec6f357ad,Rokeby,Gazetted Locality,VIC,-38.066789,145.928441
loc242cedc10c00,Rokewood,Gazetted Locality,VIC,-37.926411,143.742588
loc55df2bbde6c8,Rokewood Junction,Gazetted Locality,VIC,-37.850986,143.684942
loc1fbfb471eb7c,Romsey,Gazetted Locality,VIC,-37.355135,144.725891
loc89825e26f3b9,Rosanna,Gazetted Locality,VIC,-37.739783,145.069886
loc0eb66be50e45,Rose River,Gazetted Locality,VIC,-36.918177,146.571825
loc27f17301d012,Rosebery,Gazetted Locality,VIC,-35.829414,142.421564
loccc42e4c6be81,Rosebrook,Gazetted Locality,VIC,-38.345306,142.26965
locc81a6ec90a1b,Rosebud,Gazetted Locality,VIC,-38.371141,144.915849
loccc5be4c3f4e2,Rosedale,Gazetted Locality,VIC,-38.184214,146.826777
loc446c6e97b534,Roses Gap,Gazetted Locality,VIC,-36.976039,142.456208
loc714f6f789b8c,Rosewhite,Gazetted Locality,VIC,-36.576816,146.884502
loc1e1a054408cd,Roslynmead,Gazetted Locality,VIC,-36.136994,144.525711
locf58c627a550b,Ross Creek,Gazetted Locality,VIC,-37.647962,143.760564
loc624d0d0c0a70,Rossbridge,Gazetted Locality,VIC,-37.524974,142.860268
loc50eafec77b4c,Rostron,Gazetted Locality,VIC,-36.765696,143.170908
loc5524fe9b9f36,Rowsley,Gazetted Locality,VIC,-37.717469,144.368076
locfd8472c41cbe,Rowville,Gazetted Locality,VIC,-37.926332,145.236266
loc3754c5fc3408,Roxburgh Park,Gazetted Locality,VIC,-37.625738,144.926483
loc3e80e2045d9c,Rubicon,Gazetted Locality,VIC,-37.385707,145.846909
loc026e47177cdd,Ruby,Gazetted Locality,VIC,-38.436644,145.920681
locef5f8fe68ac2,Ruffy,Gazetted Locality,VIC,-36.946008,145.497334
locc474326381e9,Running Creek,Gazetted Locality,VIC,-36.550806,147.053364
loc1c4cc6b64b03,Runnymede,Gazetted Locality,VIC,-36.547007,144.67124
loc240944a9fd41,Rupanyup,Gazetted Locality,VIC,-36.641849,142.685477
loca21ced7ea79c,Rushworth,Gazetted Locality,VIC,-36.58648,145.003941
loc7f2f0af4fcf0,Russells Bridge,Gazetted Locality,VIC,-38.007364,144.18257
loc6d3b4562e728,Rutherglen,Gazetted Locality,VIC,-36.063942,146.488577
loc63ef7c66c9c1,Ryans,Gazetted Locality,VIC,-37.552018,147.470181
locd0498f1fb276,Ryanston,Gazetted Locality,VIC,-38.50853,145.587366
loc9f3cac243db7,Rye,Gazetted Locality,VIC,-38.386963,144.811889
locf12d110b23cb,Rythdale,Gazetted Locality,VIC,-38.140852,145.461878
loc91cd8110d36c,Safety Beach,Gazetted Locality,VIC,-38.316089,145.001025
loc00e6e39d335b,Sailors Falls,Gazetted Locality,VIC,-37.392446,144.114733
loc098913697649,Sailors Gully,Gazetted Locality,VIC,-36.706127,144.232837
loc39bb55e0ae43,Sailors Hill,Gazetted Locality,VIC,-37.359267,144.125501
locc586266ef8cc,Sale,Gazetted Locality,VIC,-38.106062,147.081299
loc8befb396f9eb,Salisbury West,Gazetted Locality,VIC,-36.517826,143.939046
loccf0914ee3c08,Samaria,Gazetted Locality,VIC,-36.809204,146.074842
loc32763df5168c,San Remo,Gazetted Locality,VIC,-38.529265,145.408179
loc54b7476da830,Sandford,Gazetted Locality,VIC,-37.647875,141.463771
loc2bd2e2248a86,Sandhill Lake,Gazetted Locality,VIC,-35.73924,143.692691
locbb2eb3c34acf,Sandhurst,Gazetted Locality,VIC,-38.081259,145.210823
locda794d6d2295,Sandon,Gazetted Locality,VIC,-37.168122,144.038516
loc6f887e0e8e31,Sandringham,Gazetted Locality,VIC,-37.952501,145.01215
loc679429866800,Sandy Creek,Gazetted Locality,VIC,-36.360641,147.124964
loceae1d8365892,Sandy Point,Gazetted Locality,VIC,-38.818754,146.121357
loc2b2acbc81138,Sargood,Gazetted Locality,VIC,-37.588969,146.741691
loc93b0a308d74c,Sarsfield,Gazetted Locality,VIC,-37.755434,147.744022
locb65b06909766,Sassafras,Gazetted Locality,VIC,-37.864223,145.352853
loc9772147aba31,Sawmill Settlement,Gazetted Locality,VIC,-37.121065,146.367401
loc171a7a5b4661,Scarsdale,Gazetted Locality,VIC,-37.678192,143.662057
loc982a183f8eaa,Scoresby,Gazetted Locality,VIC,-37.905354,145.220966
loc930abd97fea8,Scotchmans Lead,Gazetted Locality,VIC,-37.66678,143.848179
locc1d3550695e9,Scotsburn,Gazetted Locality,VIC,-37.686054,143.932637
loccab1af72840b,Scotts Creek,Gazetted Locality,VIC,-38.456626,143.075647
loc91ab470f6b62,Sea Lake,Gazetted Locality,VIC,-35.484064,142.895559
locfbb2aa2cb994,Seabrook,Gazetted Locality,VIC,-37.88081,144.758221
loc276a2eb40904,Seacombe,Gazetted Locality,VIC,-38.128327,147.42302
locccf64b3f1134,Seaford,Gazetted Locality,VIC,-38.10623,145.14238
locf8551c74eecf,Seaholme,Gazetted Locality,VIC,-37.864605,144.844633
loc3b3d9365e89e,Seaspray,Gazetted Locality,VIC,-38.332207,147.161387
loc0e49993c4060,Seaton,Gazetted Locality,VIC,-37.942024,146.684531
loc7647cce9d4c5,Seaview,Gazetted Locality,VIC,-38.28458,145.957467
loc7c740d25f72b,Sebastian,Gazetted Locality,VIC,-36.592368,144.20409
locb948618ae376,Sebastopol,Gazetted Locality,VIC,-37.602101,143.836344
loce01794437106,Seddon,Gazetted Locality,VIC,-37.80668,144.891977
loc8dd564c07654,Sedgwick,Gazetted Locality,VIC,-36.895246,144.318304
loc2d7496657dea,Selby,Gazetted Locality,VIC,-37.917654,145.380622
locf31704b08db7,Selwyn,Gazetted Locality,VIC,-37.064214,147.00199
loc244a8ca56662,Separation Creek,Gazetted Locality,VIC,-38.59905,143.893844
locfacbd57c724a,Serpentine,Gazetted Locality,VIC,-36.438269,143.997512
loc616bd397f2f4,Serviceton,Gazetted Locality,VIC,-36.390526,141.023184
loc7769aef63ae9,Seville,Gazetted Locality,VIC,-37.798037,145.487642
loca59e61494f96,Seville East,Gazetted Locality,VIC,-37.782557,145.498842
loc79458be072ab,Seymour,Gazetted Locality,VIC,-37.031095,145.160108
locb66e684d7ddf,Shady Creek,Gazetted Locality,VIC,-38.102123,146.073722
loc776fb35064fc,Shannonvale,Gazetted Locality,VIC,-36.931993,147.422754
loc9c418920c62e,Shays Flat,Gazetted Locality,VIC,-37.06478,143.079351
loc5ef80fdea9a1,She Oaks,Gazetted Locality,VIC,-37.896059,144.147525
locf3a32f2950bf,Sheans Creek,Gazetted Locality,VIC,-36.77376,145.653172
loc38f1e91f4801,Sheep Hills,Gazetted Locality,VIC,-36.354934,142.551593
loc202ce2987f6d,Shelbourne,Gazetted Locality,VIC,-36.838068,144.060517
loc48416d8d3423,Shelford,Gazetted Locality,VIC,-37.961401,143.91725
locf01b400a3569,Shelley,Gazetted Locality,VIC,-36.199782,147.548343
locca9f8b1cf0b0,Shepherds Flat,Gazetted Locality,VIC,-37.273941,144.101906
loc1b289d3ff2fc,Shepparton,Gazetted Locality,VIC,-36.374132,145.40325
locfa061fb813bf,Shepparton East,Gazetted Locality,VIC,-36.403703,145.496773
loc9b3965d0a929,Shepparton North,Gazetted Locality,VIC,-36.321959,145.388677
locd1448b370cfe,Sherbrooke,Gazetted Locality,VIC,-37.890217,145.359445
loc0a12a9e2e03f,Shoreham,Gazetted Locality,VIC,-38.427006,145.037174
loccc96b1b51a89,Sidonia,Gazetted Locality,VIC,-37.16319,144.559795
loc709dcb832d80,Silvan,Gazetted Locality,VIC,-37.831987,145.44133
loc9ca199182545,Silverleaves,Gazetted Locality,VIC,-38.453315,145.273156
loc1f3e21caaeb9,Simpson,Gazetted Locality,VIC,-38.510391,143.257606
locd45d52812a56,Simpsons Creek,Gazetted Locality,VIC,-37.761835,148.365937
locfad739ef37fb,Simson,Gazetted Locality,VIC,-36.994507,143.774503
loce1bca2a4ef7e,Skenes Creek,Gazetted Locality,VIC,-38.712922,143.70962
loc9c545185aa4c,Skenes Creek North,Gazetted Locality,VIC,-38.692019,143.715767
loc61531be03e87,Skibo,Gazetted Locality,VIC,-38.20571,143.127964
loc1a432b128c5c,Skinners Flat,Gazetted Locality,VIC,-36.352649,143.586324
locafb7b6ad9b7a,Skipton,Gazetted Locality,VIC,-37.690871,143.331296
loc3ccb852d09c7,Skye,Gazetted Locality,VIC,-38.104728,145.215236
loc1d12a73e5ba2,Slaty Creek,Gazetted Locality,VIC,-36.53624,143.29304
loc4818d6d686b4,Smeaton,Gazetted Locality,VIC,-37.306218,143.963376
loc56c5896345b2,Smiths Beach,Gazetted Locality,VIC,-38.502862,145.255999
locfb0d5b58d88d,Smiths Gully,Gazetted Locality,VIC,-37.628728,145.289644
locf036cd2bab96,Smokeytown,Gazetted Locality,VIC,-37.398723,143.919553
loc932a1d24c387,Smoko,Gazetted Locality,VIC,-36.822432,147.066105
loc4a26362045e1,Smythes Creek,Gazetted Locality,VIC,-37.603833,143.767057
loce65a44b81cd8,Smythesdale,Gazetted Locality,VIC,-37.645561,143.66898
loc2609e04c95d5,Snake Island,Gazetted Locality,VIC,-38.747503,146.551368
loc61a03af6b9e5,Snake Valley,Gazetted Locality,VIC,-37.612476,143.575702
locc098f71b2faf,Soldiers Hill,Gazetted Locality,VIC,-37.551137,143.859314
loc3bbceeb99746,Somers,Gazetted Locality,VIC,-38.380573,145.155393
loc6755f6d71124,Somerton,Gazetted Locality,VIC,-37.633718,144.94754
locd1d128ec42fa,Somerville,Gazetted Locality,VIC,-38.23,145.20385
loc3b6fd5dcd874,Sorrento,Gazetted Locality,VIC,-38.343695,144.739378
loc6f86b30b85f7,South Dudley,Gazetted Locality,VIC,-38.594662,145.574715
locabef03e2a2a0,South Geelong,Gazetted Locality,VIC,-38.167922,144.365161
loc88ebb657408f,South Kingsville,Gazetted Locality,VIC,-37.829509,144.870559
locf51f6cd689bb,South Melbourne,Gazetted Locality,VIC,-37.833993,144.960657
loc22c42e389de3,South Morang,Gazetted Locality,VIC,-37.637644,145.086008
loc62dc63d67e3e,South Purrumbete,Gazetted Locality,VIC,-38.348042,143.205564
locb87676ac9be6,South Wharf,Gazetted Locality,VIC,-37.825333,144.952401
locc2ea2de6af6c,South Yarra,Gazetted Locality,VIC,-37.837998,144.991466
loc31f384e524fe,Southbank,Gazetted Locality,VIC,-37.825402,144.963575
loc9472f04b1b97,Southern Cross,Gazetted Locality,VIC,-38.288973,142.403742
locefa5044bd133,Spargo Creek,Gazetted Locality,VIC,-37.489705,144.145571
locac35dbe8fc2a,Speed,Gazetted Locality,VIC,-35.405114,142.424266
loce07c10c41329,Speewa,Gazetted Locality,VIC,-35.221155,143.516192
loc7ee7acc30be1,Spotswood,Gazetted Locality,VIC,-37.829323,144.886433
locc9201bcd8c48,Spring Gully,Gazetted Locality,VIC,-36.799248,144.288751
locaa6592c1d4fc,Spring Hill,Gazetted Locality,VIC,-37.297552,144.348602
loc643e0d8ec854,Springbank,Gazetted Locality,VIC,-37.51973,144.059965
locd31bcf6ae26a,Springdallah,Gazetted Locality,VIC,-37.748653,143.623712
loceec6ae91e339,Springfield,Gazetted Locality,VIC,-37.329883,144.825599
loccf31877509f3,Springfield,Gazetted Locality,VIC,-35.573315,143.115706
locb08e3d2d7e4c,Springhurst,Gazetted Locality,VIC,-36.210478,146.478188
loc05cf327a6b0e,Springmount,Gazetted Locality,VIC,-37.413335,143.933873
loc1d6e4fac2710,Springvale,Gazetted Locality,VIC,-37.943963,145.163276
loc3b583afba248,Springvale South,Gazetted Locality,VIC,-37.97182,145.148622
loc34a55c4d0462,St Albans,Gazetted Locality,VIC,-37.747948,144.811612
locb86ef7760cec,St Albans Park,Gazetted Locality,VIC,-38.197503,144.391304
loc574a25331b2f,St Andrews,Gazetted Locality,VIC,-37.579412,145.285841
loc125bace0de7f,St Andrews Beach,Gazetted Locality,VIC,-38.419294,144.831624
loc1ca1172ac69f,St Arnaud,Gazetted Locality,VIC,-36.623616,143.23614
loc70b8d156e417,St Arnaud East,Gazetted Locality,VIC,-36.629841,143.320828
loca3d913873678,St Arnaud North,Gazetted Locality,VIC,-36.592422,143.166058
loc9b22ab8c108e,St Clair,Gazetted Locality,VIC,-38.584052,145.651118
loc82590b303d0c,St Germains,Gazetted Locality,VIC,-36.203475,145.151547
loc407183a9488a,St Helena,Gazetted Locality,VIC,-37.689933,145.123154
loc887ba7f62a74,St Helens,Gazetted Locality,VIC,-38.249514,142.054778
locc101d399fec0,St Helens Plains,Gazetted Locality,VIC,-36.775155,142.428129
loc6564e19d3e03,St James,Gazetted Locality,VIC,-36.257423,145.879193
locfe955a87410d,St Kilda,Gazetted Locality,VIC,-37.864219,144.981215
loc695c9ddc8068,St Kilda East,Gazetted Locality,VIC,-37.868003,145.004418
locac6f70db6abd,St Kilda West,Gazetted Locality,VIC,-37.858479,144.971625
loc2c9ce0acd6de,St Leonards,Gazetted Locality,VIC,-38.18139,144.679778
loc84c3a2eefdee,Staceys Bridge,Gazetted Locality,VIC,-38.55694,146.516464
loc4b2a3968f0df,Staffordshire Reef,Gazetted Locality,VIC,-37.734385,143.683814
loc076ac89bbcfd,Staghorn Flat,Gazetted Locality,VIC,-36.239846,146.93018
loc78627358df5f,Stanhope,Gazetted Locality,VIC,-36.462583,144.981953
loc84eec26e56d3,Stanhope South,Gazetted Locality,VIC,-36.491685,145.041052
loc68ee16baa298,Stanley,Gazetted Locality,VIC,-36.387821,146.77583
locb98c41b63dea,Staughton Vale,Gazetted Locality,VIC,-37.847052,144.257704
loc3ad9c2cc4eed,Stavely,Gazetted Locality,VIC,-37.604141,142.624933
loc4e6d9830aae4,Stawell,Gazetted Locality,VIC,-37.044724,142.769671
loc628752a263dc,Steels Creek,Gazetted Locality,VIC,-37.580946,145.381793
loc96f4f39ec0c2,Steiglitz,Gazetted Locality,VIC,-37.867166,144.186812
locf56a10497654,Stewarton,Gazetted Locality,VIC,-36.415332,145.813137
loc90c95b57d1c7,Stirling,Gazetted Locality,VIC,-37.453029,147.709266
loc26638b2030bc,Stockdale,Gazetted Locality,VIC,-37.824543,147.197574
loc49e0e701b462,Stockyard Hill,Gazetted Locality,VIC,-37.545283,143.288092
loc7b73d1e44db8,Stonehaven,Gazetted Locality,VIC,-38.123102,144.225112
loc4065cba3cd86,Stoneleigh,Gazetted Locality,VIC,-37.583565,143.230655
locc05e367b560c,Stony Creek,Gazetted Locality,VIC,-37.225188,143.685423
loccb350279da3d,Stony Creek,Gazetted Locality,VIC,-38.593339,146.079581
locc6dd87f45132,Stonyford,Gazetted Locality,VIC,-38.331404,143.308293
loc1e2a6f665e17,Stradbroke,Gazetted Locality,VIC,-38.277914,147.038499
loc4b54e0a553fa,Strangways,Gazetted Locality,VIC,-37.143913,144.091288
locc273bc1f8464,Straten,Gazetted Locality,VIC,-35.373526,142.574456
loce760613559f5,Stratford,Gazetted Locality,VIC,-37.946258,147.114625
locf072390a4529,Strath Creek,Gazetted Locality,VIC,-37.246634,145.230617
loc4c674194c354,Strathallan,Gazetted Locality,VIC,-36.259974,144.770954
loc497498bf1cc1,Strathbogie,Gazetted Locality,VIC,-36.877217,145.766504
loc4fbe8e7f70da,Strathdale,Gazetted Locality,VIC,-36.768181,144.31868
locee2358671490,Strathdownie,Gazetted Locality,VIC,-37.738413,141.117762
loc1c1d725fe71e,Strathewen,Gazetted Locality,VIC,-37.540218,145.274013
loc13ed320cd188,Strathfieldsaye,Gazetted Locality,VIC,-36.805483,144.363064
locf07cdad512c3,Strathkellar,Gazetted Locality,VIC,-37.702558,142.116961
loc24d557922507,Strathlea,Gazetted Locality,VIC,-37.148909,143.972922
loce0b9b108d16c,Strathmerton,Gazetted Locality,VIC,-35.904632,145.448655
loc731aac9d3e93,Strathmore,Gazetted Locality,VIC,-37.729901,144.920576
loc9721f9d95eee,Strathmore Heights,Gazetted Locality,VIC,-37.714214,144.899568
loc504fa57cb876,Strathtulloh,Gazetted Locality,VIC,-37.732494,144.596911
locac6802581362,Streatham,Gazetted Locality,VIC,-37.638244,143.090605
loca172080d97ae,Strzelecki,Gazetted Locality,VIC,-38.343082,145.898708
loc9f0d65ead68c,Stuart Mill,Gazetted Locality,VIC,-36.794587,143.282734
loc3c784a9e7976,Sugarloaf,Gazetted Locality,VIC,-38.691008,143.796535
loc8d6ecd89ab09,Sugarloaf Creek,Gazetted Locality,VIC,-37.125612,145.025025
loc45da03d937dd,Suggan Buggan,Gazetted Locality,VIC,-36.916547,148.336878
loceded6e0341b3,Sulky,Gazetted Locality,VIC,-37.458721,143.863837
loc1134c6b93255,Summerlands,Gazetted Locality,VIC,-38.507388,145.14521
loc00f0949ea0ad,Sunbury,Gazetted Locality,VIC,-37.553378,144.713538
loc274a11984c33,Sunday Creek,Gazetted Locality,VIC,-37.254368,145.047391
loc1eda86883ae9,Sunderland Bay,Gazetted Locality,VIC,-38.503144,145.272967
loc1fc92c0da5b7,Sunset Strip,Gazetted Locality,VIC,-38.495156,145.266063
loc61addd636cfb,Sunshine,Gazetted Locality,VIC,-37.789704,144.835785
loc37017194a2d7,Sunshine North,Gazetted Locality,VIC,-37.762594,144.836965
loc46443686a430,Sunshine West,Gazetted Locality,VIC,-37.799243,144.805958
locbdef0302d160,Surf Beach,Gazetted Locality,VIC,-38.507817,145.290083
loc4add9dd25668,Surrey Hills,Gazetted Locality,VIC,-37.825272,145.100302
loc898cebd58b27,Sutherland,Gazetted Locality,VIC,-36.536067,143.195407
loc5d5e436b32ec,Sutherlands Creek,Gazetted Locality,VIC,-38.012762,144.218112
loc06d8c087370b,Sutton,Gazetted Locality,VIC,-35.722774,142.973586
loc1ef6cd987380,Sutton Grange,Gazetted Locality,VIC,-36.987321,144.370451
locdbb9e644cdbc,Swan Bay,Gazetted Locality,VIC,-38.233944,144.667596
locedacea740a10,Swan Hill,Gazetted Locality,VIC,-35.362103,143.512721
loc8710c53a552c,Swan Hill West,Gazetted Locality,VIC,-35.368747,143.398048
loc80cb8fb990a3,Swan Island,Gazetted Locality,VIC,-38.249588,144.680228
loc94db18332b02,Swan Marsh,Gazetted Locality,VIC,-38.373727,143.354157
loc186a20adcf17,Swan Reach,Gazetted Locality,VIC,-37.81523,147.876553
locede7f63fcf49,Swanpool,Gazetted Locality,VIC,-36.727141,145.99129
loc7f07093250fd,Swanwater,Gazetted Locality,VIC,-36.536843,143.104999
loc8f8289189932,Swanwater West,Gazetted Locality,VIC,-36.519454,143.016403
loc78d50d88ce2d,Swifts Creek,Gazetted Locality,VIC,-37.249423,147.759238
loc4b34c45998d4,Sydenham,Gazetted Locality,VIC,-37.696069,144.763036
locf7a35a7782ab,Sylvaterre,Gazetted Locality,VIC,-36.075687,144.232457
locad67800f600e,Tabberabbera,Gazetted Locality,VIC,-37.558055,147.375441
loc3532f7182cf4,Tabilk,Gazetted Locality,VIC,-36.855193,145.178784
locd11391133304,Tabor,Gazetted Locality,VIC,-37.830804,142.189843
loc9730683f20a2,Taggerty,Gazetted Locality,VIC,-37.349806,145.725988
loc310f52d7bc1b,Tahara,Gazetted Locality,VIC,-37.74305,141.734773
loc92c02e6239c4,Tahara Bridge,Gazetted Locality,VIC,-37.682128,141.656521
loc35eee235f791,Tahara West,Gazetted Locality,VIC,-37.732509,141.626653
loc2e8632815597,Talbot,Gazetted Locality,VIC,-37.180723,143.694759
loca35939162749,Talgarno,Gazetted Locality,VIC,-36.064939,147.159447
loc39a81501f6a9,Tallandoon,Gazetted Locality,VIC,-36.411714,147.231904
loc611e5c6e9f93,Tallangatta,Gazetted Locality,VIC,-36.235377,147.182794
locd80b9ab8e1f0,Tallangatta East,Gazetted Locality,VIC,-36.213325,147.275816
loc6f0dc4a4e6a0,Tallangatta South,Gazetted Locality,VIC,-36.333761,147.275886
loc8e2fcc3d7f1c,Tallangatta Valley,Gazetted Locality,VIC,-36.325185,147.432956
loc28af1e0afcb0,Tallarook,Gazetted Locality,VIC,-37.129947,145.122525
locc884f66b9560,Tallygaroopna,Gazetted Locality,VIC,-36.240705,145.44076
loca9d9fb9d90f9,Tambo Crossing,Gazetted Locality,VIC,-37.497935,147.835793
loc18fbc6e8b6c9,Tambo Upper,Gazetted Locality,VIC,-37.762797,147.879131
loc0297eb9fdb05,Tamboon,Gazetted Locality,VIC,-37.680191,149.187057
loc7d88b94c780c,Tamboritha,Gazetted Locality,VIC,-37.43545,146.690926
locf511f8440b74,Taminick,Gazetted Locality,VIC,-36.395115,146.182207
loc85777ed7d4a8,Tamleugh,Gazetted Locality,VIC,-36.587869,145.578925
loca0749b91bc21,Tamleugh North,Gazetted Locality,VIC,-36.531312,145.583521
loc14cde479f31e,Tandarook,Gazetted Locality,VIC,-38.31704,143.184903
loc1b2d6ebece63,Tandarra,Gazetted Locality,VIC,-36.439029,144.206566
loc90c60f5d2011,Tangambalanga,Gazetted Locality,VIC,-36.241653,147.040197
loc4b53ae72109c,Tanjil,Gazetted Locality,VIC,-37.94325,146.218097
loc47bee1afee13,Tanjil Bren,Gazetted Locality,VIC,-37.851817,146.148028
loc9a17abcd62bb,Tanjil South,Gazetted Locality,VIC,-38.099871,146.265502
loc46ac814b3122,Tantaraboo,Gazetted Locality,VIC,-37.240395,144.824721
loc0f1dbfc07b88,Tanwood,Gazetted Locality,VIC,-37.009345,143.387118
locb4edf1d963ad,Tanybryn,Gazetted Locality,VIC,-38.656683,143.718171
loc492d81583a5a,Taradale,Gazetted Locality,VIC,-37.140783,144.344441
loc987a51ef1b8e,Tarcombe,Gazetted Locality,VIC,-36.965741,145.317816
loc108a649ba4ae,Tarilta,Gazetted Locality,VIC,-37.178081,144.190483
loc6819fbf32cef,Tarnagulla,Gazetted Locality,VIC,-36.775351,143.830601
loc819a06b032e3,Tarneit,Gazetted Locality,VIC,-37.836325,144.659515
loca8a725aac99c,Tarnook,Gazetted Locality,VIC,-36.535578,145.861411
locf185862fdace,Taroon,Gazetted Locality,VIC,-38.331547,142.868967
loc1483464fe7a4,Tarra Valley,Gazetted Locality,VIC,-38.469608,146.550456
locf21663386d1e,Tarranyurk,Gazetted Locality,VIC,-36.223435,142.098346
loc592fc18044bc,Tarraville,Gazetted Locality,VIC,-38.625937,146.749128
loce718575b31cf,Tarrawarra,Gazetted Locality,VIC,-37.656531,145.442639
loc25273574cf84,Tarrawingee,Gazetted Locality,VIC,-36.386162,146.461106
locc12d00a14d83,Tarrayoukyan,Gazetted Locality,VIC,-37.304635,141.556886
locca627b6056a1,Tarrengower,Gazetted Locality,VIC,-37.005414,144.015109
loc492e00cb5d44,Tarrenlea,Gazetted Locality,VIC,-37.677034,141.737226
loca6b49df57905,Tarrington,Gazetted Locality,VIC,-37.766967,142.121903
loce9332a0b2116,Tarrone,Gazetted Locality,VIC,-38.227139,142.194862
loc46e9bd60371b,Tarwin,Gazetted Locality,VIC,-38.598919,145.953636
locc14e6fa711f7,Tarwin Lower,Gazetted Locality,VIC,-38.773569,145.916791
locffba4992fc2a,Tatong,Gazetted Locality,VIC,-36.763943,146.161954
locf054a9836e56,Tatura,Gazetted Locality,VIC,-36.447466,145.222797
loce044fe644655,Tatura East,Gazetted Locality,VIC,-36.447478,145.295552
loc2d49de87a98d,Tatyoon,Gazetted Locality,VIC,-37.500803,142.993955
loc71cd3ca85009,Tawonga,Gazetted Locality,VIC,-36.673781,147.171197
loc6de6554b144b,Tawonga South,Gazetted Locality,VIC,-36.762527,147.13879
loc240b979fad0f,Taylor Bay,Gazetted Locality,VIC,-37.206428,145.888449
locc91f4a31a1bc,Taylors Hill,Gazetted Locality,VIC,-37.714865,144.753373
locf065e41cfac9,Taylors Lakes,Gazetted Locality,VIC,-37.696674,144.782264
locc98c206ba48a,Teal Point,Gazetted Locality,VIC,-35.682155,144.049147
loc438dbf96a52e,Tecoma,Gazetted Locality,VIC,-37.906833,145.343708
locbc413ed72915,Teddywaddy,Gazetted Locality,VIC,-36.194872,143.332114
locf090c6542dca,Teddywaddy West,Gazetted Locality,VIC,-36.188808,143.213648
loce208722da6de,Teesdale,Gazetted Locality,VIC,-38.024322,144.047569
loc8b5fb46310cd,Telangatuk East,Gazetted Locality,VIC,-37.120288,142.016111
loc4f3728f8eede,Telford,Gazetted Locality,VIC,-36.103904,145.95189
loc04def1c0ccbb,Telopea Downs,Gazetted Locality,VIC,-36.040588,141.107738
loc406d1f7b5fe3,Templestowe,Gazetted Locality,VIC,-37.756253,145.144369
loc5d01e4efc615,Templestowe Lower,Gazetted Locality,VIC,-37.76428,145.114326
loce73733941979,Tempy,Gazetted Locality,VIC,-35.288837,142.437127
loc4c0492501f3f,Tenby Point,Gazetted Locality,VIC,-38.41402,145.474756
loc75d84680b181,Tennyson,Gazetted Locality,VIC,-36.294636,144.376585
loce53fd4b5ef55,Terang,Gazetted Locality,VIC,-38.246193,142.87635
loc969b9d828d8a,Terip Terip,Gazetted Locality,VIC,-37.014978,145.542303
locbd5b1ebf0354,Terrappee,Gazetted Locality,VIC,-36.153202,143.576117
loc793e70bf8b55,Terrick Terrick,Gazetted Locality,VIC,-36.116578,144.257323
locd0290dd0bcb8,Terrick Terrick East,Gazetted Locality,VIC,-36.106049,144.390814
loccf14c50eb2c9,Tesbury,Gazetted Locality,VIC,-38.300184,143.157421
locb4e184e23000,Tetoora Road,Gazetted Locality,VIC,-38.280231,145.886485
loc4334bdd9d51b,Thalia,Gazetted Locality,VIC,-36.108075,143.084138
loc6500417cdbf5,Thalloo,Gazetted Locality,VIC,-38.083824,146.308224
loce47e16b2ae23,The Basin,Gazetted Locality,VIC,-37.855929,145.318695
loc80aa98eb2a93,The Cove,Gazetted Locality,VIC,-38.492604,142.69708
loc9c330bc374d9,The Gurdies,Gazetted Locality,VIC,-38.389763,145.568318
loce76eead3fa8b,The Heart,Gazetted Locality,VIC,-38.113764,147.185318
loc202f42adc35c,The Honeysuckles,Gazetted Locality,VIC,-38.336096,147.230988
locfb3b0109e597,The Patch,Gazetted Locality,VIC,-37.891118,145.401274
loc2a121e227b4e,The Sisters,Gazetted Locality,VIC,-38.187119,142.790289
loc3b19cd634107,Thologolong,Gazetted Locality,VIC,-35.989048,147.422949
loc8f565e81c655,Thomastown,Gazetted Locality,VIC,-37.683202,145.006734
loc1332dec9b76a,Thomson,Gazetted Locality,VIC,-37.763725,146.335907
loce0707ac065f9,Thomson,Gazetted Locality,VIC,-38.171763,144.380804
loc1d0134266998,Thoona,Gazetted Locality,VIC,-36.351183,146.069046
loc82b861dfb765,Thornbury,Gazetted Locality,VIC,-37.758414,145.004812
loc08859c84b2aa,Thornhill Park,Gazetted Locality,VIC,-37.725786,144.626084
locd4e6688eec1a,Thornton,Gazetted Locality,VIC,-37.272561,145.815541
loc7cfab6fabb8d,Thorpdale,Gazetted Locality,VIC,-38.303894,146.180787
loce97dcb0232f8,Thorpdale South,Gazetted Locality,VIC,-38.331865,146.142435
loc3dcfd1bf0f21,Thowgla Valley,Gazetted Locality,VIC,-36.272093,147.925314
loc047bec056954,Three Bridges,Gazetted Locality,VIC,-37.851956,145.680276
loc68f05449381c,Tidal River,Gazetted Locality,VIC,-39.031722,146.320518
loc77836800802e,Timbarra,Gazetted Locality,VIC,-37.49004,147.937097
locd66c17fc6c7d,Timboon,Gazetted Locality,VIC,-38.484302,142.963053
loc295a8be38b71,Timboon West,Gazetted Locality,VIC,-38.537243,142.923067
locfe4a1adfd013,Timmering,Gazetted Locality,VIC,-36.348692,144.881947
loc358591a93112,Timor,Gazetted Locality,VIC,-36.981658,143.728322
loc144a5cd7ea96,Timor West,Gazetted Locality,VIC,-36.957811,143.673048
loc02199e927f06,Tinamba,Gazetted Locality,VIC,-37.973988,146.883375
loc67ca10911a99,Tinamba West,Gazetted Locality,VIC,-37.922604,146.827341
locf696ab3aafac,Tintaldra,Gazetted Locality,VIC,-36.054086,147.921105
loc408de2763c24,Tittybong,Gazetted Locality,VIC,-35.755541,143.364092
loc7d6b24d7d761,Tol Tol,Gazetted Locality,VIC,-34.649563,142.819945
loc993c29e386e0,Tolmie,Gazetted Locality,VIC,-36.912001,146.303978
loc423c8982f88f,Tom Groggin,Gazetted Locality,VIC,-36.582796,148.101066
locabb788a18618,Tongala,Gazetted Locality,VIC,-36.247373,144.968367
loccf344091c98c,Tonghi Creek,Gazetted Locality,VIC,-37.602221,149.062393
loc29ab1b3e64ec,Tongio,Gazetted Locality,VIC,-37.168689,147.698817
loc6099461e881c,Tonimbuk,Gazetted Locality,VIC,-38.015028,145.722521
loc31d97c6c71e7,Tooan,Gazetted Locality,VIC,-36.813765,141.782155
loc83fcba1701d6,Tooborac,Gazetted Locality,VIC,-37.047586,144.803236
locd38191a1a288,Toolamba,Gazetted Locality,VIC,-36.496132,145.334217
locd50150f3ea55,Toolamba West,Gazetted Locality,VIC,-36.481844,145.268254
loc376ed9d2771c,Toolangi,Gazetted Locality,VIC,-37.518394,145.506217
locfd2b1f4a0ddc,Toolern Vale,Gazetted Locality,VIC,-37.598411,144.584056
locc2b1ccff24c4,Toolleen,Gazetted Locality,VIC,-36.716389,144.696768
loc7c0417df3e45,Toolome,Gazetted Locality,VIC,-37.619529,147.054167
loc290601d17637,Toolondo,Gazetted Locality,VIC,-37.013029,141.884305
loc9259ba2ec6ec,Toolong,Gazetted Locality,VIC,-38.313208,142.243425
loccc088aeafe35,Toombon,Gazetted Locality,VIC,-37.741465,146.449416
loc73a825174d07,Toongabbie,Gazetted Locality,VIC,-38.03543,146.57214
locbdad57a4fcd3,Toora,Gazetted Locality,VIC,-38.652784,146.304168
locb8143705a386,Toora North,Gazetted Locality,VIC,-38.607088,146.338043
loc03401076c33f,Tooradin,Gazetted Locality,VIC,-38.198929,145.385493
loc7e96c43cdd6c,Toorak,Gazetted Locality,VIC,-37.8411,145.018058
loc14e484fa2924,Toorloo Arm,Gazetted Locality,VIC,-37.794724,148.068237
locb2cfe1e7d05b,Toorongo,Gazetted Locality,VIC,-37.778941,146.083191
loca529180576a5,Tootgarook,Gazetted Locality,VIC,-38.377083,144.850236
locba5e689e47f8,Torquay,Gazetted Locality,VIC,-38.312535,144.326402
loccbf0d092f57d,Torrita,Gazetted Locality,VIC,-35.121278,141.930775
loc6c0f29d040f7,Torrumbarry,Gazetted Locality,VIC,-36.029857,144.519324
loc39c11a18ed29,Torwood,Gazetted Locality,VIC,-38.258303,145.873538
locc555de5b45cc,Tostaree,Gazetted Locality,VIC,-37.785501,148.202259
loc4291fa503e5c,Tottenham,Gazetted Locality,VIC,-37.805797,144.854036
loc88333aaf25e7,Tottington,Gazetted Locality,VIC,-36.766318,143.079438
loc7f535c0872f5,Tourello,Gazetted Locality,VIC,-37.353675,143.788054
loc454d8741bceb,Towan,Gazetted Locality,VIC,-35.147945,143.223565
loce38209a752a3,Towaninny,Gazetted Locality,VIC,-35.84425,143.365147
loc88e91e370f1a,Towaninny South,Gazetted Locality,VIC,-35.937851,143.334721
loc21c41120fa31,Tower Hill,Gazetted Locality,VIC,-38.330167,142.353514
loc1c5f2c23fc52,Towong,Gazetted Locality,VIC,-36.119546,147.956938
loccfacf870bf34,Towong Upper,Gazetted Locality,VIC,-36.209878,148.010316
loc5e975e2e1c0e,Trafalgar,Gazetted Locality,VIC,-38.161587,146.131572
loc09a44571c760,Trafalgar East,Gazetted Locality,VIC,-38.170498,146.18858
loce515c2e1a55e,Trafalgar South,Gazetted Locality,VIC,-38.244197,146.162633
loc0787c217a18e,Tragowel,Gazetted Locality,VIC,-35.842958,143.968545
loc8e5a2b16aaaa,Traralgon,Gazetted Locality,VIC,-38.202039,146.51978
loc8f498b475ec6,Traralgon East,Gazetted Locality,VIC,-38.189985,146.587025
locb0a03ed92a58,Traralgon South,Gazetted Locality,VIC,-38.286016,146.554251
locc40c10b3741d,Travancore,Gazetted Locality,VIC,-37.782023,144.936176
loc0556383a3fd9,Trawalla,Gazetted Locality,VIC,-37.446378,143.494426
loc84557fce7bd8,Trawool,Gazetted Locality,VIC,-37.130662,145.239148
loc01686b129937,Traynors Lagoon,Gazetted Locality,VIC,-36.576023,142.991731
locf0acc5d27c08,Tremont,Gazetted Locality,VIC,-37.878477,145.31477
loc62155f23f2c5,Trentham,Gazetted Locality,VIC,-37.384942,144.329813
loc8790df0d0aca,Trentham East,Gazetted Locality,VIC,-37.41502,144.404703
loce8c6e6380ad1,Tresco,Gazetted Locality,VIC,-35.499528,143.688201
loc711c97aaa179,Tresco West,Gazetted Locality,VIC,-35.505539,143.634527
locd98adb15580b,Trida,Gazetted Locality,VIC,-38.32142,145.971492
loc7a8cc16cce19,Truganina,Gazetted Locality,VIC,-37.802074,144.710766
locfc85980fff39,Tubbut,Gazetted Locality,VIC,-37.060617,148.591057
loce69259513060,Tuerong,Gazetted Locality,VIC,-38.297512,145.091281
locc22270f9d4ea,Tulkara,Gazetted Locality,VIC,-36.941797,143.046457
loc8fef59c1c585,Tullamarine,Gazetted Locality,VIC,-37.70303,144.87963
loc7991fa7175fe,Tungamah,Gazetted Locality,VIC,-36.163562,145.890917
loc48ca17577683,Turoar,Gazetted Locality,VIC,-35.180519,143.08527
loca0b247890d66,Turriff,Gazetted Locality,VIC,-35.457058,142.445685
loc90db46597d77,Turriff East,Gazetted Locality,VIC,-35.445641,142.581554
loc895e8c019b87,Turtons Creek,Gazetted Locality,VIC,-38.546185,146.233604
loc222c7bdefa35,Tutye,Gazetted Locality,VIC,-35.191799,141.487156
loc899c1d7a9cc2,Tyaak,Gazetted Locality,VIC,-37.220076,145.138942
loc85eb5f11b3d4,Tyabb,Gazetted Locality,VIC,-38.26623,145.189815
loc995f67e29bf4,Tyenna,Gazetted Locality,VIC,-35.32498,142.575981
loc82e1fbce0752,Tyers,Gazetted Locality,VIC,-38.141225,146.476343
loc399d9bd46679,Tylden,Gazetted Locality,VIC,-37.323166,144.410607
loc5a1724a82257,Tylden South,Gazetted Locality,VIC,-37.354183,144.373969
loca4ac31a7c768,Tynong,Gazetted Locality,VIC,-38.094263,145.622028
loc5060abf8fe2d,Tynong North,Gazetted Locality,VIC,-38.028587,145.637801
locc2bb46c0b790,Tyntynder,Gazetted Locality,VIC,-35.241429,143.540054
loc4ddd342eb849,Tyntynder South,Gazetted Locality,VIC,-35.271709,143.50437
locf54231d81f5e,Tyrendarra,Gazetted Locality,VIC,-38.207825,141.785224
loc66100ca987e8,Tyrendarra East,Gazetted Locality,VIC,-38.248662,141.893628
locf272f2c5c3ca,Tyrrell,Gazetted Locality,VIC,-35.432448,142.986892
locb53b57c7e457,Tyrrell Downs,Gazetted Locality,VIC,-35.325383,142.934436
locd09a0639a34a,Ullina,Gazetted Locality,VIC,-37.280713,143.891215
locbe2317b807c7,Ullswater,Gazetted Locality,VIC,-36.915584,141.415976
loc94fdc21035b3,Ultima,Gazetted Locality,VIC,-35.480493,143.266706
locc3c3ee587a70,Ultima East,Gazetted Locality,VIC,-35.430932,143.373091
loc40b783f77df7,Ulupna,Gazetted Locality,VIC,-35.831256,145.467354
loc3a4ef3a459d7,Undera,Gazetted Locality,VIC,-36.242151,145.213812
locd6579d3bfe2a,Underbool,Gazetted Locality,VIC,-35.137662,141.820734
loc90eb8cc4f52f,Upotipotpon,Gazetted Locality,VIC,-36.502921,145.796822
loc645cc36e078e,Upper Ferntree Gully,Gazetted Locality,VIC,-37.898965,145.310019
loc945b94d8a45a,Upper Gundowring,Gazetted Locality,VIC,-36.516573,147.08739
loccaa1dce5b720,Upper Lurg,Gazetted Locality,VIC,-36.58626,146.196649
loc991c414cb6c9,Upper Plenty,Gazetted Locality,VIC,-37.414952,145.061981
loc2726ee2dd40a,Upper Ryans Creek,Gazetted Locality,VIC,-36.671162,146.205345
loc8cd8a503d350,Upton Hill,Gazetted Locality,VIC,-36.893502,145.406754
loca860484b6389,Upwey,Gazetted Locality,VIC,-37.905098,145.325354
loc730a498664b9,Valencia Creek,Gazetted Locality,VIC,-37.773,146.999416
loc06c6ad3873db,Vasey,Gazetted Locality,VIC,-37.332314,141.886174
loc32e841d50c5c,Vaughan,Gazetted Locality,VIC,-37.1593,144.216209
loce306b2ffdb08,Vectis,Gazetted Locality,VIC,-36.712578,142.078787
locb10932f30a7d,Ventnor,Gazetted Locality,VIC,-38.492904,145.184292
loc4a6dd2077a69,Venus Bay,Gazetted Locality,VIC,-38.678542,145.793832
loc46b3ff1e6b9a,Vermont,Gazetted Locality,VIC,-37.838683,145.199644
loc137c40f435ae,Vermont South,Gazetted Locality,VIC,-37.855313,145.187718
loc5fa8eec49065,Vervale,Gazetted Locality,VIC,-38.138141,145.661636
loc8c710d361161,Vesper,Gazetted Locality,VIC,-37.87516,146.068941
loc548fff272180,Victoria Point,Gazetted Locality,VIC,-37.506614,142.222388
loc88d48b0638b6,Victoria Valley,Gazetted Locality,VIC,-37.522787,142.322004
loc0971566e0102,Viewbank,Gazetted Locality,VIC,-37.740646,145.091761
loc12c509263465,Vinifera,Gazetted Locality,VIC,-35.212186,143.392338
loc80fbbf051518,Violet Town,Gazetted Locality,VIC,-36.618875,145.710516
locfdd161c41b6f,Vite Vite,Gazetted Locality,VIC,-37.854641,143.155503
loc4718db79a2e2,Vite Vite North,Gazetted Locality,VIC,-37.792086,143.186387
loc397dbf1377ad,W Tree,Gazetted Locality,VIC,-37.329683,148.300178
loc98cc44b0b5bd,Waaia,Gazetted Locality,VIC,-36.046128,145.310746
loc6f9394596483,Waanyarra,Gazetted Locality,VIC,-36.82113,143.813738
loca1d72afa3973,Waarre,Gazetted Locality,VIC,-38.575315,143.046119
locced14f419065,Wabonga,Gazetted Locality,VIC,-37.073107,146.593495
loc4900626caaca,Waggarandall,Gazetted Locality,VIC,-36.249164,145.782152
locb9d8a676ccaa,Wahgunyah,Gazetted Locality,VIC,-36.002823,146.425565
loc6b57f730f7be,Wahring,Gazetted Locality,VIC,-36.695228,145.259091
loc6817482044a9,Wail,Gazetted Locality,VIC,-36.534661,142.094054
loc765412c3b33c,Wairewa,Gazetted Locality,VIC,-37.6951,148.162948
loc4ddefd6ecc39,Waitchie,Gazetted Locality,VIC,-35.395981,143.084084
loc3a49029ff679,Wal Wal,Gazetted Locality,VIC,-36.808708,142.595474
loc6881ad99ba61,Waldara,Gazetted Locality,VIC,-36.319646,146.284388
loc2beceab2877e,Walhalla,Gazetted Locality,VIC,-37.938362,146.470352
locc7d5ca12736f,Walhalla East,Gazetted Locality,VIC,-37.934442,146.579756
loca78ea13fe934,Walkerville,Gazetted Locality,VIC,-38.809666,145.99242
loc512e2a051f28,Walkerville North,Gazetted Locality,VIC,-38.843654,145.998391
locd0d2c6ee352b,Walkerville South,Gazetted Locality,VIC,-38.860484,145.996141
loc3673e6bf7496,Wallace,Gazetted Locality,VIC,-37.561623,144.055848
locdbfc682106fa,Wallacedale,Gazetted Locality,VIC,-37.926423,141.812704
loc8077867c0f2b,Wallagaraugh,Gazetted Locality,VIC,-37.435572,149.744992
loc01fcd5e2fb04,Wallaloo,Gazetted Locality,VIC,-36.756096,142.87215
loc376472d972d4,Wallaloo East,Gazetted Locality,VIC,-36.806984,142.926413
locc605118e951a,Wallan,Gazetted Locality,VIC,-37.407263,144.961864
locb75a4dc6e49c,Wallinduc,Gazetted Locality,VIC,-37.873138,143.524037
locf5e258559e72,Wallington,Gazetted Locality,VIC,-38.228515,144.507039
loc827dcfe3d6ac,Wallup,Gazetted Locality,VIC,-36.359987,142.254996
loc532c3dac4248,Walmer,Gazetted Locality,VIC,-36.977238,144.170598
loc800ba8938201,Walpa,Gazetted Locality,VIC,-37.791551,147.385704
loc414fa97a2fe7,Walpeup,Gazetted Locality,VIC,-35.109639,142.044257
loce661a13ec65f,Walwa,Gazetted Locality,VIC,-35.995241,147.727702
locc4098658e153,Wanalta,Gazetted Locality,VIC,-36.595386,144.908677
locfd497c8434da,Wandana Heights,Gazetted Locality,VIC,-38.177189,144.299038
loc1a53a1d670c3,Wandella,Gazetted Locality,VIC,-35.738204,143.827637
locf78355cadd31,Wandiligong,Gazetted Locality,VIC,-36.807418,146.967241
loc2424df148d7d,Wandin East,Gazetted Locality,VIC,-37.813096,145.455416
loc5ca016a59345,Wandin North,Gazetted Locality,VIC,-37.779911,145.426732
loc237929aff20d,Wando Bridge,Gazetted Locality,VIC,-37.442442,141.423273
loc0fdc726d4605,Wando Vale,Gazetted Locality,VIC,-37.487872,141.491341
loce8e8e9e3c9b6,Wandong,Gazetted Locality,VIC,-37.353108,145.035662
loc716dc99be4b9,Wandown,Gazetted Locality,VIC,-34.820767,142.938186
loc91986fb3c2b4,Wangandary,Gazetted Locality,VIC,-36.328198,146.227683
loce07bf29d8134,Wangarabell,Gazetted Locality,VIC,-37.39672,149.481595
loc5c7c3d320a8a,Wangaratta,Gazetted Locality,VIC,-36.365366,146.312124
loc94865d03eaac,Wangaratta South,Gazetted Locality,VIC,-36.398026,146.250799
loc6c2a8b84c086,Wangie,Gazetted Locality,VIC,-35.689669,143.274956
locd3d0aa4dde7c,Wangoom,Gazetted Locality,VIC,-38.330289,142.581091
loc3d31bdfdbf2e,Wannon,Gazetted Locality,VIC,-37.660109,141.830762
loc4a341f4d3e02,Wantirna,Gazetted Locality,VIC,-37.853425,145.225051
loc37efd432abe4,Wantirna South,Gazetted Locality,VIC,-37.870618,145.221042
locbe8d8a37fe79,Waranga,Gazetted Locality,VIC,-36.49173,145.068353
locb9139a4f40dc,Waranga Shores,Gazetted Locality,VIC,-36.548629,145.090876
loc23a90c7a773f,Waratah Bay,Gazetted Locality,VIC,-38.798308,146.059801
locac65b599176b,Warburton,Gazetted Locality,VIC,-37.734681,145.696934
loc6c0189b66bc9,Wareek,Gazetted Locality,VIC,-36.990308,143.617178
loc5f8a77d54615,Wargan,Gazetted Locality,VIC,-34.184448,141.846923
loc65790c5e3753,Warmur,Gazetted Locality,VIC,-36.090972,142.74675
locc17191828a92,Warncoort,Gazetted Locality,VIC,-38.315255,143.717326
loca92dd94466a5,Warne,Gazetted Locality,VIC,-35.792254,143.110908
loc9b28917d6a46,Warneet,Gazetted Locality,VIC,-38.228854,145.321961
loca51f813c1aed,Warrabkook,Gazetted Locality,VIC,-37.984163,142.061734
loca6ef5b7f5516,Warracknabeal,Gazetted Locality,VIC,-36.235347,142.436238
locd724f9a08a75,Warragul,Gazetted Locality,VIC,-38.150445,145.930291
locb967fc3f46bc,Warragul South,Gazetted Locality,VIC,-38.215902,145.921993
loc1bc3a79f96ad,Warragul West,Gazetted Locality,VIC,-38.171176,145.882184
loc81dc449ffeff,Warrak,Gazetted Locality,VIC,-37.287591,143.112994
loc8b861551a212,Warrandyte,Gazetted Locality,VIC,-37.751051,145.211189
locba769f27c374,Warrandyte South,Gazetted Locality,VIC,-37.760217,145.246153
locae68612e5fe1,Warranwood,Gazetted Locality,VIC,-37.773099,145.250643
locfb4fecb6d85f,Warrayure,Gazetted Locality,VIC,-37.717998,142.171952
loca0ff70132823,Warrenbayne,Gazetted Locality,VIC,-36.707109,145.892507
locc59cbf97a08e,Warrenheip,Gazetted Locality,VIC,-37.577417,143.925268
loc43922399fa8c,Warrenmang,Gazetted Locality,VIC,-37.070847,143.297824
loc746a67ecc804,Warrion,Gazetted Locality,VIC,-38.230268,143.5558
loc1f73672977ce,Warrnambool,Gazetted Locality,VIC,-38.369839,142.496726
loc75a7e2ef9542,Warrock,Gazetted Locality,VIC,-37.43042,141.283718
loc35c2e976b518,Warrong,Gazetted Locality,VIC,-38.196138,142.311422
loc1e67e642330c,Wartook,Gazetted Locality,VIC,-37.003517,142.401291
locd885a5e43cae,Watchem,Gazetted Locality,VIC,-36.149494,142.874652
loc481dff691165,Watchem West,Gazetted Locality,VIC,-36.188215,142.733605
loc55eebbb04d19,Watchupga,Gazetted Locality,VIC,-35.773931,142.690668
locc2de29a7bc29,Waterford Park,Gazetted Locality,VIC,-37.300484,145.066373
locbb0182f35d3e,Waterholes,Gazetted Locality,VIC,-37.646777,147.694923
loc818f6f5911fd,Waterloo,Gazetted Locality,VIC,-37.364162,143.434929
loc6abb7485886c,Waterways,Gazetted Locality,VIC,-38.015674,145.129741
loc06cc48b309e5,Watsonia,Gazetted Locality,VIC,-37.709923,145.082005
locd8a8ad3be01a,Watsonia North,Gazetted Locality,VIC,-37.695405,145.086498
loc2703037928d0,Watsons Creek,Gazetted Locality,VIC,-37.663732,145.261019
locd684c5f8fccd,Wattle Bank,Gazetted Locality,VIC,-38.575915,145.706348
loc4b1ef13fcd99,Wattle Creek,Gazetted Locality,VIC,-36.962182,143.09148
loc279abd7a1458,Wattle Flat,Gazetted Locality,VIC,-37.480794,143.946012
loc5cf81f7c879c,Wattle Glen,Gazetted Locality,VIC,-37.670026,145.187669
loc95b9be0d5003,Wattle Hill,Gazetted Locality,VIC,-38.754339,143.254759
loccd444edbe5d2,Waubra,Gazetted Locality,VIC,-37.335344,143.631788
loc830fece5a42c,Waurn Ponds,Gazetted Locality,VIC,-38.204383,144.279812
loc0e6385dcd0fd,Waygara,Gazetted Locality,VIC,-37.766411,148.318487
loc80b37b4e5c02,Weatherboard,Gazetted Locality,VIC,-37.434542,143.67156
loc4d0105f273bd,Wedderburn,Gazetted Locality,VIC,-36.423961,143.592949
loc78542407f81d,Wedderburn Junction,Gazetted Locality,VIC,-36.431006,143.699936
loc461f48ed43e3,Wee Wee Rup,Gazetted Locality,VIC,-35.86136,144.291797
loc4ea040922166,Weeaproinah,Gazetted Locality,VIC,-38.631642,143.493437
loce97b4080f03d,Weering,Gazetted Locality,VIC,-38.091747,143.70269
locf76719032a59,Weerite,Gazetted Locality,VIC,-38.220572,143.263219
loc8cda2424fe34,Wehla,Gazetted Locality,VIC,-36.610848,143.621107
locbeeb46e9ccb4,Weir Views,Gazetted Locality,VIC,-37.73178,144.571625
locf58dcfe36263,Wellsford,Gazetted Locality,VIC,-36.71816,144.364023
loce36428dd6505,Welshmans Reef,Gazetted Locality,VIC,-37.065617,144.046388
loc2e940b97b44a,Welshpool,Gazetted Locality,VIC,-38.668048,146.435869
loc2943de9d0bc4,Wemen,Gazetted Locality,VIC,-34.80429,142.662193
locf293eac14028,Wendouree,Gazetted Locality,VIC,-37.530972,143.826671
locb1b779e38917,Wensleydale,Gazetted Locality,VIC,-38.373695,144.05182
loce59490b9817d,Wentworth,Gazetted Locality,VIC,-37.301035,147.496155
locb8f1a0692f07,Werneth,Gazetted Locality,VIC,-37.936939,143.601358
locfe1f3820a762,Werona,Gazetted Locality,VIC,-37.238359,144.021764
loc29a798d6921b,Werribee,Gazetted Locality,VIC,-37.907959,144.641688
loc620b77ab764b,Werribee South,Gazetted Locality,VIC,-37.935513,144.70231
loc0d610362fa92,Werrimull,Gazetted Locality,VIC,-34.414081,141.562337
loc71a7f701b292,Wesburn,Gazetted Locality,VIC,-37.767733,145.636577
loc1acb177d8c03,West Bendigo,Gazetted Locality,VIC,-36.751493,144.245565
loc6c5d7b519796,West Creek,Gazetted Locality,VIC,-38.554832,145.609601
loca818c5eaa373,West Footscray,Gazetted Locality,VIC,-37.8016,144.871959
loc0b8afd71fce1,West Melbourne,Gazetted Locality,VIC,-37.810775,144.920366
loc3832b905a97e,West Wodonga,Gazetted Locality,VIC,-36.100746,146.828656
loc9a28bfe6d6b3,Westbury,Gazetted Locality,VIC,-38.144223,146.223014
loc78e7b14fd31c,Westby,Gazetted Locality,VIC,-35.638443,143.969624
locee4a8f85818e,Westmeadows,Gazetted Locality,VIC,-37.676071,144.888093
loc7da120d7ec1e,Westmere,Gazetted Locality,VIC,-37.681007,142.96222
locc1bb7d93ff15,Whanregarwen,Gazetted Locality,VIC,-37.221998,145.621647
loc620b432a2035,Wharparilla,Gazetted Locality,VIC,-36.079935,144.6396
loc65527c90c759,Wheatsheaf,Gazetted Locality,VIC,-37.337249,144.242798
locb8f595af5fb8,Wheelers Hill,Gazetted Locality,VIC,-37.907264,145.182892
loc01f59701d602,Whipstick,Gazetted Locality,VIC,-36.653526,144.265829
locfd2e45b6dfad,Whirily,Gazetted Locality,VIC,-35.923012,142.988507
locb2d0013fa2c6,White Hills,Gazetted Locality,VIC,-36.727678,144.302815
loce72076b525b5,Whiteheads Creek,Gazetted Locality,VIC,-37.051648,145.258552
locd17262cd91b9,Whitelaw,Gazetted Locality,VIC,-38.43784,145.773054
loc820becd233d8,Whitfield,Gazetted Locality,VIC,-36.751598,146.418271
locb0d28d295d01,Whitlands,Gazetted Locality,VIC,-36.812773,146.373697
locc63a6c94740e,Whittington,Gazetted Locality,VIC,-38.176922,144.392419
loc69e74375b841,Whittlesea,Gazetted Locality,VIC,-37.467359,145.120433
loc09eeac390ccf,Whoorel,Gazetted Locality,VIC,-38.371201,143.833356
loc0879ced62e91,Whorouly,Gazetted Locality,VIC,-36.518932,146.585612
loce4e25564822a,Whorouly East,Gazetted Locality,VIC,-36.543649,146.634013
locb399782f01fa,Whorouly South,Gazetted Locality,VIC,-36.592454,146.597315
loc33485da56335,Whroo,Gazetted Locality,VIC,-36.682747,145.0503
locfd09f98e40b6,Wickliffe,Gazetted Locality,VIC,-37.705635,142.720644
loc641811797b3d,Wilby,Gazetted Locality,VIC,-36.141576,146.025983
locb16ff3501131,Wild Dog Valley,Gazetted Locality,VIC,-38.369359,145.944669
locf8f89a6f16d1,Wildwood,Gazetted Locality,VIC,-37.564744,144.801551
loc784b807fcd6f,Wilkur,Gazetted Locality,VIC,-36.084158,142.642595
loc02c44cfe1198,Willangie,Gazetted Locality,VIC,-35.724631,142.817904
locdfba3021aa24,Willatook,Gazetted Locality,VIC,-38.151477,142.226886
loc3f8fa8923f38,Willaura,Gazetted Locality,VIC,-37.521031,142.721566
loc6cfb66f3b5fd,Willaura North,Gazetted Locality,VIC,-37.388125,142.747902
loc494b306ea053,Willenabrina,Gazetted Locality,VIC,-36.051473,142.22589
locf5fef268f8cd,Williams Landing,Gazetted Locality,VIC,-37.863061,144.744431
loc8c9f2867857c,Williamstown,Gazetted Locality,VIC,-37.861135,144.888468
loc01c2784fcea2,Williamstown North,Gazetted Locality,VIC,-37.853202,144.868597
loc1ce48a403c33,Willow Grove,Gazetted Locality,VIC,-38.077721,146.164139
loc8ce71441c12b,Willowmavin,Gazetted Locality,VIC,-37.248857,144.876752
loc9ff202bf0a89,Willowvale,Gazetted Locality,VIC,-37.840299,143.463814
loc0ebfc8800c47,Willung,Gazetted Locality,VIC,-38.265507,146.843299
loc72cc344337ec,Willung South,Gazetted Locality,VIC,-38.322948,146.836548
loc08d8263cd319,Wilsons Hill,Gazetted Locality,VIC,-36.730709,144.089092
locbf06a366c795,Wilsons Promontory,Gazetted Locality,VIC,-38.956688,146.351484
loc2cfea8e3bf63,Wimbledon Heights,Gazetted Locality,VIC,-38.480296,145.234579
locf2d2a267a354,Winchelsea,Gazetted Locality,VIC,-38.233466,143.967001
loc362a83851d1d,Winchelsea South,Gazetted Locality,VIC,-38.323245,143.982613
locf32072e62820,Windermere,Gazetted Locality,VIC,-37.485085,143.715749
loc77c523d8c2ba,Windsor,Gazetted Locality,VIC,-37.854722,144.992816
loc33a448fd0835,Wingan River,Gazetted Locality,VIC,-37.629583,149.527763
loc2b04944d4c19,Wingeel,Gazetted Locality,VIC,-38.078298,143.805572
loc34d63a89d971,Winjallok,Gazetted Locality,VIC,-36.840247,143.191638
locbfec2ae22e2b,Winlaton,Gazetted Locality,VIC,-35.482326,143.750496
loc00ea79a8a5f6,Winnambool,Gazetted Locality,VIC,-34.957054,142.76891
loc4a8c20883fcd,Winnap,Gazetted Locality,VIC,-37.906816,141.394256
locd4953d67261c,Winnindoo,Gazetted Locality,VIC,-38.074752,146.755995
loc732dd6bb3c45,Winslow,Gazetted Locality,VIC,-38.238085,142.460672
loc6a54ce63b777,Winter Valley,Gazetted Locality,VIC,-37.579389,143.794599
loc04e53eaf32eb,Winton,Gazetted Locality,VIC,-36.519779,146.09311
loc4adf369ac573,Winton North,Gazetted Locality,VIC,-36.455626,146.092852
locda196d84ea1f,Wirrate,Gazetted Locality,VIC,-36.767892,144.980222
loc20709aae5fdc,Wiseleigh,Gazetted Locality,VIC,-37.710117,147.786613
locdf0288b649a4,Wodonga,Gazetted Locality,VIC,-36.125974,146.893287
loc6d7f0d49a3d6,Wollert,Gazetted Locality,VIC,-37.590941,145.011091
loc02cbee2b57e4,Wombat Creek,Gazetted Locality,VIC,-37.767166,148.253014
locd7c86bba3988,Wombelano,Gazetted Locality,VIC,-37.020669,141.561707
locbebc215361bd,Won Wron,Gazetted Locality,VIC,-38.466002,146.737145
loc66419f2a0637,Wonga,Gazetted Locality,VIC,-38.601287,146.252534
loc08c532fb125f,Wonga Park,Gazetted Locality,VIC,-37.735373,145.265019
loccd57e2418ace,Wongarra,Gazetted Locality,VIC,-38.674812,143.798598
loc43d2a5c03bbc,Wongungarra,Gazetted Locality,VIC,-37.254323,147.051575
locda6cf5102c8b,Wonnangatta,Gazetted Locality,VIC,-37.13136,146.78197
loc3e1dd0bfd942,Wonthaggi,Gazetted Locality,VIC,-38.619558,145.588299
locc05cd9268dc2,Wonwondah,Gazetted Locality,VIC,-36.886492,142.182579
loc063f0529b60f,Wonyip,Gazetted Locality,VIC,-38.545301,146.3826
loc3c5cdec48288,Wood Wood,Gazetted Locality,VIC,-35.099808,143.328248
locc1a0d959fb46,Woodend,Gazetted Locality,VIC,-37.369156,144.530905
loc21c629eb2c17,Woodend North,Gazetted Locality,VIC,-37.323437,144.52639
loc4164ee863f21,Woodfield,Gazetted Locality,VIC,-37.057685,145.787457
loc6db1a4fe1633,Woodford,Gazetted Locality,VIC,-38.315337,142.482708
loc25b0dc6303b6,Woodglen,Gazetted Locality,VIC,-37.773891,147.384802
loccdb7227b165d,Woodhouse,Gazetted Locality,VIC,-37.807824,142.422823
loca3db4b930e3e,Woodleigh,Gazetted Locality,VIC,-38.391164,145.620364
loc7d6ff2a5c8c5,Woods Point,Gazetted Locality,VIC,-37.560316,146.342484
loc9b37b25e6382,Woodside,Gazetted Locality,VIC,-38.537767,146.89941
loc4726ffb24459,Woodside Beach,Gazetted Locality,VIC,-38.545852,146.977566
locd9b1f77baf8a,Woodside North,Gazetted Locality,VIC,-38.42331,146.823836
loc0fd97b838ab9,Woodstock,Gazetted Locality,VIC,-37.546033,145.054377
locc45e6106affb,Woodstock West,Gazetted Locality,VIC,-36.820232,143.994488
loc2286a8725de5,Woodstock on Loddon,Gazetted Locality,VIC,-36.751499,144.000908
loc3339dbca3055,Woodvale,Gazetted Locality,VIC,-36.661203,144.186602
loc21f51185e602,Wool Wool,Gazetted Locality,VIC,-38.217883,143.412712
loc049209d99b8b,Woolamai,Gazetted Locality,VIC,-38.507907,145.515182
loc29652d00f278,Woolenook,Gazetted Locality,VIC,-37.690986,147.04046
loc60dc2c4e9f79,Woolshed Flat,Gazetted Locality,VIC,-36.330549,143.6591
loc4e2c092b0284,Woolsthorpe,Gazetted Locality,VIC,-38.15215,142.456125
locebf447750aab,Woomelang,Gazetted Locality,VIC,-35.675042,142.625214
loc2893e1ad73e3,Wooragee,Gazetted Locality,VIC,-36.291271,146.74338
loc7c69c562afac,Woorarra East,Gazetted Locality,VIC,-38.60496,146.38205
loc91b19da71b61,Woorarra West,Gazetted Locality,VIC,-38.593987,146.221712
locd2283486bfaa,Wooreen,Gazetted Locality,VIC,-38.406758,146.020399
loc4131e469737e,Woori Yallock,Gazetted Locality,VIC,-37.779552,145.530559
loc16f721192ac6,Woorinen,Gazetted Locality,VIC,-35.26372,143.467445
loca3eb6f3c4d38,Woorinen North,Gazetted Locality,VIC,-35.237842,143.432614
loc8ba36309839a,Woorinen South,Gazetted Locality,VIC,-35.288529,143.455054
loc7c21a5e6c36c,Woorndoo,Gazetted Locality,VIC,-37.883101,142.804309
locde621e15ebf8,Wooroonook,Gazetted Locality,VIC,-36.266631,143.213625
loc4f860d3757eb,Woosang,Gazetted Locality,VIC,-36.327416,143.449072
loca98457a4f7e9,Wootong Vale,Gazetted Locality,VIC,-37.518863,141.73326
locfe199f86e85d,Worrowing,Gazetted Locality,VIC,-37.671655,146.742452
loc4b848e950599,Wrathung,Gazetted Locality,VIC,-37.598656,146.949536
locdc9508ea81df,Wrixon,Gazetted Locality,VIC,-37.680682,146.851646
locabbc6518521a,Wroxham,Gazetted Locality,VIC,-37.329985,149.482422
locdc6c5548aba7,Wuk Wuk,Gazetted Locality,VIC,-37.748373,147.418985
loc3368b18051af,Wulgulmerang,Gazetted Locality,VIC,-37.027984,148.302138
loc5ed8e3c02bc8,Wulgulmerang East,Gazetted Locality,VIC,-37.100394,148.30813
locc0f67eb81d73,Wulgulmerang West,Gazetted Locality,VIC,-37.237047,148.073911
loc8cc91ff2d385,Wunghnu,Gazetted Locality,VIC,-36.166167,145.422209
loc6583132c3a24,Wurdiboluc,Gazetted Locality,VIC,-38.288311,144.054628
loc245b9b3ede1b,Wurruk,Gazetted Locality,VIC,-38.112833,147.023368
loccb4e3657c256,Wy Yung,Gazetted Locality,VIC,-37.790142,147.613208
loc5300bfb30d9b,Wycheproof,Gazetted Locality,VIC,-36.067825,143.230728
loc09b3f593993b,Wycheproof South,Gazetted Locality,VIC,-36.140402,143.18553
loc24f7f3fc9aff,Wychitella,Gazetted Locality,VIC,-36.2663,143.625424
locdfbfa2d8a5cd,Wychitella North,Gazetted Locality,VIC,-36.197198,143.637417
loc368b402bd5b4,Wye River,Gazetted Locality,VIC,-38.630383,143.856108
locffacfe0fbc5c,Wyelangta,Gazetted Locality,VIC,-38.651858,143.456064
loceac5d85ea01d,Wyndham Vale,Gazetted Locality,VIC,-37.858901,144.608511
locfadf7b35dabf,Wyuna,Gazetted Locality,VIC,-36.209317,145.068752
loc034408f7b756,Wyuna East,Gazetted Locality,VIC,-36.232852,145.090754
locf1472d851d73,Yaapeet,Gazetted Locality,VIC,-35.687855,142.064434
locc0430ef1f3cb,Yabba North,Gazetted Locality,VIC,-36.23421,145.681587
loc0cddfe13fa6e,Yabba South,Gazetted Locality,VIC,-36.281102,145.681613
loca257d5c3eb6a,Yackandandah,Gazetted Locality,VIC,-36.330364,146.851958
loc56d3cf67602d,Yalca,Gazetted Locality,VIC,-35.919799,145.290925
locd095f4ae676c,Yalla-Y-Poora,Gazetted Locality,VIC,-37.52843,143.12668
loc592da3db1b47,Yallambie,Gazetted Locality,VIC,-37.726822,145.093334
loc6f4bb38bc95b,Yallourn,Gazetted Locality,VIC,-38.192871,146.342156
loccb651f0e1d39,Yallourn North,Gazetted Locality,VIC,-38.12893,146.37948
loca82526abf94a,Yalmy,Gazetted Locality,VIC,-37.415438,148.411395
loce249e8840a50,Yambuk,Gazetted Locality,VIC,-38.322786,142.079801
loc422767bd1592,Yambuna,Gazetted Locality,VIC,-36.152768,144.973023
loca39b21782ed2,Yan Yean,Gazetted Locality,VIC,-37.550697,145.132144
loc638c19712eec,Yanac,Gazetted Locality,VIC,-36.09634,141.433471
loc234bc0c72237,Yanakie,Gazetted Locality,VIC,-38.80211,146.195306
loca91f8f1fde06,Yando,Gazetted Locality,VIC,-36.073238,143.815484
loc0215de94ef9e,Yandoit,Gazetted Locality,VIC,-37.199866,144.105247
loc7a52f14324d4,Yandoit Hills,Gazetted Locality,VIC,-37.212993,144.053661
loc8b0cbde7b1f2,Yangery,Gazetted Locality,VIC,-38.319249,142.440714
loc6dd21e9ec5d6,Yangoura,Gazetted Locality,VIC,-37.800265,146.577129
loc25b61434a895,Yannathan,Gazetted Locality,VIC,-38.222832,145.650308
loc2f588e99f013,Yapeen,Gazetted Locality,VIC,-37.115289,144.166191
loc66d1138b07a6,Yarck,Gazetted Locality,VIC,-37.090135,145.610428
locbf2b916f06c5,Yarpturk,Gazetted Locality,VIC,-38.281457,142.429423
loc610e6e8cd167,Yarra Glen,Gazetted Locality,VIC,-37.649965,145.382382
locd89d6cb7e460,Yarra Junction,Gazetted Locality,VIC,-37.796415,145.626822
loc6bccc728f0db,Yarraberb,Gazetted Locality,VIC,-36.564894,144.072064
loce5e36539b5f6,Yarragon,Gazetted Locality,VIC,-38.186373,146.085922
locfcabeab829f5,Yarragon South,Gazetted Locality,VIC,-38.257082,146.058603
loc6474648a8c40,Yarram,Gazetted Locality,VIC,-38.561854,146.714698
loc65bfa3da7f89,Yarrambat,Gazetted Locality,VIC,-37.637891,145.136419
loc1e3ac2d49583,Yarraville,Gazetted Locality,VIC,-37.818015,144.882665
locdf97dd5cce96,Yarrawalla,Gazetted Locality,VIC,-36.158356,144.010828
locb0a9c63101c7,Yarrawonga,Gazetted Locality,VIC,-36.033949,145.99914
loc46fc52688371,Yarrawonga South,Gazetted Locality,VIC,-36.080903,146.026737
loc6b5439b79560,Yarroweyah,Gazetted Locality,VIC,-35.942367,145.566657
loc24c3b5111572,Yatchaw,Gazetted Locality,VIC,-37.839881,142.137205
loc141505be84e0,Yawong Hills,Gazetted Locality,VIC,-36.469092,143.387088
locde4077dc8c5f,Yea,Gazetted Locality,VIC,-37.277955,145.40895
loca4213937b191,Yellingbo,Gazetted Locality,VIC,-37.848697,145.521567
loc54237c4302db,Yelta,Gazetted Locality,VIC,-34.123766,141.98957
loca2353aa8d646,Yendon,Gazetted Locality,VIC,-37.6449,143.97689
loc80a8f666d8cd,Yeo,Gazetted Locality,VIC,-38.369916,143.647319
locad04a9df5652,Yeodene,Gazetted Locality,VIC,-38.395416,143.703893
loc6751854c9968,Yering,Gazetted Locality,VIC,-37.684023,145.368429
locd5fc35fede75,Yeungroon,Gazetted Locality,VIC,-36.401968,143.348876
loc94e5e49b065d,Yeungroon East,Gazetted Locality,VIC,-36.359549,143.433946
loc569d56d1226e,Yielima,Gazetted Locality,VIC,-35.90671,145.181741
loc4c759768d65b,Yinnar,Gazetted Locality,VIC,-38.334824,146.301287
loc155f02d35a32,Yinnar South,Gazetted Locality,VIC,-38.370525,146.356141
loc2a17114ac12a,York Plains,Gazetted Locality,VIC,-36.591367,142.916739
loc6b8f4e459689,Youanmite,Gazetted Locality,VIC,-36.163918,145.687654
locab53de5acc60,Youarang,Gazetted Locality,VIC,-36.151208,145.766139
loc1895ded7c994,Yulecart,Gazetted Locality,VIC,-37.754645,141.908246
loc81a970cc91ee,Yundool,Gazetted Locality,VIC,-36.276875,145.820579
loc974441b38fa0,Yuroke,Gazetted Locality,VIC,-37.581563,144.860645
locffa8d48503ab,Yuulong,Gazetted Locality,VIC,-38.722613,143.307623
locadbdb687a089,Zeerust,Gazetted Locality,VIC,-36.274533,145.400168
locf9eae74772b7,Zumsteins,Gazetted Locality,VIC,-37.113275,142.376033
